{
  "type": "FeatureCollection",
  "features": [
    {
      "type": "Feature",
      "properties": {
        "sourceLayer": "TPX_FRAME_PROJECT",
        "sourceEntityType": "LWPOLYLINE",
        "sourceHandle": "232",
        "contextKind": "other",
        "sourceSceneVersionId": "scv-b67f98b3-a52e-4ff8-b837-45864ccd9201",
        "provenance": "topoexport_dxf_2d"
      },
      "geometry": {
        "type": "Polygon",
        "coordinates": [
          [
            [
              110.4334625746203,
              -6.961804850155456
            ],
            [
              110.43652549640056,
              -6.961804850155456
            ],
            [
              110.43652549640056,
              -6.957988844921571
            ],
            [
              110.4334625746203,
              -6.957988844921571
            ],
            [
              110.4334625746203,
              -6.961804850155456
            ]
          ]
        ]
      }
    },
    {
      "type": "Feature",
      "properties": {
        "sourceLayer": "TPX_WATERWAYS",
        "sourceEntityType": "LWPOLYLINE",
        "sourceHandle": "239",
        "contextKind": "waterway",
        "sourceSceneVersionId": "scv-b67f98b3-a52e-4ff8-b837-45864ccd9201",
        "provenance": "topoexport_dxf_2d"
      },
      "geometry": {
        "type": "Polygon",
        "coordinates": [
          [
            [
              110.43346257462257,
              -6.95798884492234
            ],
            [
              110.43346257462257,
              -6.958740116069117
            ],
            [
              110.4351154195901,
              -6.958151192751216
            ],
            [
              110.4350983339122,
              -6.958075638177641
            ],
            [
              110.43546215908015,
              -6.95798884492234
            ],
            [
              110.43346257462257,
              -6.95798884492234
            ]
          ]
        ]
      }
    },
    {
      "type": "Feature",
      "properties": {
        "sourceLayer": "TPX_ROADS_CONTOURS",
        "sourceEntityType": "LWPOLYLINE",
        "sourceHandle": "2E4",
        "contextKind": "road_surface",
        "sourceSceneVersionId": "scv-b67f98b3-a52e-4ff8-b837-45864ccd9201",
        "provenance": "topoexport_dxf_2d"
      },
      "geometry": {
        "type": "Polygon",
        "coordinates": [
          [
            [
              110.43346257461984,
              -6.960947015221163
            ],
            [
              110.43346257461984,
              -6.960974129847396
            ],
            [
              110.43346642434413,
              -6.960975103761163
            ],
            [
              110.43348791814583,
              -6.960975376169167
            ],
            [
              110.43349192794608,
              -6.9609748279349395
            ],
            [
              110.43363542186002,
              -6.9609328618787325
            ],
            [
              110.4336756586598,
              -6.961067735346034
            ],
            [
              110.43368912716909,
              -6.961160598928545
            ],
            [
              110.43369581341605,
              -6.961201167096273
            ],
            [
              110.43370330409056,
              -6.961241731927168
            ],
            [
              110.43371155210407,
              -6.961284132611106
            ],
            [
              110.43356388730847,
              -6.9613589607833255
            ],
            [
              110.43355822489602,
              -6.961364361610947
            ],
            [
              110.4335454559741,
              -6.961386920112106
            ],
            [
              110.43354374449693,
              -6.961394395194217
            ],
            [
              110.43354578133889,
              -6.961425476769781
            ],
            [
              110.43354652073921,
              -6.961429070220945
            ],
            [
              110.43364943962901,
              -6.9617197274030165
            ],
            [
              110.43365212697184,
              -6.9617242408946
            ],
            [
              110.43367294846745,
              -6.961747355383087
            ],
            [
              110.43367526008166,
              -6.961749396530547
            ],
            [
              110.43370977856861,
              -6.961773487862703
            ],
            [
              110.4337166030432,
              -6.961775904380212
            ],
            [
              110.4337531950392,
              -6.961778542315162
            ],
            [
              110.43375787724477,
              -6.961778067833919
            ],
            [
              110.43380044982011,
              -6.961766100125063
            ],
            [
              110.43380461732723,
              -6.961764116920256
            ],
            [
              110.43390585733329,
              -6.961692661231526
            ],
            [
              110.43395513415037,
              -6.961804850156226
            ],
            [
              110.43398248658107,
              -6.961804850156226
            ],
            [
              110.4339823865007,
              -6.9617994648904915
            ],
            [
              110.43392957047085,
              -6.961679218205979
            ],
            [
              110.43398508846808,
              -6.961656187116875
            ],
            [
              110.43407917439283,
              -6.961650346881156
            ],
            [
              110.43416840386462,
              -6.961664428650894
            ],
            [
              110.43429602853985,
              -6.961693960522829
            ],
            [
              110.43429695518093,
              -6.96169414146137
            ],
            [
              110.43439144447379,
              -6.961709223848098
            ],
            [
              110.43439392564898,
              -6.961709390873891
            ],
            [
              110.4344509066097,
              -6.961708032299205
            ],
            [
              110.4344541461121,
              -6.961707563086644
            ],
            [
              110.43450841188769,
              -6.961692900215525
            ],
            [
              110.43450926440059,
              -6.961692639711315
            ],
            [
              110.43460477491291,
              -6.961660007862418
            ],
            [
              110.43464036878493,
              -6.961657160490923
            ],
            [
              110.43466592962066,
              -6.961672113135281
            ],
            [
              110.43470205335943,
              -6.961718508371306
            ],
            [
              110.43453165891273,
              -6.961792505209723
            ],
            [
              110.43452445849807,
              -6.961799939924304
            ],
            [
              110.43452455598927,
              -6.961804850156226
            ],
            [
              110.43457096782862,
              -6.961804850156226
            ],
            [
              110.43471695213522,
              -6.9617414538593145
            ],
            [
              110.43474817476199,
              -6.961804850156226
            ],
            [
              110.43477585040416,
              -6.961804850156226
            ],
            [
              110.43477548026816,
              -6.961798932149617
            ],
            [
              110.43473562805632,
              -6.961718013817668
            ],
            [
              110.43473417337388,
              -6.9617156918280285
            ],
            [
              110.43468581344098,
              -6.9616535811452644
            ],
            [
              110.43468196483866,
              -6.961650212409822
            ],
            [
              110.43465045228432,
              -6.961631778113167
            ],
            [
              110.4346424696659,
              -6.961629955723106
            ],
            [
              110.4346008863682,
              -6.961633282223421
            ],
            [
              110.43459755884236,
              -6.961633972275153
            ],
            [
              110.43450085038621,
              -6.961667013410706
            ],
            [
              110.43444860621527,
              -6.961681130035133
            ],
            [
              110.43439452204035,
              -6.9616824195429645
            ],
            [
              110.43430173209434,
              -6.9616676084077005
            ],
            [
              110.4341740956772,
              -6.961638073815756
            ],
            [
              110.43417314527177,
              -6.961637889107751
            ],
            [
              110.43408195578327,
              -6.961623498019248
            ],
            [
              110.43407897710607,
              -6.961623357148393
            ],
            [
              110.43398111429923,
              -6.96162943182762
            ],
            [
              110.43397672708738,
              -6.9616304476167015
            ],
            [
              110.43391786192541,
              -6.961654867239161
            ],
            [
              110.4338598383241,
              -6.961545047259625
            ],
            [
              110.43381121326796,
              -6.961434517134545
            ],
            [
              110.4338110043601,
              -6.961434065184414
            ],
            [
              110.43373981088533,
              -6.961287256464196
            ],
            [
              110.43372999687196,
              -6.961236809153212
            ],
            [
              110.43372258550399,
              -6.961196687298554
            ],
            [
              110.4337159810017,
              -6.961156630385759
            ],
            [
              110.43370382128758,
              -6.961072790792261
            ],
            [
              110.43401175112439,
              -6.9609288187391165
            ],
            [
              110.43429125084536,
              -6.96150819230492
            ],
            [
              110.43429898252923,
              -6.961515081325378
            ],
            [
              110.43430935710836,
              -6.961514525779248
            ],
            [
              110.43431629729764,
              -6.961506851099751
            ],
            [
              110.43431573762514,
              -6.961496553010588
            ],
            [
              110.4340366120836,
              -6.960917955067627
            ],
            [
              110.43437736805991,
              -6.960778615119952
            ],
            [
              110.43462879139862,
              -6.961219543621612
            ],
            [
              110.43486701848447,
              -6.961804850156226
            ],
            [
              110.43489420116433,
              -6.961804850156226
            ],
            [
              110.43489424560757,
              -6.9617998026130214
            ],
            [
              110.43465363033256,
              -6.961208628471243
            ],
            [
              110.43465285763973,
              -6.961207038669943
            ],
            [
              110.43439509212133,
              -6.960754987688841
            ],
            [
              110.43439490094072,
              -6.960754663060913
            ],
            [
              110.43429033774137,
              -6.960582667289694
            ],
            [
              110.43380749059897,
              -6.959524764543384
            ],
            [
              110.43385194272366,
              -6.95950242223382
            ],
            [
              110.43385888925211,
              -6.959494009878843
            ],
            [
              110.43386784803826,
              -6.959462021468832
            ],
            [
              110.43386827032464,
              -6.959457010275252
            ],
            [
              110.43386083763046,
              -6.9593864922192
            ],
            [
              110.43385597656012,
              -6.959238973464808
            ],
            [
              110.43387221725963,
              -6.959203433795927
            ],
            [
              110.43390736129211,
              -6.959183193279353
            ],
            [
              110.43395872192316,
              -6.959167694932305
            ],
            [
              110.43395978974351,
              -6.959167323798619
            ],
            [
              110.43439635145027,
              -6.958995000191146
            ],
            [
              110.43439833737604,
              -6.958994022979098
            ],
            [
              110.4344532814085,
              -6.958961185617326
            ],
            [
              110.43445400360372,
              -6.958960722448757
            ],
            [
              110.43449455794466,
              -6.958932867636925
            ],
            [
              110.43449647620656,
              -6.958931271517489
            ],
            [
              110.43454660079834,
              -6.9588810606504
            ],
            [
              110.4345468815516,
              -6.9588807708985785
            ],
            [
              110.43486867524366,
              -6.958538584029723
            ],
            [
              110.43505449247704,
              -6.958364868800503
            ],
            [
              110.43505875413531,
              -6.958355463251809
            ],
            [
              110.43505506745589,
              -6.95834582129349
            ],
            [
              110.43504559204665,
              -6.958341591055686
            ],
            [
              110.43503587847182,
              -6.958345250553851
            ],
            [
              110.43484974317514,
              -6.958519263129505
            ],
            [
              110.43484912695929,
              -6.958519877522104
            ],
            [
              110.43452717330347,
              -6.958862234492292
            ],
            [
              110.43447807595528,
              -6.958911416338626
            ],
            [
              110.43443890890049,
              -6.958938318290004
            ],
            [
              110.43438528598338,
              -6.958970366086202
            ],
            [
              110.43395028366976,
              -6.959142074153104
            ],
            [
              110.43389796044258,
              -6.95915786296303
            ],
            [
              110.4338950961898,
              -6.959159100131002
            ],
            [
              110.43385483619099,
              -6.959182287087429
            ],
            [
              110.43384928633877,
              -6.959188375752223
            ],
            [
              110.43382994311733,
              -6.959230704704981
            ],
            [
              110.43382873799716,
              -6.959236711503878
            ],
            [
              110.43383371851927,
              -6.959387855223007
            ],
            [
              110.43383378495326,
              -6.9593888168388975
            ],
            [
              110.43384099991479,
              -6.959457269113187
            ],
            [
              110.43383433565857,
              -6.9594810646366785
            ],
            [
              110.43378461616965,
              -6.95950605441194
            ],
            [
              110.43370147297178,
              -6.959532132204347
            ],
            [
              110.43352832842487,
              -6.959576540624591
            ],
            [
              110.43352768606263,
              -6.959576722222788
            ],
            [
              110.43346257461984,
              -6.959596861285102
            ],
            [
              110.43346257461984,
              -6.95962347523232
            ],
            [
              110.43346661298736,
              -6.959623839550986
            ],
            [
              110.433535443867,
              -6.959602550065484
            ],
            [
              110.43370861462934,
              -6.959558134920174
            ],
            [
              110.43370930864135,
              -6.95955793723322
            ],
            [
              110.43378236670867,
              -6.959535022629113
            ],
            [
              110.43425964674198,
              -6.960580728016274
            ],
            [
              110.43369399303805,
              -6.960760389176119
            ],
            [
              110.433475701418,
              -6.959937966167955
            ],
            [
              110.43346941114704,
              -6.959929758057942
            ],
            [
              110.43346257461984,
              -6.959928835734425
            ],
            [
              110.43346257461984,
              -6.959994287892556
            ],
            [
              110.43366794875955,
              -6.960768043753238
            ],
            [
              110.43360157016849,
              -6.960785902876851
            ],
            [
              110.43346632697377,
              -6.9607472898999605
            ],
            [
              110.43346257461984,
              -6.960747711197498
            ],
            [
              110.43346257461984,
              -6.96077426051983
            ],
            [
              110.43359110012635,
              -6.960810955542187
            ],
            [
              110.43362683710227,
              -6.9609072778689365
            ],
            [
              110.43348621822503,
              -6.960948403094863
            ],
            [
              110.43347004639334,
              -6.960948198134558
            ],
            [
              110.43346891925492,
              -6.960947606628601
            ],
            [
              110.43346257461984,
              -6.960947015221163
            ]
          ]
        ]
      }
    },
    {
      "type": "Feature",
      "properties": {
        "sourceLayer": "TPX_ROADS_CONTOURS",
        "sourceEntityType": "LWPOLYLINE",
        "sourceHandle": "2F3",
        "contextKind": "road_surface",
        "sourceSceneVersionId": "scv-b67f98b3-a52e-4ff8-b837-45864ccd9201",
        "provenance": "topoexport_dxf_2d"
      },
      "geometry": {
        "type": "Polygon",
        "coordinates": [
          [
            [
              110.43357109818771,
              -6.961396635437896
            ],
            [
              110.43357988499632,
              -6.961381112032482
            ],
            [
              110.43372061177325,
              -6.961309799651908
            ],
            [
              110.43378643284082,
              -6.96144552987119
            ],
            [
              110.43383515138356,
              -6.961556272504069
            ],
            [
              110.43383556998036,
              -6.961557138474102
            ],
            [
              110.43389409045363,
              -6.961667898874863
            ],
            [
              110.43379079566262,
              -6.961740804830485
            ],
            [
              110.4337527784447,
              -6.961751491966853
            ],
            [
              110.43372231894375,
              -6.961749296130026
            ],
            [
              110.43369214935312,
              -6.961728240004311
            ],
            [
              110.43367416031516,
              -6.961708269899639
            ],
            [
              110.43357275253896,
              -6.96142188030733
            ],
            [
              110.43357109818771,
              -6.961396635437896
            ]
          ]
        ]
      }
    },
    {
      "type": "Feature",
      "properties": {
        "sourceLayer": "TPX_ROADS_CONTOURS",
        "sourceEntityType": "LWPOLYLINE",
        "sourceHandle": "2FF",
        "contextKind": "road_surface",
        "sourceSceneVersionId": "scv-b67f98b3-a52e-4ff8-b837-45864ccd9201",
        "provenance": "topoexport_dxf_2d"
      },
      "geometry": {
        "type": "Polygon",
        "coordinates": [
          [
            [
              110.43361932444995,
              -6.960809047829458
            ],
            [
              110.43368806093245,
              -6.960790554317955
            ],
            [
              110.43368864663914,
              -6.960790382606033
            ],
            [
              110.43427222247666,
              -6.960605029071966
            ],
            [
              110.43436348452688,
              -6.960755145817843
            ],
            [
              110.43401299843953,
              -6.960898464545825
            ],
            [
              110.43401238458847,
              -6.960898733359989
            ],
            [
              110.43369747933663,
              -6.961045966748844
            ],
            [
              110.43365760479745,
              -6.960912307562873
            ],
            [
              110.43365732712532,
              -6.960911476905861
            ],
            [
              110.43361932444995,
              -6.960809047829458
            ]
          ]
        ]
      }
    },
    {
      "type": "Feature",
      "properties": {
        "sourceLayer": "TPX_ROADS_CONTOURS",
        "sourceEntityType": "LWPOLYLINE",
        "sourceHandle": "335",
        "contextKind": "road_surface",
        "sourceSceneVersionId": "scv-b67f98b3-a52e-4ff8-b837-45864ccd9201",
        "provenance": "topoexport_dxf_2d"
      },
      "geometry": {
        "type": "Polygon",
        "coordinates": [
          [
            [
              110.43494501834479,
              -6.961639477731094
            ],
            [
              110.43494451515522,
              -6.961641402029463
            ],
            [
              110.43494774174626,
              -6.961664338787736
            ],
            [
              110.43494838586912,
              -6.961666961837589
            ],
            [
              110.43495530714877,
              -6.961686418374248
            ],
            [
              110.43495556803438,
              -6.961687093489481
            ],
            [
              110.43498845261597,
              -6.961765807272001
            ],
            [
              110.43498859300122,
              -6.961766131253122
            ],
            [
              110.43500597870018,
              -6.961804850156226
            ],
            [
              110.43503338666444,
              -6.961804850156226
            ],
            [
              110.43503323971994,
              -6.961799364541371
            ],
            [
              110.43501346316928,
              -6.961755321090884
            ],
            [
              110.43498078621823,
              -6.9616771042993015
            ],
            [
              110.43497444135014,
              -6.961659268130867
            ],
            [
              110.4349716749942,
              -6.9616396030100764
            ],
            [
              110.43497590975954,
              -6.961611448692936
            ],
            [
              110.43498108191967,
              -6.961593902019312
            ],
            [
              110.43499274790335,
              -6.961575703742487
            ],
            [
              110.43502188947795,
              -6.961547849568893
            ],
            [
              110.4352265974997,
              -6.961472678683888
            ],
            [
              110.4352509749687,
              -6.961468903398936
            ],
            [
              110.43528302671514,
              -6.961473741839708
            ],
            [
              110.43531475531485,
              -6.961480848036961
            ],
            [
              110.43531718896135,
              -6.961481167233434
            ],
            [
              110.43536477675808,
              -6.961483097113179
            ],
            [
              110.43536933015203,
              -6.961482510306201
            ],
            [
              110.43541819727479,
              -6.961467555999852
            ],
            [
              110.43541938399021,
              -6.961467131982304
            ],
            [
              110.43573103534813,
              -6.961339249465187
            ],
            [
              110.4357383871391,
              -6.961331962179472
            ],
            [
              110.43573839447942,
              -6.961321649119541
            ],
            [
              110.43573105306673,
              -6.961314351532052
            ],
            [
              110.43572066340563,
              -6.96131434424585
            ],
            [
              110.43540959547161,
              -6.961441987363471
            ],
            [
              110.4353635576132,
              -6.961456075853992
            ],
            [
              110.4353195286595,
              -6.961454290301871
            ],
            [
              110.43528853204644,
              -6.961447348046305
            ],
            [
              110.43528758522272,
              -6.961447170782991
            ],
            [
              110.43525298950057,
              -6.961441948310971
            ],
            [
              110.43524885594621,
              -6.961441956205427
            ],
            [
              110.43522106959509,
              -6.961446259416621
            ],
            [
              110.43521845232405,
              -6.96144693538855
            ],
            [
              110.43500980808648,
              -6.961523551691545
            ],
            [
              110.43500510214244,
              -6.961526483053543
            ],
            [
              110.43497274919687,
              -6.961557406731414
            ],
            [
              110.4349707122945,
              -6.961559879118371
            ],
            [
              110.43495714188808,
              -6.961581048190927
            ],
            [
              110.43495556608387,
              -6.96158449813261
            ],
            [
              110.43494959227093,
              -6.961604764418608
            ],
            [
              110.43494919485362,
              -6.961606558601944
            ],
            [
              110.43494453353838,
              -6.961637548797998
            ],
            [
              110.43494501834479,
              -6.961639477731094
            ]
          ]
        ]
      }
    },
    {
      "type": "Feature",
      "properties": {
        "sourceLayer": "TPX_ROADS_CONTOURS",
        "sourceEntityType": "LWPOLYLINE",
        "sourceHandle": "3D8",
        "contextKind": "road_surface",
        "sourceSceneVersionId": "scv-b67f98b3-a52e-4ff8-b837-45864ccd9201",
        "provenance": "topoexport_dxf_2d"
      },
      "geometry": {
        "type": "Polygon",
        "coordinates": [
          [
            [
              110.43517771840105,
              -6.9617771689233106
            ],
            [
              110.4351623986119,
              -6.96179581883329
            ],
            [
              110.4351633238764,
              -6.961804850155623
            ],
            [
              110.43525953477874,
              -6.961804850155623
            ],
            [
              110.43619005387464,
              -6.9613073708701885
            ],
            [
              110.43621518928677,
              -6.961348753649006
            ],
            [
              110.43621567689812,
              -6.961349499617306
            ],
            [
              110.43634077772418,
              -6.961527717261027
            ],
            [
              110.4365072562154,
              -6.961804850155623
            ],
            [
              110.43652549639934,
              -6.961804850155623
            ],
            [
              110.43652549639934,
              -6.961782594123942
            ],
            [
              110.4363707832429,
              -6.9615250467159315
            ],
            [
              110.43652549639934,
              -6.961432905242728
            ],
            [
              110.43652549639934,
              -6.961404605282933
            ],
            [
              110.43651851235802,
              -6.9614056368052415
            ],
            [
              110.43635607937614,
              -6.961502375923306
            ],
            [
              110.43623820849432,
              -6.961334458009321
            ],
            [
              110.4362140122592,
              -6.961294621481648
            ],
            [
              110.43645043375123,
              -6.961169272536738
            ],
            [
              110.43645101000743,
              -6.961168959345707
            ],
            [
              110.43652549639934,
              -6.961127473703365
            ],
            [
              110.43652549639934,
              -6.961062168575737
            ],
            [
              110.43650999719739,
              -6.961064002158535
            ],
            [
              110.436436857243,
              -6.961104737896058
            ],
            [
              110.4364115866628,
              -6.961033440105021
            ],
            [
              110.43636253859962,
              -6.960807439570034
            ],
            [
              110.43633558268866,
              -6.960669918855494
            ],
            [
              110.43640294227626,
              -6.960648006980133
            ],
            [
              110.43640330764387,
              -6.960647882382223
            ],
            [
              110.4364582907427,
              -6.96062825976642
            ],
            [
              110.4365066681051,
              -6.960615742910955
            ],
            [
              110.43650856731064,
              -6.9606150993564135
            ],
            [
              110.43652549639934,
              -6.960607936090337
            ],
            [
              110.43652549639934,
              -6.960580838615164
            ],
            [
              110.43652017326421,
              -6.960580892788354
            ],
            [
              110.43649884661126,
              -6.960589916815919
            ],
            [
              110.43645085029395,
              -6.960602335082775
            ],
            [
              110.43644968144818,
              -6.960602694064224
            ],
            [
              110.43639430387505,
              -6.9606224574609294
            ],
            [
              110.43632961228911,
              -6.960643501442974
            ],
            [
              110.43628661558047,
              -6.960472223154903
            ],
            [
              110.43650874861355,
              -6.960395355767075
            ],
            [
              110.43652549639934,
              -6.960389309555865
            ],
            [
              110.43652549639934,
              -6.960362510438027
            ],
            [
              110.43652085595289,
              -6.960362308463308
            ],
            [
              110.43649972530937,
              -6.960369938230502
            ],
            [
              110.43628023581023,
              -6.960445890842309
            ],
            [
              110.43625332738911,
              -6.960331450613981
            ],
            [
              110.43652410763738,
              -6.960359093513418
            ],
            [
              110.43652549639934,
              -6.960358681823729
            ],
            [
              110.43652549639934,
              -6.960332143801222
            ],
            [
              110.43624679377422,
              -6.960303692137647
            ],
            [
              110.43623322158126,
              -6.960246146553851
            ],
            [
              110.43620887929491,
              -6.960102206044264
            ],
            [
              110.43632285442116,
              -6.960067206925044
            ],
            [
              110.43632336725973,
              -6.960067038275811
            ],
            [
              110.43642729211439,
              -6.960030568136232
            ],
            [
              110.43643013007838,
              -6.96002918454173
            ],
            [
              110.43652549639934,
              -6.959968071169108
            ],
            [
              110.43652549639934,
              -6.959939377732987
            ],
            [
              110.43651813373383,
              -6.959940711926098
            ],
            [
              110.43641674200622,
              -6.960005686544579
            ],
            [
              110.43631457258003,
              -6.960041540655269
            ],
            [
              110.4362039541726,
              -6.96007550900179
            ],
            [
              110.43612457289134,
              -6.959671839811202
            ],
            [
              110.43612452310144,
              -6.959671598394186
            ],
            [
              110.43609800538735,
              -6.959548743686273
            ],
            [
              110.43652549639934,
              -6.959386157580174
            ],
            [
              110.43652549639934,
              -6.959359274253374
            ],
            [
              110.43652063951916,
              -6.95935914501217
            ],
            [
              110.43608971501487,
              -6.9595230369633
            ],
            [
              110.43605982212974,
              -6.959452479918999
            ],
            [
              110.4360593659467,
              -6.9594515124090375
            ],
            [
              110.43590226671559,
              -6.959150059585729
            ],
            [
              110.43652549639934,
              -6.9589564847014085
            ],
            [
              110.43652549639934,
              -6.958929866839089
            ],
            [
              110.43652144259168,
              -6.958929505964342
            ],
            [
              110.43588980110299,
              -6.9591256935453405
            ],
            [
              110.4358253000849,
              -6.9589962725601655
            ],
            [
              110.43582514460473,
              -6.958995970232042
            ],
            [
              110.43570623867724,
              -6.958771778949678
            ],
            [
              110.43652549639934,
              -6.958534817546723
            ],
            [
              110.43652549639934,
              -6.958508258967787
            ],
            [
              110.43652169882542,
              -6.958507845834566
            ],
            [
              110.4356933618729,
              -6.958747433302944
            ],
            [
              110.43551971780442,
              -6.958417772190629
            ],
            [
              110.43652549639934,
              -6.958112048847656
            ],
            [
              110.43652549639934,
              -6.95808545053943
            ],
            [
              110.4365215216652,
              -6.958085072440803
            ],
            [
              110.43550696184998,
              -6.958393464983857
            ],
            [
              110.43542990356669,
              -6.958245832897113
            ],
            [
              110.4354138959148,
              -6.958216409178802
            ],
            [
              110.43540426332949,
              -6.958198280619921
            ],
            [
              110.43539148391277,
              -6.958165872724286
            ],
            [
              110.43545144421093,
              -6.9581403438900145
            ],
            [
              110.43545182527758,
              -6.958140174713914
            ],
            [
              110.43557541984045,
              -6.958083024713916
            ],
            [
              110.43557617412422,
              -6.958082647150724
            ],
            [
              110.43566761589796,
              -6.958033274483857
            ],
            [
              110.43573199193209,
              -6.958000862103417
            ],
            [
              110.43573875390821,
              -6.957993032246236
            ],
            [
              110.4357384296697,
              -6.95798884492035
            ],
            [
              110.43569584256477,
              -6.95798884492035
            ],
            [
              110.43565516034431,
              -6.958009327817723
            ],
            [
              110.43565481460269,
              -6.95800950814801
            ],
            [
              110.43556357248482,
              -6.9580587730167816
            ],
            [
              110.43544055021238,
              -6.958115658387577
            ],
            [
              110.43538458506404,
              -6.958139486238502
            ],
            [
              110.43537826087484,
              -6.958101999663036
            ],
            [
              110.43537752516842,
              -6.958093976295296
            ],
            [
              110.43537742959752,
              -6.95809185113163
            ],
            [
              110.43537834539858,
              -6.958090065215413
            ],
            [
              110.43538266377712,
              -6.958083652929309
            ],
            [
              110.43539070264112,
              -6.958075802048802
            ],
            [
              110.43552950798441,
              -6.9580006752451045
            ],
            [
              110.43553603205386,
              -6.957992648973164
            ],
            [
              110.43553562237679,
              -6.95798884492035
            ],
            [
              110.43549465310706,
              -6.95798884492035
            ],
            [
              110.4353760378278,
              -6.958053044083044
            ],
            [
              110.43537301588975,
              -6.958055269227452
            ],
            [
              110.43536263116103,
              -6.958065411115178
            ],
            [
              110.43536086622164,
              -6.95806752777185
            ],
            [
              110.43535537764232,
              -6.95807567766935
            ],
            [
              110.43535464815855,
              -6.95807689478206
            ],
            [
              110.43535275301802,
              -6.958080472178736
            ],
            [
              110.43535168332052,
              -6.958083155240163
            ],
            [
              110.43535068791087,
              -6.958086731574535
            ],
            [
              110.43535095616701,
              -6.958088882995943
            ],
            [
              110.43535021122153,
              -6.958090920819421
            ],
            [
              110.43535045902317,
              -6.958096109340568
            ],
            [
              110.43535126939287,
              -6.958104946959586
            ],
            [
              110.43535139993925,
              -6.958105951050479
            ],
            [
              110.43536066311354,
              -6.958160858438032
            ],
            [
              110.43536143927156,
              -6.95816209107408
            ],
            [
              110.43536141055758,
              -6.958163544386527
            ],
            [
              110.4353792595857,
              -6.958208808564983
            ],
            [
              110.4353798934468,
              -6.9582101833012455
            ],
            [
              110.43538991310135,
              -6.958229040321837
            ],
            [
              110.43540585113023,
              -6.958258333278309
            ],
            [
              110.43548808552215,
              -6.958415881800299
            ],
            [
              110.43567447239204,
              -6.958769734846616
            ],
            [
              110.43580104135133,
              -6.959008374414811
            ],
            [
              110.4358706123131,
              -6.959147968210165
            ],
            [
              110.43587072253443,
              -6.959148184457445
            ],
            [
              110.43603500441411,
              -6.9594634198493095
            ],
            [
              110.4360692906345,
              -6.959544346606866
            ],
            [
              110.43609795007818,
              -6.959677123794017
            ],
            [
              110.43618016890483,
              -6.960095222457385
            ],
            [
              110.43620651825759,
              -6.960251031114868
            ],
            [
              110.43620668832347,
              -6.9602518719151645
            ],
            [
              110.43622256250751,
              -6.960319177835574
            ],
            [
              110.43625722846977,
              -6.960466610487704
            ],
            [
              110.43625727596392,
              -6.960466805887279
            ],
            [
              110.43630671208021,
              -6.960663735688531
            ],
            [
              110.43633591479394,
              -6.960812718905271
            ],
            [
              110.43633596935224,
              -6.960812983118975
            ],
            [
              110.43638522653472,
              -6.961039947227405
            ],
            [
              110.43638569150802,
              -6.961041581538362
            ],
            [
              110.43641276159313,
              -6.9611179564072065
            ],
            [
              110.436170626082,
              -6.961246335105685
            ],
            [
              110.43517771840105,
              -6.9617771689233106
            ]
          ]
        ]
      }
    },
    {
      "type": "Feature",
      "properties": {
        "sourceLayer": "TPX_ROADS_AXES",
        "sourceEntityType": "LWPOLYLINE",
        "sourceHandle": "3E9",
        "contextKind": "road_axis",
        "sourceSceneVersionId": "scv-b67f98b3-a52e-4ff8-b837-45864ccd9201",
        "provenance": "topoexport_dxf_2d"
      },
      "geometry": {
        "type": "LineString",
        "coordinates": [
          [
            110.43378976126495,
            -6.9595185719912465
          ],
          [
            110.4338458104796,
            -6.959490400805755
          ],
          [
            110.43385476926575,
            -6.959458412395745
          ],
          [
            110.43384728601356,
            -6.959387414713988
          ],
          [
            110.43384230549579,
            -6.9592362709905755
          ],
          [
            110.43386164871721,
            -6.959193942042101
          ],
          [
            110.43390190871602,
            -6.959170755089958
          ],
          [
            110.43395477365114,
            -6.959154802809527
          ],
          [
            110.43439133535789,
            -6.9589824792063375
          ],
          [
            110.43444627939034,
            -6.958949641844565
          ],
          [
            110.43448683373559,
            -6.9589217870327325
          ],
          [
            110.43453695833169,
            -6.958871576169926
          ],
          [
            110.4348590501763,
            -6.958529072250622
          ],
          [
            110.43504518547299,
            -6.958355059674968
          ]
        ]
      }
    },
    {
      "type": "Feature",
      "properties": {
        "sourceLayer": "TPX_ROADS_AXES",
        "sourceEntityType": "LWPOLYLINE",
        "sourceHandle": "3F0",
        "contextKind": "road_axis",
        "sourceSceneVersionId": "scv-b67f98b3-a52e-4ff8-b837-45864ccd9201",
        "provenance": "topoexport_dxf_2d"
      },
      "geometry": {
        "type": "LineString",
        "coordinates": [
          [
            110.43550011519574,
            -6.958409638438106
          ],
          [
            110.43541785052338,
            -6.958252031695035
          ],
          [
            110.43540192011963,
            -6.958222754133397
          ],
          [
            110.43539190046508,
            -6.958203897117088
          ],
          [
            110.43537405143695,
            -6.958158632938631
          ]
        ]
      }
    },
    {
      "type": "Feature",
      "properties": {
        "sourceLayer": "TPX_ROADS_AXES",
        "sourceEntityType": "LWPOLYLINE",
        "sourceHandle": "3F5",
        "contextKind": "road_axis",
        "sourceSceneVersionId": "scv-b67f98b3-a52e-4ff8-b837-45864ccd9201",
        "provenance": "topoexport_dxf_2d"
      },
      "geometry": {
        "type": "LineString",
        "coordinates": [
          [
            110.43588277958858,
            -6.959141993353725
          ],
          [
            110.43581313280703,
            -6.959002247417676
          ],
          [
            110.43568648418736,
            -6.95876345765777
          ]
        ]
      }
    },
    {
      "type": "Feature",
      "properties": {
        "sourceLayer": "TPX_ROADS_AXES",
        "sourceEntityType": "LWPOLYLINE",
        "sourceHandle": "3FC",
        "contextKind": "road_axis",
        "sourceSceneVersionId": "scv-b67f98b3-a52e-4ff8-b837-45864ccd9201",
        "provenance": "topoexport_dxf_2d"
      },
      "geometry": {
        "type": "LineString",
        "coordinates": [
          [
            110.43572585124325,
            -6.957988844923027
          ],
          [
            110.43566130103078,
            -6.9580213449991835
          ],
          [
            110.43556968769376,
            -6.958070810300621
          ],
          [
            110.43544609313089,
            -6.958127960300619
          ],
          [
            110.43537405143695,
            -6.95815863293649
          ]
        ]
      }
    },
    {
      "type": "Feature",
      "properties": {
        "sourceLayer": "TPX_ROADS_AXES",
        "sourceEntityType": "LWPOLYLINE",
        "sourceHandle": "402",
        "contextKind": "road_axis",
        "sourceSceneVersionId": "scv-b67f98b3-a52e-4ff8-b837-45864ccd9201",
        "provenance": "topoexport_dxf_2d"
      },
      "geometry": {
        "type": "LineString",
        "coordinates": [
          [
            110.43537405143695,
            -6.958158632939519
          ],
          [
            110.43536478826266,
            -6.9581037255519655
          ],
          [
            110.43536397789296,
            -6.958094887932948
          ],
          [
            110.43536377246754,
            -6.958090319925494
          ]
        ]
      }
    },
    {
      "type": "Feature",
      "properties": {
        "sourceLayer": "TPX_ROADS_AXES",
        "sourceEntityType": "LWPOLYLINE",
        "sourceHandle": "40A",
        "contextKind": "road_axis",
        "sourceSceneVersionId": "scv-b67f98b3-a52e-4ff8-b837-45864ccd9201",
        "provenance": "topoexport_dxf_2d"
      },
      "geometry": {
        "type": "LineString",
        "coordinates": [
          [
            110.43536377246754,
            -6.958090319925494
          ],
          [
            110.43536476787719,
            -6.958086743591123
          ],
          [
            110.43536666301773,
            -6.958083166194448
          ],
          [
            110.43537215159705,
            -6.958075016296948
          ],
          [
            110.43538253632578,
            -6.958064874409222
          ],
          [
            110.43552300948404,
            -6.957988844921772
          ]
        ]
      }
    },
    {
      "type": "Feature",
      "properties": {
        "sourceLayer": "TPX_ROADS_AXES",
        "sourceEntityType": "LWPOLYLINE",
        "sourceHandle": "40E",
        "contextKind": "road_axis",
        "sourceSceneVersionId": "scv-b67f98b3-a52e-4ff8-b837-45864ccd9201",
        "provenance": "topoexport_dxf_2d"
      },
      "geometry": {
        "type": "LineString",
        "coordinates": [
          [
            110.43568648418736,
            -6.95876345765777
          ],
          [
            110.43550011519574,
            -6.958409638438106
          ]
        ]
      }
    },
    {
      "type": "Feature",
      "properties": {
        "sourceLayer": "TPX_ROADS_AXES",
        "sourceEntityType": "LWPOLYLINE",
        "sourceHandle": "412",
        "contextKind": "road_axis",
        "sourceSceneVersionId": "scv-b67f98b3-a52e-4ff8-b837-45864ccd9201",
        "provenance": "topoexport_dxf_2d"
      },
      "geometry": {
        "type": "LineString",
        "coordinates": [
          [
            110.43550011519933,
            -6.9584096384371685
          ],
          [
            110.4365254963996,
            -6.958097956548719
          ]
        ]
      }
    },
    {
      "type": "Feature",
      "properties": {
        "sourceLayer": "TPX_ROADS_AXES",
        "sourceEntityType": "LWPOLYLINE",
        "sourceHandle": "416",
        "contextKind": "road_axis",
        "sourceSceneVersionId": "scv-b67f98b3-a52e-4ff8-b837-45864ccd9201",
        "provenance": "topoexport_dxf_2d"
      },
      "geometry": {
        "type": "LineString",
        "coordinates": [
          [
            110.43568648418875,
            -6.95876345765777
          ],
          [
            110.4365254964017,
            -6.958520782484602
          ]
        ]
      }
    },
    {
      "type": "Feature",
      "properties": {
        "sourceLayer": "TPX_ROADS_AXES",
        "sourceEntityType": "LWPOLYLINE",
        "sourceHandle": "41A",
        "contextKind": "road_axis",
        "sourceSceneVersionId": "scv-b67f98b3-a52e-4ff8-b837-45864ccd9201",
        "provenance": "topoexport_dxf_2d"
      },
      "geometry": {
        "type": "LineString",
        "coordinates": [
          [
            110.43588277958737,
            -6.959141993353725
          ],
          [
            110.4365254963991,
            -6.958942365777287
          ]
        ]
      }
    },
    {
      "type": "Feature",
      "properties": {
        "sourceLayer": "TPX_ROADS_AXES",
        "sourceEntityType": "LWPOLYLINE",
        "sourceHandle": "421",
        "contextKind": "road_axis",
        "sourceSceneVersionId": "scv-b67f98b3-a52e-4ff8-b837-45864ccd9201",
        "provenance": "topoexport_dxf_2d"
      },
      "geometry": {
        "type": "LineString",
        "coordinates": [
          [
            110.43372681607556,
            -6.961291526671701
          ],
          [
            110.43379877292645,
            -6.9614399095585116
          ],
          [
            110.43384759172217,
            -6.9615508800768895
          ],
          [
            110.4339116181568,
            -6.96167206147703
          ],
          [
            110.43396994301334,
            -6.961804850156761
          ]
        ]
      }
    },
    {
      "type": "Feature",
      "properties": {
        "sourceLayer": "TPX_ROADS_AXES",
        "sourceEntityType": "LWPOLYLINE",
        "sourceHandle": "428",
        "contextKind": "road_axis",
        "sourceSceneVersionId": "scv-b67f98b3-a52e-4ff8-b837-45864ccd9201",
        "provenance": "topoexport_dxf_2d"
      },
      "geometry": {
        "type": "LineString",
        "coordinates": [
          [
            110.43502084079594,
            -6.961804850156861
          ],
          [
            110.4350009919209,
            -6.96176064563462
          ],
          [
            110.43496810733932,
            -6.9616819318521
          ],
          [
            110.43496118605968,
            -6.961662475315441
          ],
          [
            110.43495795946865,
            -6.961639538557167
          ]
        ]
      }
    },
    {
      "type": "Feature",
      "properties": {
        "sourceLayer": "TPX_ROADS_AXES",
        "sourceEntityType": "LWPOLYLINE",
        "sourceHandle": "436",
        "contextKind": "road_axis",
        "sourceSceneVersionId": "scv-b67f98b3-a52e-4ff8-b837-45864ccd9201",
        "provenance": "topoexport_dxf_2d"
      },
      "geometry": {
        "type": "LineString",
        "coordinates": [
          [
            110.43495795946865,
            -6.961639538557167
          ],
          [
            110.43496262078388,
            -6.961608548361113
          ],
          [
            110.43496859459681,
            -6.961588282075114
          ],
          [
            110.43498216500323,
            -6.96156711300256
          ],
          [
            110.4350145179488,
            -6.96153618932469
          ],
          [
            110.43522316218638,
            -6.961459573021695
          ],
          [
            110.4352509485375,
            -6.9614552698105
          ],
          [
            110.43528554425966,
            -6.961460492282521
          ],
          [
            110.43531774309733,
            -6.961467703797733
          ],
          [
            110.43536533089404,
            -6.961469633677479
          ],
          [
            110.4354141980168,
            -6.96145467937113
          ],
          [
            110.43572584937472,
            -6.961326796854013
          ]
        ]
      }
    },
    {
      "type": "Feature",
      "properties": {
        "sourceLayer": "TPX_ROADS_AXES",
        "sourceEntityType": "LWPOLYLINE",
        "sourceHandle": "43C",
        "contextKind": "road_axis",
        "sourceSceneVersionId": "scv-b67f98b3-a52e-4ff8-b837-45864ccd9201",
        "provenance": "topoexport_dxf_2d"
      },
      "geometry": {
        "type": "LineString",
        "coordinates": [
          [
            110.4334625746221,
            -6.960760239545477
          ],
          [
            110.43360146178344,
            -6.960799892902916
          ],
          [
            110.43368450966503,
            -6.96077754891851
          ],
          [
            110.43427830248702,
            -6.9605889502959775
          ]
        ]
      }
    },
    {
      "type": "Feature",
      "properties": {
        "sourceLayer": "TPX_ROADS_AXES",
        "sourceEntityType": "LWPOLYLINE",
        "sourceHandle": "45C",
        "contextKind": "road_axis",
        "sourceSceneVersionId": "scv-b67f98b3-a52e-4ff8-b837-45864ccd9201",
        "provenance": "topoexport_dxf_2d"
      },
      "geometry": {
        "type": "LineString",
        "coordinates": [
          [
            110.43346257462137,
            -6.960959518962466
          ],
          [
            110.43346659765233,
            -6.960961630191966
          ],
          [
            110.43348809145401,
            -6.960961902599971
          ],
          [
            110.43364458876155,
            -6.960916133587521
          ],
          [
            110.43368895447242,
            -6.9610648471419685
          ],
          [
            110.43370256339287,
            -6.961158678829845
          ],
          [
            110.4337092099391,
            -6.961198990755427
          ],
          [
            110.4337166562437,
            -6.9612393017300755
          ],
          [
            110.43372681607639,
            -6.961291526673023
          ],
          [
            110.4335700595403,
            -6.961370962029415
          ],
          [
            110.4335572906184,
            -6.9613935205305735
          ],
          [
            110.43355932746034,
            -6.961424602106138
          ],
          [
            110.43366224635014,
            -6.9617152592882094
          ],
          [
            110.43368306784575,
            -6.961738373776697
          ],
          [
            110.4337175863327,
            -6.961762465108852
          ],
          [
            110.43375417832871,
            -6.961765103043802
          ],
          [
            110.43379675090404,
            -6.961753135334946
          ],
          [
            110.43391161815762,
            -6.961672061474069
          ],
          [
            110.43398196153174,
            -6.961642880226511
          ],
          [
            110.43407982433857,
            -6.961636805547283
          ],
          [
            110.43417101382707,
            -6.961651196635786
          ],
          [
            110.43429911038871,
            -6.96168083770223
          ],
          [
            110.43439359968157,
            -6.9616959200889585
          ],
          [
            110.43445058064229,
            -6.961694561514271
          ],
          [
            110.43450484641788,
            -6.961679898643152
          ],
          [
            110.43460197682381,
            -6.961646713342747
          ],
          [
            110.43464356012151,
            -6.961643386842432
          ],
          [
            110.43467507267586,
            -6.961661821139087
          ],
          [
            110.43472343260876,
            -6.961723931821851
          ],
          [
            110.43476328482059,
            -6.9618048501538
          ]
        ]
      }
    },
    {
      "type": "Feature",
      "properties": {
        "sourceLayer": "TPX_ROADS_AXES",
        "sourceEntityType": "LWPOLYLINE",
        "sourceHandle": "460",
        "contextKind": "road_axis",
        "sourceSceneVersionId": "scv-b67f98b3-a52e-4ff8-b837-45864ccd9201",
        "provenance": "topoexport_dxf_2d"
      },
      "geometry": {
        "type": "LineString",
        "coordinates": [
          [
            110.4336014617862,
            -6.960799892902916
          ],
          [
            110.43364458876505,
            -6.960916133589881
          ]
        ]
      }
    },
    {
      "type": "Feature",
      "properties": {
        "sourceLayer": "TPX_ROADS_AXES",
        "sourceEntityType": "LWPOLYLINE",
        "sourceHandle": "465",
        "contextKind": "road_axis",
        "sourceSceneVersionId": "scv-b67f98b3-a52e-4ff8-b837-45864ccd9201",
        "provenance": "topoexport_dxf_2d"
      },
      "geometry": {
        "type": "LineString",
        "coordinates": [
          [
            110.43368895447159,
            -6.961064847140044
          ],
          [
            110.4340181690296,
            -6.96091092345857
          ],
          [
            110.43438327845595,
            -6.960761625033278
          ]
        ]
      }
    },
    {
      "type": "Feature",
      "properties": {
        "sourceLayer": "TPX_ROADS_AXES",
        "sourceEntityType": "LWPOLYLINE",
        "sourceHandle": "469",
        "contextKind": "road_axis",
        "sourceSceneVersionId": "scv-b67f98b3-a52e-4ff8-b837-45864ccd9201",
        "provenance": "topoexport_dxf_2d"
      },
      "geometry": {
        "type": "LineString",
        "coordinates": [
          [
            110.43608229742348,
            -6.9595402879572985
          ],
          [
            110.43652549639859,
            -6.959371727696714
          ]
        ]
      }
    },
    {
      "type": "Feature",
      "properties": {
        "sourceLayer": "TPX_ROADS_AXES",
        "sourceEntityType": "LWPOLYLINE",
        "sourceHandle": "46D",
        "contextKind": "road_axis",
        "sourceSceneVersionId": "scv-b67f98b3-a52e-4ff8-b837-45864ccd9201",
        "provenance": "topoexport_dxf_2d"
      },
      "geometry": {
        "type": "LineString",
        "coordinates": [
          [
            110.4340181690296,
            -6.96091092345857
          ],
          [
            110.4343034942338,
            -6.961502372655545
          ]
        ]
      }
    },
    {
      "type": "Feature",
      "properties": {
        "sourceLayer": "TPX_ROADS_AXES",
        "sourceEntityType": "LWPOLYLINE",
        "sourceHandle": "472",
        "contextKind": "road_axis",
        "sourceSceneVersionId": "scv-b67f98b3-a52e-4ff8-b837-45864ccd9201",
        "provenance": "topoexport_dxf_2d"
      },
      "geometry": {
        "type": "LineString",
        "coordinates": [
          [
            110.4360822974209,
            -6.9595402879572985
          ],
          [
            110.43604730889447,
            -6.959457703513827
          ],
          [
            110.43588277958858,
            -6.959141993353725
          ]
        ]
      }
    },
    {
      "type": "Feature",
      "properties": {
        "sourceLayer": "TPX_ROADS_AXES",
        "sourceEntityType": "LWPOLYLINE",
        "sourceHandle": "476",
        "contextKind": "road_axis",
        "sourceSceneVersionId": "scv-b67f98b3-a52e-4ff8-b837-45864ccd9201",
        "provenance": "topoexport_dxf_2d"
      },
      "geometry": {
        "type": "LineString",
        "coordinates": [
          [
            110.43346257462149,
            -6.959941399159835
          ],
          [
            110.4336845096644,
            -6.96077754891851
          ]
        ]
      }
    },
    {
      "type": "Feature",
      "properties": {
        "sourceLayer": "TPX_ROADS_AXES",
        "sourceEntityType": "LWPOLYLINE",
        "sourceHandle": "480",
        "contextKind": "road_axis",
        "sourceSceneVersionId": "scv-b67f98b3-a52e-4ff8-b837-45864ccd9201",
        "provenance": "topoexport_dxf_2d"
      },
      "geometry": {
        "type": "LineString",
        "coordinates": [
          [
            110.43488165925157,
            -6.9618048501569625
          ],
          [
            110.43464104397657,
            -6.961213676015183
          ],
          [
            110.43438327845818,
            -6.960761625034081
          ],
          [
            110.4342783024877,
            -6.96058895029678
          ],
          [
            110.43378976126287,
            -6.959518571992049
          ],
          [
            110.43370521862698,
            -6.959545088721371
          ],
          [
            110.43353172442879,
            -6.959589586820583
          ],
          [
            110.43346257461847,
            -6.959610974954663
          ]
        ]
      }
    },
    {
      "type": "Feature",
      "properties": {
        "sourceLayer": "TPX_ROADS_AXES",
        "sourceEntityType": "LWPOLYLINE",
        "sourceHandle": "484",
        "contextKind": "road_axis",
        "sourceSceneVersionId": "scv-b67f98b3-a52e-4ff8-b837-45864ccd9201",
        "provenance": "topoexport_dxf_2d"
      },
      "geometry": {
        "type": "LineString",
        "coordinates": [
          [
            110.43627044793558,
            -6.9604635478503845
          ],
          [
            110.43623578161947,
            -6.960316113694752
          ]
        ]
      }
    },
    {
      "type": "Feature",
      "properties": {
        "sourceLayer": "TPX_ROADS_AXES",
        "sourceEntityType": "LWPOLYLINE",
        "sourceHandle": "488",
        "contextKind": "road_axis",
        "sourceSceneVersionId": "scv-b67f98b3-a52e-4ff8-b837-45864ccd9201",
        "provenance": "topoexport_dxf_2d"
      },
      "geometry": {
        "type": "LineString",
        "coordinates": [
          [
            110.43631996948614,
            -6.9606608179999405
          ],
          [
            110.43627044793558,
            -6.9604635478503845
          ]
        ]
      }
    },
    {
      "type": "Feature",
      "properties": {
        "sourceLayer": "TPX_ROADS_AXES",
        "sourceEntityType": "LWPOLYLINE",
        "sourceHandle": "48E",
        "contextKind": "road_axis",
        "sourceSceneVersionId": "scv-b67f98b3-a52e-4ff8-b837-45864ccd9201",
        "provenance": "topoexport_dxf_2d"
      },
      "geometry": {
        "type": "LineString",
        "coordinates": [
          [
            110.43643551080211,
            -6.961141539761829
          ],
          [
            110.43639849685202,
            -6.961037109528548
          ],
          [
            110.43634923966954,
            -6.960810145420118
          ],
          [
            110.43631996948614,
            -6.9606608179999405
          ]
        ]
      }
    },
    {
      "type": "Feature",
      "properties": {
        "sourceLayer": "TPX_ROADS_AXES",
        "sourceEntityType": "LWPOLYLINE",
        "sourceHandle": "492",
        "contextKind": "road_axis",
        "sourceSceneVersionId": "scv-b67f98b3-a52e-4ff8-b837-45864ccd9201",
        "provenance": "topoexport_dxf_2d"
      },
      "geometry": {
        "type": "LineString",
        "coordinates": [
          [
            110.43643551080241,
            -6.961141539761829
          ],
          [
            110.4365254964006,
            -6.961091421739201
          ]
        ]
      }
    },
    {
      "type": "Feature",
      "properties": {
        "sourceLayer": "TPX_ROADS_AXES",
        "sourceEntityType": "LWPOLYLINE",
        "sourceHandle": "496",
        "contextKind": "road_axis",
        "sourceSceneVersionId": "scv-b67f98b3-a52e-4ff8-b837-45864ccd9201",
        "provenance": "topoexport_dxf_2d"
      },
      "geometry": {
        "type": "LineString",
        "coordinates": [
          [
            110.43635219054657,
            -6.961520405906963
          ],
          [
            110.4365254963993,
            -6.961417191304309
          ]
        ]
      }
    },
    {
      "type": "Feature",
      "properties": {
        "sourceLayer": "TPX_ROADS_AXES",
        "sourceEntityType": "LWPOLYLINE",
        "sourceHandle": "49D",
        "contextKind": "road_axis",
        "sourceSceneVersionId": "scv-b67f98b3-a52e-4ff8-b837-45864ccd9201",
        "provenance": "topoexport_dxf_2d"
      },
      "geometry": {
        "type": "LineString",
        "coordinates": [
          [
            110.43631996948795,
            -6.9606608179999405
          ],
          [
            110.43639871486698,
            -6.960635202360917
          ],
          [
            110.43645427422632,
            -6.960615374086601
          ],
          [
            110.43650324417398,
            -6.960602703908199
          ],
          [
            110.43652549640214,
            -6.960593288237639
          ]
        ]
      }
    },
    {
      "type": "Feature",
      "properties": {
        "sourceLayer": "TPX_ROADS_AXES",
        "sourceEntityType": "LWPOLYLINE",
        "sourceHandle": "4A1",
        "contextKind": "road_axis",
        "sourceSceneVersionId": "scv-b67f98b3-a52e-4ff8-b837-45864ccd9201",
        "provenance": "topoexport_dxf_2d"
      },
      "geometry": {
        "type": "LineString",
        "coordinates": [
          [
            110.43652549639907,
            -6.96034568954519
          ],
          [
            110.43623578161824,
            -6.960316113694752
          ]
        ]
      }
    },
    {
      "type": "Feature",
      "properties": {
        "sourceLayer": "TPX_ROADS_AXES",
        "sourceEntityType": "LWPOLYLINE",
        "sourceHandle": "4A6",
        "contextKind": "road_axis",
        "sourceSceneVersionId": "scv-b67f98b3-a52e-4ff8-b837-45864ccd9201",
        "provenance": "topoexport_dxf_2d"
      },
      "geometry": {
        "type": "LineString",
        "coordinates": [
          [
            110.43627044793435,
            -6.9604635478503845
          ],
          [
            110.43650428003649,
            -6.960382632092808
          ],
          [
            110.43652549639907,
            -6.960374971373176
          ]
        ]
      }
    },
    {
      "type": "Feature",
      "properties": {
        "sourceLayer": "TPX_ROADS_AXES",
        "sourceEntityType": "LWPOLYLINE",
        "sourceHandle": "4AB",
        "contextKind": "road_axis",
        "sourceSceneVersionId": "scv-b67f98b3-a52e-4ff8-b837-45864ccd9201",
        "provenance": "topoexport_dxf_2d"
      },
      "geometry": {
        "type": "LineString",
        "coordinates": [
          [
            110.43619352658963,
            -6.960092815788135
          ],
          [
            110.43611124959277,
            -6.95967442133752
          ],
          [
            110.4360822974209,
            -6.9595402879572985
          ]
        ]
      }
    },
    {
      "type": "Feature",
      "properties": {
        "sourceLayer": "TPX_ROADS_AXES",
        "sourceEntityType": "LWPOLYLINE",
        "sourceHandle": "4B1",
        "contextKind": "road_axis",
        "sourceSceneVersionId": "scv-b67f98b3-a52e-4ff8-b837-45864ccd9201",
        "provenance": "topoexport_dxf_2d"
      },
      "geometry": {
        "type": "LineString",
        "coordinates": [
          [
            110.43619352659023,
            -6.960092815788135
          ],
          [
            110.43631884255545,
            -6.9600543341599215
          ],
          [
            110.43642276741011,
            -6.960017864020342
          ],
          [
            110.43652549640092,
            -6.959952032444273
          ]
        ]
      }
    },
    {
      "type": "Feature",
      "properties": {
        "sourceLayer": "TPX_ROADS_AXES",
        "sourceEntityType": "LWPOLYLINE",
        "sourceHandle": "4B6",
        "contextKind": "road_axis",
        "sourceSceneVersionId": "scv-b67f98b3-a52e-4ff8-b837-45864ccd9201",
        "provenance": "topoexport_dxf_2d"
      },
      "geometry": {
        "type": "LineString",
        "coordinates": [
          [
            110.43623578161947,
            -6.960316113694752
          ],
          [
            110.43621990569638,
            -6.960248800376769
          ],
          [
            110.43619352658963,
            -6.960092815788135
          ]
        ]
      }
    },
    {
      "type": "Feature",
      "properties": {
        "sourceLayer": "TPX_ROADS_AXES",
        "sourceEntityType": "LWPOLYLINE",
        "sourceHandle": "4BA",
        "contextKind": "road_axis",
        "sourceSceneVersionId": "scv-b67f98b3-a52e-4ff8-b837-45864ccd9201",
        "provenance": "topoexport_dxf_2d"
      },
      "geometry": {
        "type": "LineString",
        "coordinates": [
          [
            110.43472343260794,
            -6.961723931821433
          ],
          [
            110.4345370998605,
            -6.961804850153381
          ]
        ]
      }
    },
    {
      "type": "Feature",
      "properties": {
        "sourceLayer": "TPX_ROADS_AXES",
        "sourceEntityType": "LWPOLYLINE",
        "sourceHandle": "4BF",
        "contextKind": "road_axis",
        "sourceSceneVersionId": "scv-b67f98b3-a52e-4ff8-b837-45864ccd9201",
        "provenance": "topoexport_dxf_2d"
      },
      "geometry": {
        "type": "LineString",
        "coordinates": [
          [
            110.43519273815511,
            -6.961804850156861
          ],
          [
            110.43618564583608,
            -6.961274016339235
          ],
          [
            110.43643551080005,
            -6.961141539762531
          ]
        ]
      }
    },
    {
      "type": "Feature",
      "properties": {
        "sourceLayer": "TPX_ROADS_AXES",
        "sourceEntityType": "LWPOLYLINE",
        "sourceHandle": "4C5",
        "contextKind": "road_axis",
        "sourceSceneVersionId": "scv-b67f98b3-a52e-4ff8-b837-45864ccd9201",
        "provenance": "topoexport_dxf_2d"
      },
      "geometry": {
        "type": "LineString",
        "coordinates": [
          [
            110.43618564583524,
            -6.961274016337294
          ],
          [
            110.43622681458822,
            -6.9613417963148825
          ],
          [
            110.43635219054902,
            -6.961520405905725
          ],
          [
            110.43652306109385,
            -6.961804850154921
          ]
        ]
      }
    },
    {
      "type": "Feature",
      "properties": {
        "sourceLayer": "TPX_RAILWAYS_AXES",
        "sourceEntityType": "LWPOLYLINE",
        "sourceHandle": "4CD",
        "contextKind": "railway_axis",
        "sourceSceneVersionId": "scv-b67f98b3-a52e-4ff8-b837-45864ccd9201",
        "provenance": "topoexport_dxf_2d"
      },
      "geometry": {
        "type": "LineString",
        "coordinates": [
          [
            110.43535910148191,
            -6.9580300443752625
          ],
          [
            110.43526202249275,
            -6.958106727097921
          ],
          [
            110.43511433421328,
            -6.95824633286989
          ],
          [
            110.43460665117922,
            -6.95871666953654
          ],
          [
            110.43429692411598,
            -6.958949620217267
          ],
          [
            110.43346257462072,
            -6.9592387589094375
          ]
        ]
      }
    },
    {
      "type": "Feature",
      "properties": {
        "sourceLayer": "TPX_RAILWAYS_AXES",
        "sourceEntityType": "LWPOLYLINE",
        "sourceHandle": "4D2",
        "contextKind": "railway_axis",
        "sourceSceneVersionId": "scv-b67f98b3-a52e-4ff8-b837-45864ccd9201",
        "provenance": "topoexport_dxf_2d"
      },
      "geometry": {
        "type": "LineString",
        "coordinates": [
          [
            110.4342969241173,
            -6.958949620217267
          ],
          [
            110.4341987323122,
            -6.959015082497264
          ],
          [
            110.43346257462204,
            -6.959270444901373
          ]
        ]
      }
    },
    {
      "type": "Feature",
      "properties": {
        "sourceLayer": "TPX_VEGETATION_TREES_INDIVIDUAL",
        "sourceEntityType": "INSERT",
        "sourceHandle": "510",
        "contextKind": "tree",
        "sourceSceneVersionId": "scv-b67f98b3-a52e-4ff8-b837-45864ccd9201",
        "provenance": "topoexport_dxf_2d"
      },
      "geometry": {
        "type": "Point",
        "coordinates": [
          110.43647501206925,
          -6.960003225145621
        ]
      }
    },
    {
      "type": "Feature",
      "properties": {
        "sourceLayer": "TPX_VEGETATION_TREES_INDIVIDUAL",
        "sourceEntityType": "INSERT",
        "sourceHandle": "512",
        "contextKind": "tree",
        "sourceSceneVersionId": "scv-b67f98b3-a52e-4ff8-b837-45864ccd9201",
        "provenance": "topoexport_dxf_2d"
      },
      "geometry": {
        "type": "Point",
        "coordinates": [
          110.43574686568725,
          -6.960998255298318
        ]
      }
    },
    {
      "type": "Feature",
      "properties": {
        "sourceLayer": "TPX_VEGETATION_TREES_INDIVIDUAL",
        "sourceEntityType": "INSERT",
        "sourceHandle": "514",
        "contextKind": "tree",
        "sourceSceneVersionId": "scv-b67f98b3-a52e-4ff8-b837-45864ccd9201",
        "provenance": "topoexport_dxf_2d"
      },
      "geometry": {
        "type": "Point",
        "coordinates": [
          110.4362502440657,
          -6.960394812974073
        ]
      }
    },
    {
      "type": "Feature",
      "properties": {
        "sourceLayer": "TPX_VEGETATION_TREES_INDIVIDUAL",
        "sourceEntityType": "INSERT",
        "sourceHandle": "516",
        "contextKind": "tree",
        "sourceSceneVersionId": "scv-b67f98b3-a52e-4ff8-b837-45864ccd9201",
        "provenance": "topoexport_dxf_2d"
      },
      "geometry": {
        "type": "Point",
        "coordinates": [
          110.43576510621884,
          -6.958322431573849
        ]
      }
    },
    {
      "type": "Feature",
      "properties": {
        "sourceLayer": "TPX_VEGETATION_TREES_INDIVIDUAL",
        "sourceEntityType": "INSERT",
        "sourceHandle": "518",
        "contextKind": "tree",
        "sourceSceneVersionId": "scv-b67f98b3-a52e-4ff8-b837-45864ccd9201",
        "provenance": "topoexport_dxf_2d"
      },
      "geometry": {
        "type": "Point",
        "coordinates": [
          110.43362352338075,
          -6.961265177505415
        ]
      }
    },
    {
      "type": "Feature",
      "properties": {
        "sourceLayer": "TPX_VEGETATION_TREES_INDIVIDUAL",
        "sourceEntityType": "INSERT",
        "sourceHandle": "51A",
        "contextKind": "tree",
        "sourceSceneVersionId": "scv-b67f98b3-a52e-4ff8-b837-45864ccd9201",
        "provenance": "topoexport_dxf_2d"
      },
      "geometry": {
        "type": "Point",
        "coordinates": [
          110.43379402418351,
          -6.960344839545616
        ]
      }
    },
    {
      "type": "Feature",
      "properties": {
        "sourceLayer": "TPX_VEGETATION_TREES_INDIVIDUAL",
        "sourceEntityType": "INSERT",
        "sourceHandle": "51C",
        "contextKind": "tree",
        "sourceSceneVersionId": "scv-b67f98b3-a52e-4ff8-b837-45864ccd9201",
        "provenance": "topoexport_dxf_2d"
      },
      "geometry": {
        "type": "Point",
        "coordinates": [
          110.43383715571846,
          -6.960535161400516
        ]
      }
    },
    {
      "type": "Feature",
      "properties": {
        "sourceLayer": "TPX_VEGETATION_TREES_INDIVIDUAL",
        "sourceEntityType": "INSERT",
        "sourceHandle": "51E",
        "contextKind": "tree",
        "sourceSceneVersionId": "scv-b67f98b3-a52e-4ff8-b837-45864ccd9201",
        "provenance": "topoexport_dxf_2d"
      },
      "geometry": {
        "type": "Point",
        "coordinates": [
          110.43567991038816,
          -6.958830195516887
        ]
      }
    },
    {
      "type": "Feature",
      "properties": {
        "sourceLayer": "TPX_VEGETATION_TREES_INDIVIDUAL",
        "sourceEntityType": "INSERT",
        "sourceHandle": "520",
        "contextKind": "tree",
        "sourceSceneVersionId": "scv-b67f98b3-a52e-4ff8-b837-45864ccd9201",
        "provenance": "topoexport_dxf_2d"
      },
      "geometry": {
        "type": "Point",
        "coordinates": [
          110.43638825673918,
          -6.9592101056089035
        ]
      }
    },
    {
      "type": "Feature",
      "properties": {
        "sourceLayer": "TPX_VEGETATION_TREES_INDIVIDUAL",
        "sourceEntityType": "INSERT",
        "sourceHandle": "522",
        "contextKind": "tree",
        "sourceSceneVersionId": "scv-b67f98b3-a52e-4ff8-b837-45864ccd9201",
        "provenance": "topoexport_dxf_2d"
      },
      "geometry": {
        "type": "Point",
        "coordinates": [
          110.43639048787317,
          -6.961071528476254
        ]
      }
    },
    {
      "type": "Feature",
      "properties": {
        "sourceLayer": "TPX_VEGETATION_TREES_INDIVIDUAL",
        "sourceEntityType": "INSERT",
        "sourceHandle": "524",
        "contextKind": "tree",
        "sourceSceneVersionId": "scv-b67f98b3-a52e-4ff8-b837-45864ccd9201",
        "provenance": "topoexport_dxf_2d"
      },
      "geometry": {
        "type": "Point",
        "coordinates": [
          110.43497501950223,
          -6.961327032731986
        ]
      }
    },
    {
      "type": "Feature",
      "properties": {
        "sourceLayer": "TPX_VEGETATION_TREES_INDIVIDUAL",
        "sourceEntityType": "INSERT",
        "sourceHandle": "526",
        "contextKind": "tree",
        "sourceSceneVersionId": "scv-b67f98b3-a52e-4ff8-b837-45864ccd9201",
        "provenance": "topoexport_dxf_2d"
      },
      "geometry": {
        "type": "Point",
        "coordinates": [
          110.4363670463859,
          -6.9594110803511935
        ]
      }
    },
    {
      "type": "Feature",
      "properties": {
        "sourceLayer": "TPX_VEGETATION_TREES_INDIVIDUAL",
        "sourceEntityType": "INSERT",
        "sourceHandle": "528",
        "contextKind": "tree",
        "sourceSceneVersionId": "scv-b67f98b3-a52e-4ff8-b837-45864ccd9201",
        "provenance": "topoexport_dxf_2d"
      },
      "geometry": {
        "type": "Point",
        "coordinates": [
          110.43563952124069,
          -6.960924348395008
        ]
      }
    },
    {
      "type": "Feature",
      "properties": {
        "sourceLayer": "TPX_VEGETATION_TREES_INDIVIDUAL",
        "sourceEntityType": "INSERT",
        "sourceHandle": "52A",
        "contextKind": "tree",
        "sourceSceneVersionId": "scv-b67f98b3-a52e-4ff8-b837-45864ccd9201",
        "provenance": "topoexport_dxf_2d"
      },
      "geometry": {
        "type": "Point",
        "coordinates": [
          110.43561801933846,
          -6.960882068763227
        ]
      }
    },
    {
      "type": "Feature",
      "properties": {
        "sourceLayer": "TPX_VEGETATION_TREES_INDIVIDUAL",
        "sourceEntityType": "INSERT",
        "sourceHandle": "52C",
        "contextKind": "tree",
        "sourceSceneVersionId": "scv-b67f98b3-a52e-4ff8-b837-45864ccd9201",
        "provenance": "topoexport_dxf_2d"
      },
      "geometry": {
        "type": "Point",
        "coordinates": [
          110.43588595531992,
          -6.9607125316541225
        ]
      }
    },
    {
      "type": "Feature",
      "properties": {
        "sourceLayer": "TPX_VEGETATION_TREES_INDIVIDUAL",
        "sourceEntityType": "INSERT",
        "sourceHandle": "52E",
        "contextKind": "tree",
        "sourceSceneVersionId": "scv-b67f98b3-a52e-4ff8-b837-45864ccd9201",
        "provenance": "topoexport_dxf_2d"
      },
      "geometry": {
        "type": "Point",
        "coordinates": [
          110.43575742624152,
          -6.960860751366893
        ]
      }
    },
    {
      "type": "Feature",
      "properties": {
        "sourceLayer": "TPX_VEGETATION_TREES_INDIVIDUAL",
        "sourceEntityType": "INSERT",
        "sourceHandle": "530",
        "contextKind": "tree",
        "sourceSceneVersionId": "scv-b67f98b3-a52e-4ff8-b837-45864ccd9201",
        "provenance": "topoexport_dxf_2d"
      },
      "geometry": {
        "type": "Point",
        "coordinates": [
          110.43613033516641,
          -6.958787357959986
        ]
      }
    },
    {
      "type": "Feature",
      "properties": {
        "sourceLayer": "TPX_VEGETATION_TREES_INDIVIDUAL",
        "sourceEntityType": "INSERT",
        "sourceHandle": "532",
        "contextKind": "tree",
        "sourceSceneVersionId": "scv-b67f98b3-a52e-4ff8-b837-45864ccd9201",
        "provenance": "topoexport_dxf_2d"
      },
      "geometry": {
        "type": "Point",
        "coordinates": [
          110.43591913446826,
          -6.9615480169823085
        ]
      }
    },
    {
      "type": "Feature",
      "properties": {
        "sourceLayer": "TPX_VEGETATION_TREES_INDIVIDUAL",
        "sourceEntityType": "INSERT",
        "sourceHandle": "534",
        "contextKind": "tree",
        "sourceSceneVersionId": "scv-b67f98b3-a52e-4ff8-b837-45864ccd9201",
        "provenance": "topoexport_dxf_2d"
      },
      "geometry": {
        "type": "Point",
        "coordinates": [
          110.4336126958933,
          -6.961180580259083
        ]
      }
    },
    {
      "type": "Feature",
      "properties": {
        "sourceLayer": "TPX_VEGETATION_TREES_INDIVIDUAL",
        "sourceEntityType": "INSERT",
        "sourceHandle": "536",
        "contextKind": "tree",
        "sourceSceneVersionId": "scv-b67f98b3-a52e-4ff8-b837-45864ccd9201",
        "provenance": "topoexport_dxf_2d"
      },
      "geometry": {
        "type": "Point",
        "coordinates": [
          110.43509307682034,
          -6.961390350484604
        ]
      }
    },
    {
      "type": "Feature",
      "properties": {
        "sourceLayer": "TPX_VEGETATION_TREES_INDIVIDUAL",
        "sourceEntityType": "INSERT",
        "sourceHandle": "538",
        "contextKind": "tree",
        "sourceSceneVersionId": "scv-b67f98b3-a52e-4ff8-b837-45864ccd9201",
        "provenance": "topoexport_dxf_2d"
      },
      "geometry": {
        "type": "Point",
        "coordinates": [
          110.43572573191325,
          -6.961262686801671
        ]
      }
    },
    {
      "type": "Feature",
      "properties": {
        "sourceLayer": "TPX_VEGETATION_TREES_INDIVIDUAL",
        "sourceEntityType": "INSERT",
        "sourceHandle": "53A",
        "contextKind": "tree",
        "sourceSceneVersionId": "scv-b67f98b3-a52e-4ff8-b837-45864ccd9201",
        "provenance": "topoexport_dxf_2d"
      },
      "geometry": {
        "type": "Point",
        "coordinates": [
          110.43613046197001,
          -6.958893120916825
        ]
      }
    },
    {
      "type": "Feature",
      "properties": {
        "sourceLayer": "TPX_VEGETATION_TREES_INDIVIDUAL",
        "sourceEntityType": "INSERT",
        "sourceHandle": "53C",
        "contextKind": "tree",
        "sourceSceneVersionId": "scv-b67f98b3-a52e-4ff8-b837-45864ccd9201",
        "provenance": "topoexport_dxf_2d"
      },
      "geometry": {
        "type": "Point",
        "coordinates": [
          110.43595892838944,
          -6.958956781441177
        ]
      }
    },
    {
      "type": "Feature",
      "properties": {
        "sourceLayer": "TPX_VEGETATION_TREES_INDIVIDUAL",
        "sourceEntityType": "INSERT",
        "sourceHandle": "53E",
        "contextKind": "tree",
        "sourceSceneVersionId": "scv-b67f98b3-a52e-4ff8-b837-45864ccd9201",
        "provenance": "topoexport_dxf_2d"
      },
      "geometry": {
        "type": "Point",
        "coordinates": [
          110.43623785748136,
          -6.959009333446675
        ]
      }
    },
    {
      "type": "Feature",
      "properties": {
        "sourceLayer": "TPX_VEGETATION_TREES_INDIVIDUAL",
        "sourceEntityType": "INSERT",
        "sourceHandle": "540",
        "contextKind": "tree",
        "sourceSceneVersionId": "scv-b67f98b3-a52e-4ff8-b837-45864ccd9201",
        "provenance": "topoexport_dxf_2d"
      },
      "geometry": {
        "type": "Point",
        "coordinates": [
          110.43622767707153,
          -6.959464126442877
        ]
      }
    },
    {
      "type": "Feature",
      "properties": {
        "sourceLayer": "TPX_VEGETATION_TREES_INDIVIDUAL",
        "sourceEntityType": "INSERT",
        "sourceHandle": "542",
        "contextKind": "tree",
        "sourceSceneVersionId": "scv-b67f98b3-a52e-4ff8-b837-45864ccd9201",
        "provenance": "topoexport_dxf_2d"
      },
      "geometry": {
        "type": "Point",
        "coordinates": [
          110.43628157127577,
          -6.959686164959322
        ]
      }
    },
    {
      "type": "Feature",
      "properties": {
        "sourceLayer": "TPX_VEGETATION_TREES_INDIVIDUAL",
        "sourceEntityType": "INSERT",
        "sourceHandle": "544",
        "contextKind": "tree",
        "sourceSceneVersionId": "scv-b67f98b3-a52e-4ff8-b837-45864ccd9201",
        "provenance": "topoexport_dxf_2d"
      },
      "geometry": {
        "type": "Point",
        "coordinates": [
          110.43375061242345,
          -6.959921839602334
        ]
      }
    },
    {
      "type": "Feature",
      "properties": {
        "sourceLayer": "TPX_VEGETATION_TREES_INDIVIDUAL",
        "sourceEntityType": "INSERT",
        "sourceHandle": "546",
        "contextKind": "tree",
        "sourceSceneVersionId": "scv-b67f98b3-a52e-4ff8-b837-45864ccd9201",
        "provenance": "topoexport_dxf_2d"
      },
      "geometry": {
        "type": "Point",
        "coordinates": [
          110.43414815911201,
          -6.960503063685445
        ]
      }
    },
    {
      "type": "Feature",
      "properties": {
        "sourceLayer": "TPX_VEGETATION_TREES_INDIVIDUAL",
        "sourceEntityType": "INSERT",
        "sourceHandle": "548",
        "contextKind": "tree",
        "sourceSceneVersionId": "scv-b67f98b3-a52e-4ff8-b837-45864ccd9201",
        "provenance": "topoexport_dxf_2d"
      },
      "geometry": {
        "type": "Point",
        "coordinates": [
          110.43413753536711,
          -6.960587686494506
        ]
      }
    },
    {
      "type": "Feature",
      "properties": {
        "sourceLayer": "TPX_VEGETATION_TREES_INDIVIDUAL",
        "sourceEntityType": "INSERT",
        "sourceHandle": "54A",
        "contextKind": "tree",
        "sourceSceneVersionId": "scv-b67f98b3-a52e-4ff8-b837-45864ccd9201",
        "provenance": "topoexport_dxf_2d"
      },
      "geometry": {
        "type": "Point",
        "coordinates": [
          110.43593945626047,
          -6.96060670570464
        ]
      }
    },
    {
      "type": "Feature",
      "properties": {
        "sourceLayer": "TPX_VEGETATION_TREES_INDIVIDUAL",
        "sourceEntityType": "INSERT",
        "sourceHandle": "54C",
        "contextKind": "tree",
        "sourceSceneVersionId": "scv-b67f98b3-a52e-4ff8-b837-45864ccd9201",
        "provenance": "topoexport_dxf_2d"
      },
      "geometry": {
        "type": "Point",
        "coordinates": [
          110.43612180357115,
          -6.960617066470221
        ]
      }
    },
    {
      "type": "Feature",
      "properties": {
        "sourceLayer": "TPX_VEGETATION_TREES_INDIVIDUAL",
        "sourceEntityType": "INSERT",
        "sourceHandle": "54E",
        "contextKind": "tree",
        "sourceSceneVersionId": "scv-b67f98b3-a52e-4ff8-b837-45864ccd9201",
        "provenance": "topoexport_dxf_2d"
      },
      "geometry": {
        "type": "Point",
        "coordinates": [
          110.4345239484409,
          -6.960830482695251
        ]
      }
    },
    {
      "type": "Feature",
      "properties": {
        "sourceLayer": "TPX_VEGETATION_TREES_INDIVIDUAL",
        "sourceEntityType": "INSERT",
        "sourceHandle": "550",
        "contextKind": "tree",
        "sourceSceneVersionId": "scv-b67f98b3-a52e-4ff8-b837-45864ccd9201",
        "provenance": "topoexport_dxf_2d"
      },
      "geometry": {
        "type": "Point",
        "coordinates": [
          110.43635805762594,
          -6.960860041523402
        ]
      }
    },
    {
      "type": "Feature",
      "properties": {
        "sourceLayer": "TPX_VEGETATION_TREES_INDIVIDUAL",
        "sourceEntityType": "INSERT",
        "sourceHandle": "552",
        "contextKind": "tree",
        "sourceSceneVersionId": "scv-b67f98b3-a52e-4ff8-b837-45864ccd9201",
        "provenance": "topoexport_dxf_2d"
      },
      "geometry": {
        "type": "Point",
        "coordinates": [
          110.43553271007181,
          -6.961294643880207
        ]
      }
    },
    {
      "type": "Feature",
      "properties": {
        "sourceLayer": "TPX_VEGETATION_TREES_INDIVIDUAL",
        "sourceEntityType": "INSERT",
        "sourceHandle": "554",
        "contextKind": "tree",
        "sourceSceneVersionId": "scv-b67f98b3-a52e-4ff8-b837-45864ccd9201",
        "provenance": "topoexport_dxf_2d"
      },
      "geometry": {
        "type": "Point",
        "coordinates": [
          110.43636931570694,
          -6.961304231160889
        ]
      }
    },
    {
      "type": "Feature",
      "properties": {
        "sourceLayer": "TPX_VEGETATION_TREES_INDIVIDUAL",
        "sourceEntityType": "INSERT",
        "sourceHandle": "556",
        "contextKind": "tree",
        "sourceSceneVersionId": "scv-b67f98b3-a52e-4ff8-b837-45864ccd9201",
        "provenance": "topoexport_dxf_2d"
      },
      "geometry": {
        "type": "Point",
        "coordinates": [
          110.43568332482035,
          -6.961675210822272
        ]
      }
    },
    {
      "type": "Feature",
      "properties": {
        "sourceLayer": "TPX_VEGETATION_TREES_INDIVIDUAL",
        "sourceEntityType": "INSERT",
        "sourceHandle": "558",
        "contextKind": "tree",
        "sourceSceneVersionId": "scv-b67f98b3-a52e-4ff8-b837-45864ccd9201",
        "provenance": "topoexport_dxf_2d"
      },
      "geometry": {
        "type": "Point",
        "coordinates": [
          110.43460012125105,
          -6.961739950718367
        ]
      }
    },
    {
      "type": "Feature",
      "properties": {
        "sourceLayer": "TPX_VEGETATION_TREES_INDIVIDUAL",
        "sourceEntityType": "INSERT",
        "sourceHandle": "55A",
        "contextKind": "tree",
        "sourceSceneVersionId": "scv-b67f98b3-a52e-4ff8-b837-45864ccd9201",
        "provenance": "topoexport_dxf_2d"
      },
      "geometry": {
        "type": "Point",
        "coordinates": [
          110.43546873776431,
          -6.961612007177484
        ]
      }
    },
    {
      "type": "Feature",
      "properties": {
        "sourceLayer": "TPX_VEGETATION_TREES_INDIVIDUAL",
        "sourceEntityType": "INSERT",
        "sourceHandle": "55C",
        "contextKind": "tree",
        "sourceSceneVersionId": "scv-b67f98b3-a52e-4ff8-b837-45864ccd9201",
        "provenance": "topoexport_dxf_2d"
      },
      "geometry": {
        "type": "Point",
        "coordinates": [
          110.43605756434353,
          -6.960712328815011
        ]
      }
    },
    {
      "type": "Feature",
      "properties": {
        "sourceLayer": "TPX_VEGETATION_TREES_INDIVIDUAL",
        "sourceEntityType": "INSERT",
        "sourceHandle": "55E",
        "contextKind": "tree",
        "sourceSceneVersionId": "scv-b67f98b3-a52e-4ff8-b837-45864ccd9201",
        "provenance": "topoexport_dxf_2d"
      },
      "geometry": {
        "type": "Point",
        "coordinates": [
          110.43582231264615,
          -6.961304877623094
        ]
      }
    },
    {
      "type": "Feature",
      "properties": {
        "sourceLayer": "TPX_VEGETATION_TREES_INDIVIDUAL",
        "sourceEntityType": "INSERT",
        "sourceHandle": "560",
        "contextKind": "tree",
        "sourceSceneVersionId": "scv-b67f98b3-a52e-4ff8-b837-45864ccd9201",
        "provenance": "topoexport_dxf_2d"
      },
      "geometry": {
        "type": "Point",
        "coordinates": [
          110.43642042085729,
          -6.959199491326976
        ]
      }
    },
    {
      "type": "Feature",
      "properties": {
        "sourceLayer": "TPX_VEGETATION_TREES_INDIVIDUAL",
        "sourceEntityType": "INSERT",
        "sourceHandle": "562",
        "contextKind": "tree",
        "sourceSceneVersionId": "scv-b67f98b3-a52e-4ff8-b837-45864ccd9201",
        "provenance": "topoexport_dxf_2d"
      },
      "geometry": {
        "type": "Point",
        "coordinates": [
          110.43555469450055,
          -6.961738820465775
        ]
      }
    },
    {
      "type": "Feature",
      "properties": {
        "sourceLayer": "TPX_VEGETATION_TREES_INDIVIDUAL",
        "sourceEntityType": "INSERT",
        "sourceHandle": "564",
        "contextKind": "tree",
        "sourceSceneVersionId": "scv-b67f98b3-a52e-4ff8-b837-45864ccd9201",
        "provenance": "topoexport_dxf_2d"
      },
      "geometry": {
        "type": "Point",
        "coordinates": [
          110.43559735541325,
          -6.96153782125915
        ]
      }
    },
    {
      "type": "Feature",
      "properties": {
        "sourceLayer": "TPX_VEGETATION_TREES_INDIVIDUAL",
        "sourceEntityType": "INSERT",
        "sourceHandle": "566",
        "contextKind": "tree",
        "sourceSceneVersionId": "scv-b67f98b3-a52e-4ff8-b837-45864ccd9201",
        "provenance": "topoexport_dxf_2d"
      },
      "geometry": {
        "type": "Point",
        "coordinates": [
          110.435980011771,
          -6.958650043486178
        ]
      }
    },
    {
      "type": "Feature",
      "properties": {
        "sourceLayer": "TPX_VEGETATION_TREES_INDIVIDUAL",
        "sourceEntityType": "INSERT",
        "sourceHandle": "568",
        "contextKind": "tree",
        "sourceSceneVersionId": "scv-b67f98b3-a52e-4ff8-b837-45864ccd9201",
        "provenance": "topoexport_dxf_2d"
      },
      "geometry": {
        "type": "Point",
        "coordinates": [
          110.43378259815502,
          -6.959763157260951
        ]
      }
    },
    {
      "type": "Feature",
      "properties": {
        "sourceLayer": "TPX_VEGETATION_TREES_INDIVIDUAL",
        "sourceEntityType": "INSERT",
        "sourceHandle": "56A",
        "contextKind": "tree",
        "sourceSceneVersionId": "scv-b67f98b3-a52e-4ff8-b837-45864ccd9201",
        "provenance": "topoexport_dxf_2d"
      },
      "geometry": {
        "type": "Point",
        "coordinates": [
          110.43573692714376,
          -6.961653994929659
        ]
      }
    },
    {
      "type": "Feature",
      "properties": {
        "sourceLayer": "TPX_VEGETATION_TREES_INDIVIDUAL",
        "sourceEntityType": "INSERT",
        "sourceHandle": "56C",
        "contextKind": "tree",
        "sourceSceneVersionId": "scv-b67f98b3-a52e-4ff8-b837-45864ccd9201",
        "provenance": "topoexport_dxf_2d"
      },
      "geometry": {
        "type": "Point",
        "coordinates": [
          110.43515739199971,
          -6.961358545574891
        ]
      }
    },
    {
      "type": "Feature",
      "properties": {
        "sourceLayer": "TPX_VEGETATION_TREES_INDIVIDUAL",
        "sourceEntityType": "INSERT",
        "sourceHandle": "56E",
        "contextKind": "tree",
        "sourceSceneVersionId": "scv-b67f98b3-a52e-4ff8-b837-45864ccd9201",
        "provenance": "topoexport_dxf_2d"
      },
      "geometry": {
        "type": "Point",
        "coordinates": [
          110.43591822083265,
          -6.96078652739227
        ]
      }
    },
    {
      "type": "Feature",
      "properties": {
        "sourceLayer": "TPX_VEGETATION_TREES_INDIVIDUAL",
        "sourceEntityType": "INSERT",
        "sourceHandle": "570",
        "contextKind": "tree",
        "sourceSceneVersionId": "scv-b67f98b3-a52e-4ff8-b837-45864ccd9201",
        "provenance": "topoexport_dxf_2d"
      },
      "geometry": {
        "type": "Point",
        "coordinates": [
          110.43565116088914,
          -6.96168582511382
        ]
      }
    },
    {
      "type": "Feature",
      "properties": {
        "sourceLayer": "TPX_VEGETATION_TREES_INDIVIDUAL",
        "sourceEntityType": "INSERT",
        "sourceHandle": "572",
        "contextKind": "tree",
        "sourceSceneVersionId": "scv-b67f98b3-a52e-4ff8-b837-45864ccd9201",
        "provenance": "topoexport_dxf_2d"
      },
      "geometry": {
        "type": "Point",
        "coordinates": [
          110.43618563700582,
          -6.960183363734765
        ]
      }
    },
    {
      "type": "Feature",
      "properties": {
        "sourceLayer": "TPX_VEGETATION_TREES_INDIVIDUAL",
        "sourceEntityType": "INSERT",
        "sourceHandle": "574",
        "contextKind": "tree",
        "sourceSceneVersionId": "scv-b67f98b3-a52e-4ff8-b837-45864ccd9201",
        "provenance": "topoexport_dxf_2d"
      },
      "geometry": {
        "type": "Point",
        "coordinates": [
          110.43557231161016,
          -6.958544762232516
        ]
      }
    },
    {
      "type": "Feature",
      "properties": {
        "sourceLayer": "TPX_VEGETATION_TREES_INDIVIDUAL",
        "sourceEntityType": "INSERT",
        "sourceHandle": "576",
        "contextKind": "tree",
        "sourceSceneVersionId": "scv-b67f98b3-a52e-4ff8-b837-45864ccd9201",
        "provenance": "topoexport_dxf_2d"
      },
      "geometry": {
        "type": "Point",
        "coordinates": [
          110.43550741210639,
          -6.958090057069269
        ]
      }
    },
    {
      "type": "Feature",
      "properties": {
        "sourceLayer": "TPX_VEGETATION_TREES_INDIVIDUAL",
        "sourceEntityType": "INSERT",
        "sourceHandle": "578",
        "contextKind": "tree",
        "sourceSceneVersionId": "scv-b67f98b3-a52e-4ff8-b837-45864ccd9201",
        "provenance": "topoexport_dxf_2d"
      },
      "geometry": {
        "type": "Point",
        "coordinates": [
          110.43386940884109,
          -6.960598580794127
        ]
      }
    },
    {
      "type": "Feature",
      "properties": {
        "sourceLayer": "TPX_VEGETATION_TREES_INDIVIDUAL",
        "sourceEntityType": "INSERT",
        "sourceHandle": "57A",
        "contextKind": "tree",
        "sourceSceneVersionId": "scv-b67f98b3-a52e-4ff8-b837-45864ccd9201",
        "provenance": "topoexport_dxf_2d"
      },
      "geometry": {
        "type": "Point",
        "coordinates": [
          110.43536121556633,
          -6.961390033098203
        ]
      }
    },
    {
      "type": "Feature",
      "properties": {
        "sourceLayer": "TPX_VEGETATION_TREES_INDIVIDUAL",
        "sourceEntityType": "INSERT",
        "sourceHandle": "57C",
        "contextKind": "tree",
        "sourceSceneVersionId": "scv-b67f98b3-a52e-4ff8-b837-45864ccd9201",
        "provenance": "topoexport_dxf_2d"
      },
      "geometry": {
        "type": "Point",
        "coordinates": [
          110.43570384921122,
          -6.9609031197867965
        ]
      }
    },
    {
      "type": "Feature",
      "properties": {
        "sourceLayer": "TPX_VEGETATION_TREES_INDIVIDUAL",
        "sourceEntityType": "INSERT",
        "sourceHandle": "57E",
        "contextKind": "tree",
        "sourceSceneVersionId": "scv-b67f98b3-a52e-4ff8-b837-45864ccd9201",
        "provenance": "topoexport_dxf_2d"
      },
      "geometry": {
        "type": "Point",
        "coordinates": [
          110.43382631552875,
          -6.9604399877570575
        ]
      }
    },
    {
      "type": "Feature",
      "properties": {
        "sourceLayer": "TPX_VEGETATION_TREES_INDIVIDUAL",
        "sourceEntityType": "INSERT",
        "sourceHandle": "580",
        "contextKind": "tree",
        "sourceSceneVersionId": "scv-b67f98b3-a52e-4ff8-b837-45864ccd9201",
        "provenance": "topoexport_dxf_2d"
      },
      "geometry": {
        "type": "Point",
        "coordinates": [
          110.43624072325107,
          -6.961399569369649
        ]
      }
    },
    {
      "type": "Feature",
      "properties": {
        "sourceLayer": "TPX_VEGETATION_TREES_INDIVIDUAL",
        "sourceEntityType": "INSERT",
        "sourceHandle": "582",
        "contextKind": "tree",
        "sourceSceneVersionId": "scv-b67f98b3-a52e-4ff8-b837-45864ccd9201",
        "provenance": "topoexport_dxf_2d"
      },
      "geometry": {
        "type": "Point",
        "coordinates": [
          110.43649769271777,
          -6.96102909681821
        ]
      }
    },
    {
      "type": "Feature",
      "properties": {
        "sourceLayer": "TPX_VEGETATION_TREES_INDIVIDUAL",
        "sourceEntityType": "INSERT",
        "sourceHandle": "584",
        "contextKind": "tree",
        "sourceSceneVersionId": "scv-b67f98b3-a52e-4ff8-b837-45864ccd9201",
        "provenance": "topoexport_dxf_2d"
      },
      "geometry": {
        "type": "Point",
        "coordinates": [
          110.43421276708071,
          -6.960714512577055
        ]
      }
    },
    {
      "type": "Feature",
      "properties": {
        "sourceLayer": "TPX_VEGETATION_TREES_INDIVIDUAL",
        "sourceEntityType": "INSERT",
        "sourceHandle": "586",
        "contextKind": "tree",
        "sourceSceneVersionId": "scv-b67f98b3-a52e-4ff8-b837-45864ccd9201",
        "provenance": "topoexport_dxf_2d"
      },
      "geometry": {
        "type": "Point",
        "coordinates": [
          110.43526105290144,
          -6.9583653329273165
        ]
      }
    },
    {
      "type": "Feature",
      "properties": {
        "sourceLayer": "TPX_VEGETATION_TREES_INDIVIDUAL",
        "sourceEntityType": "INSERT",
        "sourceHandle": "588",
        "contextKind": "tree",
        "sourceSceneVersionId": "scv-b67f98b3-a52e-4ff8-b837-45864ccd9201",
        "provenance": "topoexport_dxf_2d"
      },
      "geometry": {
        "type": "Point",
        "coordinates": [
          110.43622874220044,
          -6.960352533270124
        ]
      }
    },
    {
      "type": "Feature",
      "properties": {
        "sourceLayer": "TPX_VEGETATION_TREES_INDIVIDUAL",
        "sourceEntityType": "INSERT",
        "sourceHandle": "58A",
        "contextKind": "tree",
        "sourceSceneVersionId": "scv-b67f98b3-a52e-4ff8-b837-45864ccd9201",
        "provenance": "topoexport_dxf_2d"
      },
      "geometry": {
        "type": "Point",
        "coordinates": [
          110.43576586751193,
          -6.958957009621817
        ]
      }
    },
    {
      "type": "Feature",
      "properties": {
        "sourceLayer": "TPX_VEGETATION_TREES_INDIVIDUAL",
        "sourceEntityType": "INSERT",
        "sourceHandle": "58C",
        "contextKind": "tree",
        "sourceSceneVersionId": "scv-b67f98b3-a52e-4ff8-b837-45864ccd9201",
        "provenance": "topoexport_dxf_2d"
      },
      "geometry": {
        "type": "Point",
        "coordinates": [
          110.43627149232934,
          -6.960225567429573
        ]
      }
    },
    {
      "type": "Feature",
      "properties": {
        "sourceLayer": "TPX_VEGETATION_TREES_INDIVIDUAL",
        "sourceEntityType": "INSERT",
        "sourceHandle": "58E",
        "contextKind": "tree",
        "sourceSceneVersionId": "scv-b67f98b3-a52e-4ff8-b837-45864ccd9201",
        "provenance": "topoexport_dxf_2d"
      },
      "geometry": {
        "type": "Point",
        "coordinates": [
          110.43598313246387,
          -6.9612518062133075
        ]
      }
    },
    {
      "type": "Feature",
      "properties": {
        "sourceLayer": "TPX_VEGETATION_TREES_INDIVIDUAL",
        "sourceEntityType": "INSERT",
        "sourceHandle": "590",
        "contextKind": "tree",
        "sourceSceneVersionId": "scv-b67f98b3-a52e-4ff8-b837-45864ccd9201",
        "provenance": "topoexport_dxf_2d"
      },
      "geometry": {
        "type": "Point",
        "coordinates": [
          110.43601311449034,
          -6.959422074749283
        ]
      }
    },
    {
      "type": "Feature",
      "properties": {
        "sourceLayer": "TPX_VEGETATION_TREES_INDIVIDUAL",
        "sourceEntityType": "INSERT",
        "sourceHandle": "592",
        "contextKind": "tree",
        "sourceSceneVersionId": "scv-b67f98b3-a52e-4ff8-b837-45864ccd9201",
        "provenance": "topoexport_dxf_2d"
      },
      "geometry": {
        "type": "Point",
        "coordinates": [
          110.43567979617447,
          -6.9587350088369035
        ]
      }
    },
    {
      "type": "Feature",
      "properties": {
        "sourceLayer": "TPX_VEGETATION_TREES_INDIVIDUAL",
        "sourceEntityType": "INSERT",
        "sourceHandle": "594",
        "contextKind": "tree",
        "sourceSceneVersionId": "scv-b67f98b3-a52e-4ff8-b837-45864ccd9201",
        "provenance": "topoexport_dxf_2d"
      },
      "geometry": {
        "type": "Point",
        "coordinates": [
          110.43517927513012,
          -6.961718112252457
        ]
      }
    },
    {
      "type": "Feature",
      "properties": {
        "sourceLayer": "TPX_VEGETATION_TREES_INDIVIDUAL",
        "sourceEntityType": "INSERT",
        "sourceHandle": "596",
        "contextKind": "tree",
        "sourceSceneVersionId": "scv-b67f98b3-a52e-4ff8-b837-45864ccd9201",
        "provenance": "topoexport_dxf_2d"
      },
      "geometry": {
        "type": "Point",
        "coordinates": [
          110.43629408468581,
          -6.961177404949853
        ]
      }
    },
    {
      "type": "Feature",
      "properties": {
        "sourceLayer": "TPX_VEGETATION_TREES_INDIVIDUAL",
        "sourceEntityType": "INSERT",
        "sourceHandle": "598",
        "contextKind": "tree",
        "sourceSceneVersionId": "scv-b67f98b3-a52e-4ff8-b837-45864ccd9201",
        "provenance": "topoexport_dxf_2d"
      },
      "geometry": {
        "type": "Point",
        "coordinates": [
          110.43637820296802,
          -6.959770661155665
        ]
      }
    },
    {
      "type": "Feature",
      "properties": {
        "sourceLayer": "TPX_VEGETATION_TREES_INDIVIDUAL",
        "sourceEntityType": "INSERT",
        "sourceHandle": "59A",
        "contextKind": "tree",
        "sourceSceneVersionId": "scv-b67f98b3-a52e-4ff8-b837-45864ccd9201",
        "provenance": "topoexport_dxf_2d"
      },
      "geometry": {
        "type": "Point",
        "coordinates": [
          110.43376164367275,
          -6.9601756574302565
        ]
      }
    },
    {
      "type": "Feature",
      "properties": {
        "sourceLayer": "TPX_VEGETATION_TREES_INDIVIDUAL",
        "sourceEntityType": "INSERT",
        "sourceHandle": "59C",
        "contextKind": "tree",
        "sourceSceneVersionId": "scv-b67f98b3-a52e-4ff8-b837-45864ccd9201",
        "provenance": "topoexport_dxf_2d"
      },
      "geometry": {
        "type": "Point",
        "coordinates": [
          110.435886754783,
          -6.961378835219466
        ]
      }
    },
    {
      "type": "Feature",
      "properties": {
        "sourceLayer": "TPX_VEGETATION_TREES_INDIVIDUAL",
        "sourceEntityType": "INSERT",
        "sourceHandle": "59E",
        "contextKind": "tree",
        "sourceSceneVersionId": "scv-b67f98b3-a52e-4ff8-b837-45864ccd9201",
        "provenance": "topoexport_dxf_2d"
      },
      "geometry": {
        "type": "Point",
        "coordinates": [
          110.43393383866216,
          -6.960661962009903
        ]
      }
    },
    {
      "type": "Feature",
      "properties": {
        "sourceLayer": "TPX_VEGETATION_TREES_INDIVIDUAL",
        "sourceEntityType": "INSERT",
        "sourceHandle": "5A0",
        "contextKind": "tree",
        "sourceSceneVersionId": "scv-b67f98b3-a52e-4ff8-b837-45864ccd9201",
        "provenance": "topoexport_dxf_2d"
      },
      "geometry": {
        "type": "Point",
        "coordinates": [
          110.4360146874609,
          -6.96073353202703
        ]
      }
    },
    {
      "type": "Feature",
      "properties": {
        "sourceLayer": "TPX_VEGETATION_TREES_INDIVIDUAL",
        "sourceEntityType": "INSERT",
        "sourceHandle": "5A2",
        "contextKind": "tree",
        "sourceSceneVersionId": "scv-b67f98b3-a52e-4ff8-b837-45864ccd9201",
        "provenance": "topoexport_dxf_2d"
      },
      "geometry": {
        "type": "Point",
        "coordinates": [
          110.43620693598551,
          -6.9600564231868995
        ]
      }
    },
    {
      "type": "Feature",
      "properties": {
        "sourceLayer": "TPX_VEGETATION_TREES_INDIVIDUAL",
        "sourceEntityType": "INSERT",
        "sourceHandle": "5A4",
        "contextKind": "tree",
        "sourceSceneVersionId": "scv-b67f98b3-a52e-4ff8-b837-45864ccd9201",
        "provenance": "topoexport_dxf_2d"
      },
      "geometry": {
        "type": "Point",
        "coordinates": [
          110.43551160184343,
          -6.961580227711249
        ]
      }
    },
    {
      "type": "Feature",
      "properties": {
        "sourceLayer": "TPX_VEGETATION_TREES_INDIVIDUAL",
        "sourceEntityType": "INSERT",
        "sourceHandle": "5A6",
        "contextKind": "tree",
        "sourceSceneVersionId": "scv-b67f98b3-a52e-4ff8-b837-45864ccd9201",
        "provenance": "topoexport_dxf_2d"
      },
      "geometry": {
        "type": "Point",
        "coordinates": [
          110.43571527294274,
          -6.961484800527434
        ]
      }
    },
    {
      "type": "Feature",
      "properties": {
        "sourceLayer": "TPX_VEGETATION_TREES_INDIVIDUAL",
        "sourceEntityType": "INSERT",
        "sourceHandle": "5A8",
        "contextKind": "tree",
        "sourceSceneVersionId": "scv-b67f98b3-a52e-4ff8-b837-45864ccd9201",
        "provenance": "topoexport_dxf_2d"
      },
      "geometry": {
        "type": "Point",
        "coordinates": [
          110.43540040977051,
          -6.95830171013898
        ]
      }
    },
    {
      "type": "Feature",
      "properties": {
        "sourceLayer": "TPX_VEGETATION_TREES_INDIVIDUAL",
        "sourceEntityType": "INSERT",
        "sourceHandle": "5AA",
        "contextKind": "tree",
        "sourceSceneVersionId": "scv-b67f98b3-a52e-4ff8-b837-45864ccd9201",
        "provenance": "topoexport_dxf_2d"
      },
      "geometry": {
        "type": "Point",
        "coordinates": [
          110.43613156524164,
          -6.959813257648737
        ]
      }
    },
    {
      "type": "Feature",
      "properties": {
        "sourceLayer": "TPX_VEGETATION_TREES_INDIVIDUAL",
        "sourceEntityType": "INSERT",
        "sourceHandle": "5AC",
        "contextKind": "tree",
        "sourceSceneVersionId": "scv-b67f98b3-a52e-4ff8-b837-45864ccd9201",
        "provenance": "topoexport_dxf_2d"
      },
      "geometry": {
        "type": "Point",
        "coordinates": [
          110.43527577960148,
          -6.9616968455211605
        ]
      }
    },
    {
      "type": "Feature",
      "properties": {
        "sourceLayer": "TPX_VEGETATION_TREES_INDIVIDUAL",
        "sourceEntityType": "INSERT",
        "sourceHandle": "5AE",
        "contextKind": "tree",
        "sourceSceneVersionId": "scv-b67f98b3-a52e-4ff8-b837-45864ccd9201",
        "provenance": "topoexport_dxf_2d"
      },
      "geometry": {
        "type": "Point",
        "coordinates": [
          110.43570403961952,
          -6.961061763518852
        ]
      }
    },
    {
      "type": "Feature",
      "properties": {
        "sourceLayer": "TPX_VEGETATION_TREES_INDIVIDUAL",
        "sourceEntityType": "INSERT",
        "sourceHandle": "5B0",
        "contextKind": "tree",
        "sourceSceneVersionId": "scv-b67f98b3-a52e-4ff8-b837-45864ccd9201",
        "provenance": "topoexport_dxf_2d"
      },
      "geometry": {
        "type": "Point",
        "coordinates": [
          110.4356475685812,
          -6.958692741681766
        ]
      }
    },
    {
      "type": "Feature",
      "properties": {
        "sourceLayer": "TPX_VEGETATION_TREES_INDIVIDUAL",
        "sourceEntityType": "INSERT",
        "sourceHandle": "5B2",
        "contextKind": "tree",
        "sourceSceneVersionId": "scv-b67f98b3-a52e-4ff8-b837-45864ccd9201",
        "provenance": "topoexport_dxf_2d"
      },
      "geometry": {
        "type": "Point",
        "coordinates": [
          110.4358625882528,
          -6.959115539898821
        ]
      }
    },
    {
      "type": "Feature",
      "properties": {
        "sourceLayer": "TPX_VEGETATION_TREES_INDIVIDUAL",
        "sourceEntityType": "INSERT",
        "sourceHandle": "5B4",
        "contextKind": "tree",
        "sourceSceneVersionId": "scv-b67f98b3-a52e-4ff8-b837-45864ccd9201",
        "provenance": "topoexport_dxf_2d"
      },
      "geometry": {
        "type": "Point",
        "coordinates": [
          110.43373960664508,
          -6.959689174200937
        ]
      }
    },
    {
      "type": "Feature",
      "properties": {
        "sourceLayer": "TPX_VEGETATION_TREES_INDIVIDUAL",
        "sourceEntityType": "INSERT",
        "sourceHandle": "5B6",
        "contextKind": "tree",
        "sourceSceneVersionId": "scv-b67f98b3-a52e-4ff8-b837-45864ccd9201",
        "provenance": "topoexport_dxf_2d"
      },
      "geometry": {
        "type": "Point",
        "coordinates": [
          110.43618518048171,
          -6.95980261801668
        ]
      }
    },
    {
      "type": "Feature",
      "properties": {
        "sourceLayer": "TPX_VEGETATION_TREES_INDIVIDUAL",
        "sourceEntityType": "INSERT",
        "sourceHandle": "5B8",
        "contextKind": "tree",
        "sourceSceneVersionId": "scv-b67f98b3-a52e-4ff8-b837-45864ccd9201",
        "provenance": "topoexport_dxf_2d"
      },
      "geometry": {
        "type": "Point",
        "coordinates": [
          110.43601534718081,
          -6.961283496905577
        ]
      }
    },
    {
      "type": "Feature",
      "properties": {
        "sourceLayer": "TPX_VEGETATION_TREES_INDIVIDUAL",
        "sourceEntityType": "INSERT",
        "sourceHandle": "5BA",
        "contextKind": "tree",
        "sourceSceneVersionId": "scv-b67f98b3-a52e-4ff8-b837-45864ccd9201",
        "provenance": "topoexport_dxf_2d"
      },
      "geometry": {
        "type": "Point",
        "coordinates": [
          110.4356153155991,
          -6.958629321922453
        ]
      }
    },
    {
      "type": "Feature",
      "properties": {
        "sourceLayer": "TPX_VEGETATION_TREES_INDIVIDUAL",
        "sourceEntityType": "INSERT",
        "sourceHandle": "5BC",
        "contextKind": "tree",
        "sourceSceneVersionId": "scv-b67f98b3-a52e-4ff8-b837-45864ccd9201",
        "provenance": "topoexport_dxf_2d"
      },
      "geometry": {
        "type": "Point",
        "coordinates": [
          110.43535745650283,
          -6.958259455646483
        ]
      }
    },
    {
      "type": "Feature",
      "properties": {
        "sourceLayer": "TPX_BUILDINGS_SHADOWS_OUTLINES",
        "sourceEntityType": "LWPOLYLINE",
        "sourceHandle": "5C5",
        "contextKind": "building_shadow",
        "sourceSceneVersionId": "scv-b67f98b3-a52e-4ff8-b837-45864ccd9201",
        "provenance": "topoexport_dxf_2d"
      },
      "geometry": {
        "type": "Polygon",
        "coordinates": [
          [
            [
              110.4334625746197,
              -6.961683708712334
            ],
            [
              110.4334625746197,
              -6.961725376796719
            ],
            [
              110.43348396875096,
              -6.961771580955202
            ],
            [
              110.43352236388104,
              -6.961733468910053
            ],
            [
              110.43349775532357,
              -6.961680322500287
            ],
            [
              110.43349135991039,
              -6.961683186525957
            ],
            [
              110.43348668153247,
              -6.961672881082057
            ],
            [
              110.4334625746197,
              -6.961683708712334
            ]
          ]
        ]
      }
    },
    {
      "type": "Feature",
      "properties": {
        "sourceLayer": "TPX_BUILDINGS_SHADOWS_OUTLINES",
        "sourceEntityType": "LWPOLYLINE",
        "sourceHandle": "5CD",
        "contextKind": "building_shadow",
        "sourceSceneVersionId": "scv-b67f98b3-a52e-4ff8-b837-45864ccd9201",
        "provenance": "topoexport_dxf_2d"
      },
      "geometry": {
        "type": "Polygon",
        "coordinates": [
          [
            [
              110.4334625746197,
              -6.9592673390003545
            ],
            [
              110.4334625746197,
              -6.9592965420551165
            ],
            [
              110.43348607166443,
              -6.959368378515366
            ],
            [
              110.4335244667902,
              -6.959330266474501
            ],
            [
              110.43349998394166,
              -6.959255415886823
            ],
            [
              110.4334625746197,
              -6.9592673390003545
            ]
          ]
        ]
      }
    },
    {
      "type": "Feature",
      "properties": {
        "sourceLayer": "TPX_BUILDINGS_SHADOWS_OUTLINES",
        "sourceEntityType": "LWPOLYLINE",
        "sourceHandle": "5D6",
        "contextKind": "building_shadow",
        "sourceSceneVersionId": "scv-b67f98b3-a52e-4ff8-b837-45864ccd9201",
        "provenance": "topoexport_dxf_2d"
      },
      "geometry": {
        "type": "Polygon",
        "coordinates": [
          [
            [
              110.43346257462186,
              -6.9610455233142075
            ],
            [
              110.43346257462186,
              -6.961072214316973
            ],
            [
              110.43358005431766,
              -6.961037268852642
            ],
            [
              110.43360635050165,
              -6.961123637255116
            ],
            [
              110.4336447456274,
              -6.961085525209967
            ],
            [
              110.43361844953836,
              -6.960999156824627
            ],
            [
              110.43346257462186,
              -6.9610455233142075
            ]
          ]
        ]
      }
    },
    {
      "type": "Feature",
      "properties": {
        "sourceLayer": "TPX_BUILDINGS_SHADOWS_OUTLINES",
        "sourceEntityType": "LWPOLYLINE",
        "sourceHandle": "5E3",
        "contextKind": "building_shadow",
        "sourceSceneVersionId": "scv-b67f98b3-a52e-4ff8-b837-45864ccd9201",
        "provenance": "topoexport_dxf_2d"
      },
      "geometry": {
        "type": "Polygon",
        "coordinates": [
          [
            [
              110.43346257462186,
              -6.961166355623458
            ],
            [
              110.43346257462186,
              -6.961173237927418
            ],
            [
              110.43347934247811,
              -6.961167980917686
            ],
            [
              110.43348660531785,
              -6.96119084451838
            ],
            [
              110.43352074454627,
              -6.961180146878916
            ],
            [
              110.43354231967837,
              -6.961247850623384
            ],
            [
              110.43358071480414,
              -6.961209738582519
            ],
            [
              110.43355913977129,
              -6.961142034850901
            ],
            [
              110.43352500045657,
              -6.961152732511783
            ],
            [
              110.43352357102292,
              -6.961148232568851
            ],
            [
              110.43346257462186,
              -6.961166355623458
            ]
          ]
        ]
      }
    },
    {
      "type": "Feature",
      "properties": {
        "sourceLayer": "TPX_BUILDINGS_SHADOWS_OUTLINES",
        "sourceEntityType": "LWPOLYLINE",
        "sourceHandle": "5ED",
        "contextKind": "building_shadow",
        "sourceSceneVersionId": "scv-b67f98b3-a52e-4ff8-b837-45864ccd9201",
        "provenance": "topoexport_dxf_2d"
      },
      "geometry": {
        "type": "Polygon",
        "coordinates": [
          [
            [
              110.4334625746197,
              -6.959724796540376
            ],
            [
              110.4334625746197,
              -6.959734676206217
            ],
            [
              110.4335253975826,
              -6.959731706678399
            ],
            [
              110.43352744790985,
              -6.959773910943294
            ],
            [
              110.43356584302268,
              -6.959735798919564
            ],
            [
              110.43356379278173,
              -6.959693594654667
            ],
            [
              110.4334905190229,
              -6.959697058166421
            ],
            [
              110.4334625746197,
              -6.959724796540376
            ]
          ]
        ]
      }
    },
    {
      "type": "Feature",
      "properties": {
        "sourceLayer": "TPX_BUILDINGS_SHADOWS_OUTLINES",
        "sourceEntityType": "LWPOLYLINE",
        "sourceHandle": "5F7",
        "contextKind": "building_shadow",
        "sourceSceneVersionId": "scv-b67f98b3-a52e-4ff8-b837-45864ccd9201",
        "provenance": "topoexport_dxf_2d"
      },
      "geometry": {
        "type": "Polygon",
        "coordinates": [
          [
            [
              110.43346257462186,
              -6.959818153301528
            ],
            [
              110.43346257462186,
              -6.959824225547738
            ],
            [
              110.43355806976308,
              -6.9597997944798164
            ],
            [
              110.43359071134596,
              -6.959925382751403
            ],
            [
              110.43362910647173,
              -6.959887270710539
            ],
            [
              110.4335964649838,
              -6.959761682451802
            ],
            [
              110.43349272822,
              -6.959788222016363
            ],
            [
              110.43346257462186,
              -6.959818153301528
            ]
          ]
        ]
      }
    },
    {
      "type": "Feature",
      "properties": {
        "sourceLayer": "TPX_BUILDINGS_SHADOWS_OUTLINES",
        "sourceEntityType": "LWPOLYLINE",
        "sourceHandle": "600",
        "contextKind": "building_shadow",
        "sourceSceneVersionId": "scv-b67f98b3-a52e-4ff8-b837-45864ccd9201",
        "provenance": "topoexport_dxf_2d"
      },
      "geometry": {
        "type": "Polygon",
        "coordinates": [
          [
            [
              110.43350118793207,
              -6.961582145777303
            ],
            [
              110.4334627929185,
              -6.9616202577153645
            ],
            [
              110.43358019350627,
              -6.961567682803414
            ],
            [
              110.43360876073635,
              -6.961630611374131
            ],
            [
              110.43364715586644,
              -6.961592499324699
            ],
            [
              110.43361858873992,
              -6.961529570771116
            ],
            [
              110.43350118793207,
              -6.961582145777303
            ]
          ]
        ]
      }
    },
    {
      "type": "Feature",
      "properties": {
        "sourceLayer": "TPX_BUILDINGS_SHADOWS_OUTLINES",
        "sourceEntityType": "LWPOLYLINE",
        "sourceHandle": "612",
        "contextKind": "building_shadow",
        "sourceSceneVersionId": "scv-b67f98b3-a52e-4ff8-b837-45864ccd9201",
        "provenance": "topoexport_dxf_2d"
      },
      "geometry": {
        "type": "Polygon",
        "coordinates": [
          [
            [
              110.433593838166,
              -6.959240805244194
            ],
            [
              110.4335554431136,
              -6.959278917220807
            ],
            [
              110.4336937481111,
              -6.959234659570544
            ],
            [
              110.43375023822831,
              -6.959406497953803
            ],
            [
              110.43378863335408,
              -6.9593683859129385
            ],
            [
              110.43376093170362,
              -6.959284119590449
            ],
            [
              110.43373759712551,
              -6.959286248853407
            ],
            [
              110.4337319233811,
              -6.959223690281252
            ],
            [
              110.43376720911499,
              -6.959220569717877
            ],
            [
              110.43377288272995,
              -6.95928302890041
            ],
            [
              110.43381127784278,
              -6.959244916872396
            ],
            [
              110.43380560431844,
              -6.959182457689862
            ],
            [
              110.43377031866653,
              -6.959185578159001
            ],
            [
              110.43373881680981,
              -6.959216847757985
            ],
            [
              110.43373214333613,
              -6.959196547538246
            ],
            [
              110.433593838166,
              -6.959240805244194
            ]
          ]
        ]
      }
    },
    {
      "type": "Feature",
      "properties": {
        "sourceLayer": "TPX_BUILDINGS_SHADOWS_OUTLINES",
        "sourceEntityType": "LWPOLYLINE",
        "sourceHandle": "61B",
        "contextKind": "building_shadow",
        "sourceSceneVersionId": "scv-b67f98b3-a52e-4ff8-b837-45864ccd9201",
        "provenance": "topoexport_dxf_2d"
      },
      "geometry": {
        "type": "Polygon",
        "coordinates": [
          [
            [
              110.43372718045497,
              -6.95872800943265
            ],
            [
              110.43368878536803,
              -6.958766121439247
            ],
            [
              110.43371887166049,
              -6.958762311989246
            ],
            [
              110.43372321147311,
              -6.958796370134673
            ],
            [
              110.43376160659025,
              -6.958758258102375
            ],
            [
              110.43375726686824,
              -6.958724199961232
            ],
            [
              110.43372718045497,
              -6.95872800943265
            ]
          ]
        ]
      }
    },
    {
      "type": "Feature",
      "properties": {
        "sourceLayer": "TPX_BUILDINGS_SHADOWS_OUTLINES",
        "sourceEntityType": "LWPOLYLINE",
        "sourceHandle": "626",
        "contextKind": "building_shadow",
        "sourceSceneVersionId": "scv-b67f98b3-a52e-4ff8-b837-45864ccd9201",
        "provenance": "topoexport_dxf_2d"
      },
      "geometry": {
        "type": "Polygon",
        "coordinates": [
          [
            [
              110.43378251214354,
              -6.961424504954854
            ],
            [
              110.43374411711702,
              -6.961462616901482
            ],
            [
              110.43379877289192,
              -6.96143990947224
            ],
            [
              110.43384783346082,
              -6.961419592041473
            ],
            [
              110.43389545319506,
              -6.961530961240606
            ],
            [
              110.43393384832515,
              -6.961492849195457
            ],
            [
              110.43388622869448,
              -6.961381480009175
            ],
            [
              110.43383716812126,
              -6.961401797439942
            ],
            [
              110.43378251214354,
              -6.961424504954854
            ]
          ]
        ]
      }
    },
    {
      "type": "Feature",
      "properties": {
        "sourceLayer": "TPX_BUILDINGS_SHADOWS_OUTLINES",
        "sourceEntityType": "LWPOLYLINE",
        "sourceHandle": "62F",
        "contextKind": "building_shadow",
        "sourceSceneVersionId": "scv-b67f98b3-a52e-4ff8-b837-45864ccd9201",
        "provenance": "topoexport_dxf_2d"
      },
      "geometry": {
        "type": "Polygon",
        "coordinates": [
          [
            [
              110.43380708750774,
              -6.960331173289076
            ],
            [
              110.4337686924467,
              -6.960369285274255
            ],
            [
              110.43380306963357,
              -6.9603591149227935
            ],
            [
              110.43381922953346,
              -6.9604128224086645
            ],
            [
              110.43385762465923,
              -6.960374710363516
            ],
            [
              110.43384146485859,
              -6.960321002894779
            ],
            [
              110.43380708750774,
              -6.960331173289076
            ]
          ]
        ]
      }
    },
    {
      "type": "Feature",
      "properties": {
        "sourceLayer": "TPX_BUILDINGS_SHADOWS_OUTLINES",
        "sourceEntityType": "LWPOLYLINE",
        "sourceHandle": "638",
        "contextKind": "building_shadow",
        "sourceSceneVersionId": "scv-b67f98b3-a52e-4ff8-b837-45864ccd9201",
        "provenance": "topoexport_dxf_2d"
      },
      "geometry": {
        "type": "Polygon",
        "coordinates": [
          [
            [
              110.43383895389059,
              -6.960145227383787
            ],
            [
              110.43380055889858,
              -6.960183339300431
            ],
            [
              110.43384122202816,
              -6.960163131274065
            ],
            [
              110.4338774967592,
              -6.960234194124709
            ],
            [
              110.43391589189359,
              -6.960196082075277
            ],
            [
              110.43387961726613,
              -6.960125019237483
            ],
            [
              110.43383895389059,
              -6.960145227383787
            ]
          ]
        ]
      }
    },
    {
      "type": "Feature",
      "properties": {
        "sourceLayer": "TPX_BUILDINGS_SHADOWS_OUTLINES",
        "sourceEntityType": "LWPOLYLINE",
        "sourceHandle": "649",
        "contextKind": "building_shadow",
        "sourceSceneVersionId": "scv-b67f98b3-a52e-4ff8-b837-45864ccd9201",
        "provenance": "topoexport_dxf_2d"
      },
      "geometry": {
        "type": "Polygon",
        "coordinates": [
          [
            [
              110.43388191094165,
              -6.958874804488562
            ],
            [
              110.43384351585904,
              -6.958912916490876
            ],
            [
              110.43389788729036,
              -6.958902821730012
            ],
            [
              110.43392223382729,
              -6.959030505360801
            ],
            [
              110.43396062894874,
              -6.95899239332422
            ],
            [
              110.43395111065838,
              -6.958942475173121
            ],
            [
              110.43394782133156,
              -6.958943479730913
            ],
            [
              110.43392474004415,
              -6.958870315669832
            ],
            [
              110.43396881058436,
              -6.958856757153057
            ],
            [
              110.43399189197102,
              -6.958930020479539
            ],
            [
              110.4340302871011,
              -6.958891908434389
            ],
            [
              110.43400720580938,
              -6.9588186451207585
            ],
            [
              110.43396313532527,
              -6.958832203530447
            ],
            [
              110.4339290314607,
              -6.958866055953108
            ],
            [
              110.43388191094165,
              -6.958874804488562
            ]
          ]
        ]
      }
    },
    {
      "type": "Feature",
      "properties": {
        "sourceLayer": "TPX_BUILDINGS_SHADOWS_OUTLINES",
        "sourceEntityType": "LWPOLYLINE",
        "sourceHandle": "654",
        "contextKind": "building_shadow",
        "sourceSceneVersionId": "scv-b67f98b3-a52e-4ff8-b837-45864ccd9201",
        "provenance": "topoexport_dxf_2d"
      },
      "geometry": {
        "type": "Polygon",
        "coordinates": [
          [
            [
              110.43392040340758,
              -6.960455871367541
            ],
            [
              110.43388200837676,
              -6.960493983318453
            ],
            [
              110.43402899099289,
              -6.960433627265356
            ],
            [
              110.43407741434339,
              -6.960548173449882
            ],
            [
              110.43411580947779,
              -6.96051006140045
            ],
            [
              110.43408017465791,
              -6.960425766537124
            ],
            [
              110.43404129700421,
              -6.960441656938381
            ],
            [
              110.43402858868203,
              -6.960411446824273
            ],
            [
              110.43392040340758,
              -6.960455871367541
            ]
          ]
        ]
      }
    },
    {
      "type": "Feature",
      "properties": {
        "sourceLayer": "TPX_BUILDINGS_SHADOWS_OUTLINES",
        "sourceEntityType": "LWPOLYLINE",
        "sourceHandle": "66A",
        "contextKind": "building_shadow",
        "sourceSceneVersionId": "scv-b67f98b3-a52e-4ff8-b837-45864ccd9201",
        "provenance": "topoexport_dxf_2d"
      },
      "geometry": {
        "type": "Polygon",
        "coordinates": [
          [
            [
              110.43393687608454,
              -6.960105188645803
            ],
            [
              110.43389848104076,
              -6.960143300609566
            ],
            [
              110.43398341944552,
              -6.960113605584106
            ],
            [
              110.43401491580887,
              -6.960201457480436
            ],
            [
              110.4339438915024,
              -6.960226288192897
            ],
            [
              110.43393038749977,
              -6.960239692632842
            ],
            [
              110.43400212998826,
              -6.96021011259316
            ],
            [
              110.43404744522422,
              -6.960317114907146
            ],
            [
              110.4340338036758,
              -6.96032273957666
            ],
            [
              110.43400380115622,
              -6.9603525208928545
            ],
            [
              110.43406545196783,
              -6.96032732245636
            ],
            [
              110.43410294804022,
              -6.960416458270578
            ],
            [
              110.43414134316599,
              -6.96037834622543
            ],
            [
              110.43410384719716,
              -6.960289210424062
            ],
            [
              110.43405575385472,
              -6.960308867539025
            ],
            [
              110.4340858403543,
              -6.960279002861998
            ],
            [
              110.43404172868499,
              -6.960174842295293
            ],
            [
              110.43405331093464,
              -6.960163345435288
            ],
            [
              110.43402181467054,
              -6.960075493551808
            ],
            [
              110.43393687608454,
              -6.960105188645803
            ]
          ]
        ]
      }
    },
    {
      "type": "Feature",
      "properties": {
        "sourceLayer": "TPX_BUILDINGS_SHADOWS_OUTLINES",
        "sourceEntityType": "LWPOLYLINE",
        "sourceHandle": "673",
        "contextKind": "building_shadow",
        "sourceSceneVersionId": "scv-b67f98b3-a52e-4ff8-b837-45864ccd9201",
        "provenance": "topoexport_dxf_2d"
      },
      "geometry": {
        "type": "Polygon",
        "coordinates": [
          [
            [
              110.43394254877171,
              -6.960997282561605
            ],
            [
              110.43390415377108,
              -6.961035394482533
            ],
            [
              110.4339790879571,
              -6.960999852072223
            ],
            [
              110.43424205748252,
              -6.961539289395187
            ],
            [
              110.43428045261692,
              -6.961501177350039
            ],
            [
              110.43401748319076,
              -6.960961740039925
            ],
            [
              110.43394254877171,
              -6.960997282561605
            ]
          ]
        ]
      }
    },
    {
      "type": "Feature",
      "properties": {
        "sourceLayer": "TPX_BUILDINGS_SHADOWS_OUTLINES",
        "sourceEntityType": "LWPOLYLINE",
        "sourceHandle": "68B",
        "contextKind": "building_shadow",
        "sourceSceneVersionId": "scv-b67f98b3-a52e-4ff8-b837-45864ccd9201",
        "provenance": "topoexport_dxf_2d"
      },
      "geometry": {
        "type": "Polygon",
        "coordinates": [
          [
            [
              110.43404503507882,
              -6.9596829933892534
            ],
            [
              110.43400664002641,
              -6.959721105361583
            ],
            [
              110.43406020272354,
              -6.959703662669472
            ],
            [
              110.4341215043499,
              -6.959886419467114
            ],
            [
              110.43410639178997,
              -6.959891341020278
            ],
            [
              110.4340701691187,
              -6.959927296632345
            ],
            [
              110.43413822214008,
              -6.9599054671283325
            ],
            [
              110.43427778860689,
              -6.960327964490265
            ],
            [
              110.43427569673626,
              -6.960328636632761
            ],
            [
              110.4342502629429,
              -6.960339088987225
            ],
            [
              110.43421186790775,
              -6.960377200938137
            ],
            [
              110.43426712366002,
              -6.960354492857805
            ],
            [
              110.43430040973257,
              -6.960434298546873
            ],
            [
              110.43433880486265,
              -6.9603961865017245
            ],
            [
              110.43430551888936,
              -6.960316380825507
            ],
            [
              110.43427811102866,
              -6.960327644449946
            ],
            [
              110.43431618373698,
              -6.960289852445117
            ],
            [
              110.4341766173651,
              -6.959867355100318
            ],
            [
              110.4341235667902,
              -6.95988437223711
            ],
            [
              110.43415989948,
              -6.95984830742625
            ],
            [
              110.43409859794856,
              -6.959665550641458
            ],
            [
              110.43404503507882,
              -6.9596829933892534
            ]
          ]
        ]
      }
    },
    {
      "type": "Feature",
      "properties": {
        "sourceLayer": "TPX_BUILDINGS_SHADOWS_OUTLINES",
        "sourceEntityType": "LWPOLYLINE",
        "sourceHandle": "69B",
        "contextKind": "building_shadow",
        "sourceSceneVersionId": "scv-b67f98b3-a52e-4ff8-b837-45864ccd9201",
        "provenance": "topoexport_dxf_2d"
      },
      "geometry": {
        "type": "Polygon",
        "coordinates": [
          [
            [
              110.43422852722132,
              -6.958642207010867
            ],
            [
              110.43419013215596,
              -6.95868031900033
            ],
            [
              110.4342686829496,
              -6.95865907293648
            ],
            [
              110.43428284116857,
              -6.958710895913241
            ],
            [
              110.43427368452602,
              -6.958713372712185
            ],
            [
              110.43423550401725,
              -6.958751271726949
            ],
            [
              110.43426098263794,
              -6.958740019603658
            ],
            [
              110.43431160254819,
              -6.958852179769064
            ],
            [
              110.43434999767828,
              -6.958814067723915
            ],
            [
              110.4342993778716,
              -6.95870190757136
            ],
            [
              110.43428589970466,
              -6.958707859931491
            ],
            [
              110.43432123629002,
              -6.9586727838766596
            ],
            [
              110.4343070781703,
              -6.958620960904182
            ],
            [
              110.43422852722132,
              -6.958642207010867
            ]
          ]
        ]
      }
    },
    {
      "type": "Feature",
      "properties": {
        "sourceLayer": "TPX_BUILDINGS_SHADOWS_OUTLINES",
        "sourceEntityType": "LWPOLYLINE",
        "sourceHandle": "6B0",
        "contextKind": "building_shadow",
        "sourceSceneVersionId": "scv-b67f98b3-a52e-4ff8-b837-45864ccd9201",
        "provenance": "topoexport_dxf_2d"
      },
      "geometry": {
        "type": "Polygon",
        "coordinates": [
          [
            [
              110.43424519291722,
              -6.9591995142304
            ],
            [
              110.43420679801153,
              -6.959237626057091
            ],
            [
              110.43425814334485,
              -6.95920528969988
            ],
            [
              110.43431821259564,
              -6.959194691642793
            ],
            [
              110.43437771034138,
              -6.959207630725311
            ],
            [
              110.43442773673857,
              -6.959242031977604
            ],
            [
              110.43446058789819,
              -6.959292740418186
            ],
            [
              110.43447125589165,
              -6.959351916487789
            ],
            [
              110.43445813045713,
              -6.959410624205811
            ],
            [
              110.4344232004332,
              -6.959459823593001
            ],
            [
              110.43446159525689,
              -6.959421711847696
            ],
            [
              110.43449652556563,
              -6.9593725120707095
            ],
            [
              110.43450965100016,
              -6.959313804391239
            ],
            [
              110.43449898301964,
              -6.95925462835162
            ],
            [
              110.43446613188593,
              -6.95920391993674
            ],
            [
              110.43441610551893,
              -6.959169518697297
            ],
            [
              110.43435660780771,
              -6.959156579619062
            ],
            [
              110.43429653858713,
              -6.9591671776590145
            ],
            [
              110.43424519291722,
              -6.9591995142304
            ]
          ]
        ]
      }
    },
    {
      "type": "Feature",
      "properties": {
        "sourceLayer": "TPX_BUILDINGS_SHADOWS_OUTLINES",
        "sourceEntityType": "LWPOLYLINE",
        "sourceHandle": "6C2",
        "contextKind": "building_shadow",
        "sourceSceneVersionId": "scv-b67f98b3-a52e-4ff8-b837-45864ccd9201",
        "provenance": "topoexport_dxf_2d"
      },
      "geometry": {
        "type": "Polygon",
        "coordinates": [
          [
            [
              110.43436400360609,
              -6.961228385823889
            ],
            [
              110.4343396083624,
              -6.9612738175935585
            ],
            [
              110.43437800333713,
              -6.961235705702616
            ],
            [
              110.43438921967113,
              -6.961214817288051
            ],
            [
              110.43438842021914,
              -6.961213180968142
            ],
            [
              110.43445676040199,
              -6.961180724823371
            ],
            [
              110.43459505893948,
              -6.961463792687164
            ],
            [
              110.43463345407389,
              -6.961425680642015
            ],
            [
              110.43449515563563,
              -6.961142612791073
            ],
            [
              110.43442681549594,
              -6.961175068811623
            ],
            [
              110.43439201357161,
              -6.961209614151666
            ],
            [
              110.4345314128595,
              -6.960950007978235
            ],
            [
              110.43439136742487,
              -6.960876883282348
            ],
            [
              110.4343529722991,
              -6.96091499533178
            ],
            [
              110.43449301770352,
              -6.960988120014816
            ],
            [
              110.43436400360609,
              -6.961228385823889
            ]
          ]
        ]
      }
    },
    {
      "type": "Feature",
      "properties": {
        "sourceLayer": "TPX_BUILDINGS_SHADOWS_OUTLINES",
        "sourceEntityType": "LWPOLYLINE",
        "sourceHandle": "6C8",
        "contextKind": "building_shadow",
        "sourceSceneVersionId": "scv-b67f98b3-a52e-4ff8-b837-45864ccd9201",
        "provenance": "topoexport_dxf_2d"
      },
      "geometry": {
        "type": "Polygon",
        "coordinates": [
          [
            [
              110.43438632701508,
              -6.958574517209131
            ],
            [
              110.4343616829988,
              -6.95859897952505
            ],
            [
              110.43439086492143,
              -6.9585913974544225
            ],
            [
              110.43438632701508,
              -6.958574517209131
            ]
          ]
        ]
      }
    },
    {
      "type": "Feature",
      "properties": {
        "sourceLayer": "TPX_BUILDINGS_SHADOWS_OUTLINES",
        "sourceEntityType": "LWPOLYLINE",
        "sourceHandle": "6DD",
        "contextKind": "building_shadow",
        "sourceSceneVersionId": "scv-b67f98b3-a52e-4ff8-b837-45864ccd9201",
        "provenance": "topoexport_dxf_2d"
      },
      "geometry": {
        "type": "Polygon",
        "coordinates": [
          [
            [
              110.4344153019372,
              -6.9585013628844035
            ],
            [
              110.43437690687615,
              -6.958539474869583
            ],
            [
              110.43443956831747,
              -6.958523113850783
            ],
            [
              110.43446346826859,
              -6.958612067180123
            ],
            [
              110.43442408433125,
              -6.958622377121679
            ],
            [
              110.43441570502482,
              -6.958630694644659
            ],
            [
              110.43446536842782,
              -6.958612760088938
            ],
            [
              110.43448181698227,
              -6.958657132121006
            ],
            [
              110.43452021210803,
              -6.958619020080142
            ],
            [
              110.43450376365715,
              -6.95857464805664
            ],
            [
              110.43449967948274,
              -6.958576122944983
            ],
            [
              110.43450186339004,
              -6.958573955139259
            ],
            [
              110.43450146261111,
              -6.958572463472519
            ],
            [
              110.4345336137216,
              -6.958540549410896
            ],
            [
              110.43452447191504,
              -6.95850351766406
            ],
            [
              110.43449728795787,
              -6.958510104322128
            ],
            [
              110.43448735668491,
              -6.958519962373521
            ],
            [
              110.43447796353819,
              -6.958485001822768
            ],
            [
              110.4344153019372,
              -6.9585013628844035
            ]
          ]
        ]
      }
    },
    {
      "type": "Feature",
      "properties": {
        "sourceLayer": "TPX_BUILDINGS_SHADOWS_OUTLINES",
        "sourceEntityType": "LWPOLYLINE",
        "sourceHandle": "6E3",
        "contextKind": "building_shadow",
        "sourceSceneVersionId": "scv-b67f98b3-a52e-4ff8-b837-45864ccd9201",
        "provenance": "topoexport_dxf_2d"
      },
      "geometry": {
        "type": "Polygon",
        "coordinates": [
          [
            [
              110.43445889267242,
              -6.958548216457229
            ],
            [
              110.43448607669434,
              -6.958541629692075
            ],
            [
              110.43449521860013,
              -6.958578661447477
            ],
            [
              110.4344681346845,
              -6.9585853474608985
            ],
            [
              110.43445889267242,
              -6.958548216457229
            ]
          ]
        ]
      }
    },
    {
      "type": "Feature",
      "properties": {
        "sourceLayer": "TPX_BUILDINGS_SHADOWS_OUTLINES",
        "sourceEntityType": "LWPOLYLINE",
        "sourceHandle": "6F8",
        "contextKind": "building_shadow",
        "sourceSceneVersionId": "scv-b67f98b3-a52e-4ff8-b837-45864ccd9201",
        "provenance": "topoexport_dxf_2d"
      },
      "geometry": {
        "type": "Polygon",
        "coordinates": [
          [
            [
              110.43446266459192,
              -6.959645852949075
            ],
            [
              110.4344242696517,
              -6.959683964810034
            ],
            [
              110.43447671692212,
              -6.959653514015669
            ],
            [
              110.43453688883383,
              -6.9596451999880085
            ],
            [
              110.43459568923183,
              -6.959660225425851
            ],
            [
              110.43464431790419,
              -6.959696217314723
            ],
            [
              110.43467507084104,
              -6.959747921352054
            ],
            [
              110.43468353958633,
              -6.959807199338532
            ],
            [
              110.43466831406053,
              -6.959865313678715
            ],
            [
              110.4346317829577,
              -6.959913124519699
            ],
            [
              110.43467017769078,
              -6.9598750128600635
            ],
            [
              110.43470670916905,
              -6.959827201543614
            ],
            [
              110.43472193469053,
              -6.9597690872376985
            ],
            [
              110.43471346595818,
              -6.959709809281205
            ],
            [
              110.43468271304721,
              -6.9596581052695745
            ],
            [
              110.43463408440938,
              -6.959622113397836
            ],
            [
              110.43457528404159,
              -6.959607087964278
            ],
            [
              110.43451511216439,
              -6.959615401979087
            ],
            [
              110.43446266459192,
              -6.959645852949075
            ]
          ]
        ]
      }
    },
    {
      "type": "Feature",
      "properties": {
        "sourceLayer": "TPX_BUILDINGS_SHADOWS_OUTLINES",
        "sourceEntityType": "LWPOLYLINE",
        "sourceHandle": "70D",
        "contextKind": "building_shadow",
        "sourceSceneVersionId": "scv-b67f98b3-a52e-4ff8-b837-45864ccd9201",
        "provenance": "topoexport_dxf_2d"
      },
      "geometry": {
        "type": "Polygon",
        "coordinates": [
          [
            [
              110.43461607205587,
              -6.958942160110207
            ],
            [
              110.43457767722786,
              -6.958980271864079
            ],
            [
              110.43462772053671,
              -6.958945950969898
            ],
            [
              110.43468728734878,
              -6.958933168744188
            ],
            [
              110.43474718224861,
              -6.958943823274695
            ],
            [
              110.43479850598388,
              -6.958976336141328
            ],
            [
              110.4348333548457,
              -6.959025651897859
            ],
            [
              110.43484632150748,
              -6.959084328701995
            ],
            [
              110.43483549592366,
              -6.959143530232613
            ],
            [
              110.43480256682547,
              -6.9591941176348575
            ],
            [
              110.43484096172683,
              -6.9591560058081665
            ],
            [
              110.43487389102785,
              -6.959105418101794
            ],
            [
              110.43488471661598,
              -6.959046216605445
            ],
            [
              110.43487174997146,
              -6.958987539835577
            ],
            [
              110.43483690113122,
              -6.9589382241004625
            ],
            [
              110.43478557742617,
              -6.958905711246681
            ],
            [
              110.43472568256517,
              -6.958895056716174
            ],
            [
              110.4346661157833,
              -6.958907838929034
            ],
            [
              110.43461607205587,
              -6.958942160110207
            ]
          ]
        ]
      }
    },
    {
      "type": "Feature",
      "properties": {
        "sourceLayer": "TPX_BUILDINGS_SHADOWS_OUTLINES",
        "sourceEntityType": "LWPOLYLINE",
        "sourceHandle": "722",
        "contextKind": "building_shadow",
        "sourceSceneVersionId": "scv-b67f98b3-a52e-4ff8-b837-45864ccd9201",
        "provenance": "topoexport_dxf_2d"
      },
      "geometry": {
        "type": "Polygon",
        "coordinates": [
          [
            [
              110.43464368907473,
              -6.960293536012164
            ],
            [
              110.43460529447543,
              -6.960331647534727
            ],
            [
              110.4346378525055,
              -6.960305490990513
            ],
            [
              110.43467812608456,
              -6.960293625391288
            ],
            [
              110.43471991843253,
              -6.960297746892914
            ],
            [
              110.43475693097585,
              -6.960317465724279
            ],
            [
              110.4347835615997,
              -6.960349610601301
            ],
            [
              110.43479560571564,
              -6.960389320312222
            ],
            [
              110.43479135657172,
              -6.96043053897373
            ],
            [
              110.43477140659789,
              -6.960467009096176
            ],
            [
              110.43480980157263,
              -6.960428897196666
            ],
            [
              110.4348297516759,
              -6.9603924268471955
            ],
            [
              110.43483400082846,
              -6.960351208224239
            ],
            [
              110.43482195672547,
              -6.9603114985433026
            ],
            [
              110.43479532613182,
              -6.9602793536919805
            ],
            [
              110.43475831361872,
              -6.960259634869184
            ],
            [
              110.43471652130526,
              -6.96025551335899
            ],
            [
              110.43467624776073,
              -6.960267378945364
            ],
            [
              110.43464368907473,
              -6.960293536012164
            ]
          ]
        ]
      }
    },
    {
      "type": "Feature",
      "properties": {
        "sourceLayer": "TPX_BUILDINGS_SHADOWS_OUTLINES",
        "sourceEntityType": "LWPOLYLINE",
        "sourceHandle": "72B",
        "contextKind": "building_shadow",
        "sourceSceneVersionId": "scv-b67f98b3-a52e-4ff8-b837-45864ccd9201",
        "provenance": "topoexport_dxf_2d"
      },
      "geometry": {
        "type": "Polygon",
        "coordinates": [
          [
            [
              110.43464791319855,
              -6.961478496358444
            ],
            [
              110.43460951816772,
              -6.961516608313639
            ],
            [
              110.43464888738556,
              -6.961501168710257
            ],
            [
              110.43466603395663,
              -6.961544149578911
            ],
            [
              110.43470442908672,
              -6.961506037538046
            ],
            [
              110.4346872826149,
              -6.9614630566779585
            ],
            [
              110.43464791319855,
              -6.961478496358444
            ]
          ]
        ]
      }
    },
    {
      "type": "Feature",
      "properties": {
        "sourceLayer": "TPX_BUILDINGS_SHADOWS_OUTLINES",
        "sourceEntityType": "LWPOLYLINE",
        "sourceHandle": "740",
        "contextKind": "building_shadow",
        "sourceSceneVersionId": "scv-b67f98b3-a52e-4ff8-b837-45864ccd9201",
        "provenance": "topoexport_dxf_2d"
      },
      "geometry": {
        "type": "Polygon",
        "coordinates": [
          [
            [
              110.43476054921464,
              -6.96062241115703
            ],
            [
              110.4347221543219,
              -6.96066052297087
            ],
            [
              110.43475901478982,
              -6.960637241023958
            ],
            [
              110.43480209250092,
              -6.9606295431279905
            ],
            [
              110.43484489071884,
              -6.960638827565529
            ],
            [
              110.43488090950525,
              -6.9606635130765335
            ],
            [
              110.43490454602471,
              -6.960699832523234
            ],
            [
              110.43491229477559,
              -6.960742328000618
            ],
            [
              110.43490294837216,
              -6.960784545792748
            ],
            [
              110.43487789891643,
              -6.960820028696934
            ],
            [
              110.43491629374444,
              -6.960781916947346
            ],
            [
              110.43494134348066,
              -6.960746433657647
            ],
            [
              110.43495068988409,
              -6.960704215899785
            ],
            [
              110.43494294114618,
              -6.960661720452386
            ],
            [
              110.4349193046526,
              -6.960625401035669
            ],
            [
              110.43488328589639,
              -6.960600715537514
            ],
            [
              110.43484048771299,
              -6.960591431099976
            ],
            [
              110.43479741003642,
              -6.960599128983093
            ],
            [
              110.43476054921464,
              -6.96062241115703
            ]
          ]
        ]
      }
    },
    {
      "type": "Feature",
      "properties": {
        "sourceLayer": "TPX_BUILDINGS_SHADOWS_OUTLINES",
        "sourceEntityType": "LWPOLYLINE",
        "sourceHandle": "757",
        "contextKind": "building_shadow",
        "sourceSceneVersionId": "scv-b67f98b3-a52e-4ff8-b837-45864ccd9201",
        "provenance": "topoexport_dxf_2d"
      },
      "geometry": {
        "type": "Polygon",
        "coordinates": [
          [
            [
              110.4347713989555,
              -6.959335938343697
            ],
            [
              110.43473300398509,
              -6.95937405023464
            ],
            [
              110.43476667181473,
              -6.959355936115376
            ],
            [
              110.43480455312235,
              -6.959349833340792
            ],
            [
              110.43484224976976,
              -6.959356442465721
            ],
            [
              110.43487576199841,
              -6.9593749737361135
            ],
            [
              110.43490108839266,
              -6.959403247078354
            ],
            [
              110.43491532481345,
              -6.9594370949091235
            ],
            [
              110.43491776800971,
              -6.959473638069212
            ],
            [
              110.43490831336136,
              -6.959509003601721
            ],
            [
              110.43488775645821,
              -6.959539515731258
            ],
            [
              110.43492615133368,
              -6.959501403930268
            ],
            [
              110.43494670846987,
              -6.959470891462336
            ],
            [
              110.43495616311822,
              -6.959435525959811
            ],
            [
              110.43495371992627,
              -6.959398982825424
            ],
            [
              110.43493948352274,
              -6.959365135020355
            ],
            [
              110.43491415715006,
              -6.959336861699532
            ],
            [
              110.43488064494731,
              -6.959318330437706
            ],
            [
              110.43484294833442,
              -6.959311721317062
            ],
            [
              110.43480506705701,
              -6.959317824078794
            ],
            [
              110.4347713989555,
              -6.959335938343697
            ]
          ]
        ]
      }
    },
    {
      "type": "Feature",
      "properties": {
        "sourceLayer": "TPX_BUILDINGS_SHADOWS_OUTLINES",
        "sourceEntityType": "LWPOLYLINE",
        "sourceHandle": "767",
        "contextKind": "building_shadow",
        "sourceSceneVersionId": "scv-b67f98b3-a52e-4ff8-b837-45864ccd9201",
        "provenance": "topoexport_dxf_2d"
      },
      "geometry": {
        "type": "Polygon",
        "coordinates": [
          [
            [
              110.43480326246868,
              -6.96147573024031
            ],
            [
              110.434764867481,
              -6.961513842152671
            ],
            [
              110.43498137119565,
              -6.961405735330135
            ],
            [
              110.43503678408948,
              -6.961513619548706
            ],
            [
              110.43505379705894,
              -6.961496732012929
            ],
            [
              110.43503662446663,
              -6.96146386536071
            ],
            [
              110.43520846712282,
              -6.961376765913586
            ],
            [
              110.4352321142795,
              -6.961421923917388
            ],
            [
              110.43523662206076,
              -6.9614174493712175
            ],
            [
              110.43520659018421,
              -6.961359066062666
            ],
            [
              110.43507501945862,
              -6.96142575344835
            ],
            [
              110.4350581995081,
              -6.961442449384
            ],
            [
              110.43501976642929,
              -6.961367623293554
            ],
            [
              110.43480326246868,
              -6.96147573024031
            ]
          ]
        ]
      }
    },
    {
      "type": "Feature",
      "properties": {
        "sourceLayer": "TPX_BUILDINGS_SHADOWS_OUTLINES",
        "sourceEntityType": "LWPOLYLINE",
        "sourceHandle": "770",
        "contextKind": "building_shadow",
        "sourceSceneVersionId": "scv-b67f98b3-a52e-4ff8-b837-45864ccd9201",
        "provenance": "topoexport_dxf_2d"
      },
      "geometry": {
        "type": "Polygon",
        "coordinates": [
          [
            [
              110.43481192630857,
              -6.96103210280264
            ],
            [
              110.4347735313252,
              -6.96107021470215
            ],
            [
              110.43479980631676,
              -6.9610562803312925
            ],
            [
              110.43483868123887,
              -6.961128333261562
            ],
            [
              110.43487707637327,
              -6.96109022121213
            ],
            [
              110.43483820155473,
              -6.961018168294711
            ],
            [
              110.43481192630857,
              -6.96103210280264
            ]
          ]
        ]
      }
    },
    {
      "type": "Feature",
      "properties": {
        "sourceLayer": "TPX_BUILDINGS_SHADOWS_OUTLINES",
        "sourceEntityType": "LWPOLYLINE",
        "sourceHandle": "779",
        "contextKind": "building_shadow",
        "sourceSceneVersionId": "scv-b67f98b3-a52e-4ff8-b837-45864ccd9201",
        "provenance": "topoexport_dxf_2d"
      },
      "geometry": {
        "type": "Polygon",
        "coordinates": [
          [
            [
              110.43485133808389,
              -6.958723002548252
            ],
            [
              110.43481294299264,
              -6.958761114559133
            ],
            [
              110.43483813172027,
              -6.958758105451945
            ],
            [
              110.43484509931169,
              -6.958815994857949
            ],
            [
              110.43488349442882,
              -6.9587778828213676
            ],
            [
              110.43487652692802,
              -6.958719993428215
            ],
            [
              110.43485133808389,
              -6.958723002548252
            ]
          ]
        ]
      }
    },
    {
      "type": "Feature",
      "properties": {
        "sourceLayer": "TPX_BUILDINGS_SHADOWS_OUTLINES",
        "sourceEntityType": "LWPOLYLINE",
        "sourceHandle": "78E",
        "contextKind": "building_shadow",
        "sourceSceneVersionId": "scv-b67f98b3-a52e-4ff8-b837-45864ccd9201",
        "provenance": "topoexport_dxf_2d"
      },
      "geometry": {
        "type": "Polygon",
        "coordinates": [
          [
            [
              110.4349123179962,
              -6.95963658102787
            ],
            [
              110.43487392300852,
              -6.9596746929359465
            ],
            [
              110.43491138826106,
              -6.959655382590227
            ],
            [
              110.43495347126158,
              -6.959651757599789
            ],
            [
              110.43499377401635,
              -6.959664123621021
            ],
            [
              110.43502619645979,
              -6.959690898914135
            ],
            [
              110.43504583493387,
              -6.959727818960625
            ],
            [
              110.43504958369748,
              -6.959769326076059
            ],
            [
              110.43503693526297,
              -6.959809065030307
            ],
            [
              110.43500988252968,
              -6.959841074086699
            ],
            [
              110.43504827700383,
              -6.959802962684073
            ],
            [
              110.4350753303758,
              -6.959770952886639
            ],
            [
              110.43508797880166,
              -6.959731213970942
            ],
            [
              110.43508423005102,
              -6.959689706889775
            ],
            [
              110.4350645915985,
              -6.959652786868986
            ],
            [
              110.43503216918958,
              -6.959626011588723
            ],
            [
              110.43499186646503,
              -6.959613645571775
            ],
            [
              110.43494978349902,
              -6.959617270553645
            ],
            [
              110.4349123179962,
              -6.95963658102787
            ]
          ]
        ]
      }
    },
    {
      "type": "Feature",
      "properties": {
        "sourceLayer": "TPX_BUILDINGS_SHADOWS_OUTLINES",
        "sourceEntityType": "LWPOLYLINE",
        "sourceHandle": "797",
        "contextKind": "building_shadow",
        "sourceSceneVersionId": "scv-b67f98b3-a52e-4ff8-b837-45864ccd9201",
        "provenance": "topoexport_dxf_2d"
      },
      "geometry": {
        "type": "Polygon",
        "coordinates": [
          [
            [
              110.43496462683187,
              -6.958242605971144
            ],
            [
              110.43492623177946,
              -6.958280717943473
            ],
            [
              110.43499618295778,
              -6.958257595316371
            ],
            [
              110.43502066270794,
              -6.958329963232451
            ],
            [
              110.43505905783371,
              -6.9582918511915866
            ],
            [
              110.4350345781828,
              -6.958219483284073
            ],
            [
              110.43496462683187,
              -6.958242605971144
            ]
          ]
        ]
      }
    },
    {
      "type": "Feature",
      "properties": {
        "sourceLayer": "TPX_BUILDINGS_SHADOWS_OUTLINES",
        "sourceEntityType": "LWPOLYLINE",
        "sourceHandle": "7A4",
        "contextKind": "building_shadow",
        "sourceSceneVersionId": "scv-b67f98b3-a52e-4ff8-b837-45864ccd9201",
        "provenance": "topoexport_dxf_2d"
      },
      "geometry": {
        "type": "Polygon",
        "coordinates": [
          [
            [
              110.43496992041585,
              -6.960900826654486
            ],
            [
              110.43493152536344,
              -6.960938938626815
            ],
            [
              110.43497239683127,
              -6.960925682074067
            ],
            [
              110.43497974777644,
              -6.960947824469268
            ],
            [
              110.43499581129416,
              -6.960943629433115
            ],
            [
              110.43500374501593,
              -6.96097361163174
            ],
            [
              110.4350421401417,
              -6.960935499586592
            ],
            [
              110.43503420651486,
              -6.9609055174051
            ],
            [
              110.43501814291515,
              -6.960909712462671
            ],
            [
              110.43501079205629,
              -6.960887570046053
            ],
            [
              110.43496992041585,
              -6.960900826654486
            ]
          ]
        ]
      }
    },
    {
      "type": "Feature",
      "properties": {
        "sourceLayer": "TPX_BUILDINGS_SHADOWS_OUTLINES",
        "sourceEntityType": "LWPOLYLINE",
        "sourceHandle": "7B9",
        "contextKind": "building_shadow",
        "sourceSceneVersionId": "scv-b67f98b3-a52e-4ff8-b837-45864ccd9201",
        "provenance": "topoexport_dxf_2d"
      },
      "geometry": {
        "type": "Polygon",
        "coordinates": [
          [
            [
              110.43497556353029,
              -6.960189463436736
            ],
            [
              110.43493717117494,
              -6.960227572731889
            ],
            [
              110.43496862290085,
              -6.960197745282599
            ],
            [
              110.43500919186633,
              -6.960182105584947
            ],
            [
              110.43505267988454,
              -6.960183047192695
            ],
            [
              110.43509258856203,
              -6.960200279874275
            ],
            [
              110.4351228166379,
              -6.960231228786135
            ],
            [
              110.43513865993735,
              -6.960271231936955
            ],
            [
              110.43513781175702,
              -6.9603141348333954
            ],
            [
              110.43512026443723,
              -6.960353482127515
            ],
            [
              110.43515865945511,
              -6.960315370189454
            ],
            [
              110.43517620686121,
              -6.960276022715428
            ],
            [
              110.43517705505018,
              -6.960233119853255
            ],
            [
              110.4351612117723,
              -6.960193116736703
            ],
            [
              110.43513098372233,
              -6.960162167841977
            ],
            [
              110.43509107507934,
              -6.960144935168964
            ],
            [
              110.43504758709567,
              -6.960143993552649
            ],
            [
              110.43500701816039,
              -6.960159633233167
            ],
            [
              110.43497556353029,
              -6.960189463436736
            ]
          ]
        ]
      }
    },
    {
      "type": "Feature",
      "properties": {
        "sourceLayer": "TPX_BUILDINGS_SHADOWS_OUTLINES",
        "sourceEntityType": "LWPOLYLINE",
        "sourceHandle": "7CE",
        "contextKind": "building_shadow",
        "sourceSceneVersionId": "scv-b67f98b3-a52e-4ff8-b837-45864ccd9201",
        "provenance": "topoexport_dxf_2d"
      },
      "geometry": {
        "type": "Polygon",
        "coordinates": [
          [
            [
              110.43498262901853,
              -6.958664949461855
            ],
            [
              110.43494423431135,
              -6.958703061095789
            ],
            [
              110.43498688228355,
              -6.958670834627011
            ],
            [
              110.4350388503445,
              -6.958657167652485
            ],
            [
              110.43509204286678,
              -6.958664155694185
            ],
            [
              110.43513856089265,
              -6.958690715695236
            ],
            [
              110.43517120157362,
              -6.958732685156811
            ],
            [
              110.43518505898184,
              -6.958783912673962
            ],
            [
              110.43517802420988,
              -6.9588364559438345
            ],
            [
              110.43515108748473,
              -6.958882269397405
            ],
            [
              110.43518948242493,
              -6.958844157536446
            ],
            [
              110.4352164193184,
              -6.9587983438173
            ],
            [
              110.43522345409035,
              -6.958745800581695
            ],
            [
              110.43520959669507,
              -6.958694573098812
            ],
            [
              110.43517695604432,
              -6.9586526036586545
            ],
            [
              110.43513043804865,
              -6.958626043666171
            ],
            [
              110.43507724556521,
              -6.958619055624471
            ],
            [
              110.43502527753446,
              -6.958632722586146
            ],
            [
              110.43498262901853,
              -6.958664949461855
            ]
          ]
        ]
      }
    },
    {
      "type": "Feature",
      "properties": {
        "sourceLayer": "TPX_BUILDINGS_SHADOWS_OUTLINES",
        "sourceEntityType": "LWPOLYLINE",
        "sourceHandle": "7D7",
        "contextKind": "building_shadow",
        "sourceSceneVersionId": "scv-b67f98b3-a52e-4ff8-b837-45864ccd9201",
        "provenance": "topoexport_dxf_2d"
      },
      "geometry": {
        "type": "Polygon",
        "coordinates": [
          [
            [
              110.43507069794717,
              -6.961573134403142
            ],
            [
              110.43503230286888,
              -6.961611246405456
            ],
            [
              110.43510386502108,
              -6.961598052798468
            ],
            [
              110.43511805112118,
              -6.961673213574457
            ],
            [
              110.43515644623832,
              -6.961635101537875
            ],
            [
              110.43514226023315,
              -6.961559940770454
            ],
            [
              110.43507069794717,
              -6.961573134403142
            ]
          ]
        ]
      }
    },
    {
      "type": "Feature",
      "properties": {
        "sourceLayer": "TPX_BUILDINGS_SHADOWS_OUTLINES",
        "sourceEntityType": "LWPOLYLINE",
        "sourceHandle": "7F8",
        "contextKind": "building_shadow",
        "sourceSceneVersionId": "scv-b67f98b3-a52e-4ff8-b837-45864ccd9201",
        "provenance": "topoexport_dxf_2d"
      },
      "geometry": {
        "type": "Polygon",
        "coordinates": [
          [
            [
              110.43510123913238,
              -6.961199196609056
            ],
            [
              110.43506284412312,
              -6.96123730853855
            ],
            [
              110.43511589865514,
              -6.961213113533293
            ],
            [
              110.43513524273101,
              -6.961254602165504
            ],
            [
              110.43515425608247,
              -6.961235729000471
            ],
            [
              110.43514208928696,
              -6.961211990241677
            ],
            [
              110.4351997368403,
              -6.961182923401626
            ],
            [
              110.43521637087917,
              -6.961215378047179
            ],
            [
              110.4351687348892,
              -6.961239396945661
            ],
            [
              110.43515303790853,
              -6.961254978199493
            ],
            [
              110.43520558970408,
              -6.961228400387726
            ],
            [
              110.43525879774849,
              -6.961331718984743
            ],
            [
              110.4352910633999,
              -6.961394543938044
            ],
            [
              110.43532945853431,
              -6.961356431888612
            ],
            [
              110.43532871731293,
              -6.96135498864663
            ],
            [
              110.43528254522288,
              -6.9613772742514675
            ],
            [
              110.43521420067295,
              -6.961239512788135
            ],
            [
              110.43546308032076,
              -6.961119450725957
            ],
            [
              110.43545524655853,
              -6.9611036400274395
            ],
            [
              110.43529810825672,
              -6.961179445133279
            ],
            [
              110.43533010751621,
              -6.961147681798803
            ],
            [
              110.43531324222917,
              -6.961108947637938
            ],
            [
              110.4352905328945,
              -6.961119357097618
            ],
            [
              110.43529043622321,
              -6.961119149250247
            ],
            [
              110.43526581014564,
              -6.961130466131211
            ],
            [
              110.43524259197267,
              -6.961153513116313
            ],
            [
              110.43523813207827,
              -6.9611448113650445
            ],
            [
              110.43518048456376,
              -6.961173878085158
            ],
            [
              110.43516222213445,
              -6.961192005868729
            ],
            [
              110.4351542938931,
              -6.961175001496711
            ],
            [
              110.43510123913238,
              -6.961199196609056
            ]
          ]
        ]
      }
    },
    {
      "type": "Feature",
      "properties": {
        "sourceLayer": "TPX_BUILDINGS_SHADOWS_OUTLINES",
        "sourceEntityType": "LWPOLYLINE",
        "sourceHandle": "801",
        "contextKind": "building_shadow",
        "sourceSceneVersionId": "scv-b67f98b3-a52e-4ff8-b837-45864ccd9201",
        "provenance": "topoexport_dxf_2d"
      },
      "geometry": {
        "type": "Polygon",
        "coordinates": [
          [
            [
              110.43523000724923,
              -6.961166005007649
            ],
            [
              110.43527477069243,
              -6.961146884420158
            ],
            [
              110.43529171238612,
              -6.961185793843951
            ],
            [
              110.435246848992,
              -6.961204914585647
            ],
            [
              110.43524114069068,
              -6.961191726817044
            ],
            [
              110.43523921834219,
              -6.961192699038835
            ],
            [
              110.43524085732236,
              -6.961191072142586
            ],
            [
              110.43523000724923,
              -6.961166005007649
            ]
          ]
        ]
      }
    },
    {
      "type": "Feature",
      "properties": {
        "sourceLayer": "TPX_BUILDINGS_SHADOWS_OUTLINES",
        "sourceEntityType": "LWPOLYLINE",
        "sourceHandle": "816",
        "contextKind": "building_shadow",
        "sourceSceneVersionId": "scv-b67f98b3-a52e-4ff8-b837-45864ccd9201",
        "provenance": "topoexport_dxf_2d"
      },
      "geometry": {
        "type": "Polygon",
        "coordinates": [
          [
            [
              110.43510971842427,
              -6.960518516782999
            ],
            [
              110.43507132357037,
              -6.960556628562571
            ],
            [
              110.43510678409106,
              -6.960533050408632
            ],
            [
              110.43514876131502,
              -6.960524658678618
            ],
            [
              110.43519075834618,
              -6.9605327523768405
            ],
            [
              110.4352263755726,
              -6.960556048052311
            ],
            [
              110.43525031030501,
              -6.960590976819631
            ],
            [
              110.4352588574722,
              -6.960632378946935
            ],
            [
              110.43525060974349,
              -6.9606738009538764
            ],
            [
              110.4352269594194,
              -6.960708984305635
            ],
            [
              110.43526535429919,
              -6.960670872500361
            ],
            [
              110.43528900484769,
              -6.960635688818774
            ],
            [
              110.43529725258071,
              -6.960594266850385
            ],
            [
              110.43528870542646,
              -6.9605528647530654
            ],
            [
              110.43526477071994,
              -6.960517936011446
            ],
            [
              110.43522915352374,
              -6.96049464035311
            ],
            [
              110.43518715652709,
              -6.960486546650603
            ],
            [
              110.43514517933767,
              -6.960494938367766
            ],
            [
              110.43510971842427,
              -6.960518516782999
            ]
          ]
        ]
      }
    },
    {
      "type": "Feature",
      "properties": {
        "sourceLayer": "TPX_BUILDINGS_SHADOWS_OUTLINES",
        "sourceEntityType": "LWPOLYLINE",
        "sourceHandle": "82B",
        "contextKind": "building_shadow",
        "sourceSceneVersionId": "scv-b67f98b3-a52e-4ff8-b837-45864ccd9201",
        "provenance": "topoexport_dxf_2d"
      },
      "geometry": {
        "type": "Polygon",
        "coordinates": [
          [
            [
              110.43512087216057,
              -6.959068182448389
            ],
            [
              110.43508247725919,
              -6.959106294270796
            ],
            [
              110.4351272295344,
              -6.959078037522763
            ],
            [
              110.4351794027446,
              -6.9590687399520705
            ],
            [
              110.43523130061723,
              -6.959079900554497
            ],
            [
              110.435274923523,
              -6.959109840530846
            ],
            [
              110.43530366783995,
              -6.959153900117207
            ],
            [
              110.43531302693899,
              -6.959205430891997
            ],
            [
              110.43530169179189,
              -6.95925658890966
            ],
            [
              110.4352713527611,
              -6.959299526275276
            ],
            [
              110.43530974758912,
              -6.959261414525688
            ],
            [
              110.43534008689609,
              -6.959218476774558
            ],
            [
              110.43535142204749,
              -6.959167318791162
            ],
            [
              110.4353420629614,
              -6.959115788050641
            ],
            [
              110.43531331866603,
              -6.959071728485696
            ],
            [
              110.43526969579477,
              -6.959041788526482
            ],
            [
              110.43521779795667,
              -6.959030627924056
            ],
            [
              110.43516562478099,
              -6.959039925486182
            ],
            [
              110.43512087216057,
              -6.959068182448389
            ]
          ]
        ]
      }
    },
    {
      "type": "Feature",
      "properties": {
        "sourceLayer": "TPX_BUILDINGS_SHADOWS_OUTLINES",
        "sourceEntityType": "LWPOLYLINE",
        "sourceHandle": "84E",
        "contextKind": "building_shadow",
        "sourceSceneVersionId": "scv-b67f98b3-a52e-4ff8-b837-45864ccd9201",
        "provenance": "topoexport_dxf_2d"
      },
      "geometry": {
        "type": "Polygon",
        "coordinates": [
          [
            [
              110.43512930788089,
              -6.958350956720817
            ],
            [
              110.43509091281985,
              -6.958389068701712
            ],
            [
              110.43519084784977,
              -6.958359952019071
            ],
            [
              110.43520911654488,
              -6.958421601829213
            ],
            [
              110.43523693239537,
              -6.958393991064454
            ],
            [
              110.43523507626513,
              -6.958394558998413
            ],
            [
              110.4352265453105,
              -6.958366762274872
            ],
            [
              110.43525782465755,
              -6.958357290717729
            ],
            [
              110.43526635547408,
              -6.958384988085917
            ],
            [
              110.43530475059985,
              -6.958346876045052
            ],
            [
              110.43529621988257,
              -6.958319178689715
            ],
            [
              110.43526494059594,
              -6.958328650131204
            ],
            [
              110.43523891606424,
              -6.9583544827885335
            ],
            [
              110.43523098427572,
              -6.958327715929594
            ],
            [
              110.43521970228878,
              -6.958324619756362
            ],
            [
              110.4351979707703,
              -6.958330951367376
            ],
            [
              110.4352076747134,
              -6.958321318969787
            ],
            [
              110.4351931959714,
              -6.958317345488147
            ],
            [
              110.4352014581175,
              -6.9582879398889625
            ],
            [
              110.43524875967624,
              -6.958300893449649
            ],
            [
              110.43524039759646,
              -6.958330299018848
            ],
            [
              110.43527879266182,
              -6.958292187029385
            ],
            [
              110.43528715484948,
              -6.9582627814216345
            ],
            [
              110.43523985340293,
              -6.958249827796696
            ],
            [
              110.43520459440663,
              -6.958284826830247
            ],
            [
              110.43519618164368,
              -6.958262491819735
            ],
            [
              110.43515860961342,
              -6.958276439657857
            ],
            [
              110.43512021456965,
              -6.95831455162162
            ],
            [
              110.43515778641866,
              -6.958300603852033
            ],
            [
              110.43517704218196,
              -6.958351725648577
            ],
            [
              110.43513947011719,
              -6.958365673645188
            ],
            [
              110.43513346994641,
              -6.958349744075777
            ],
            [
              110.43512930788089,
              -6.958350956720817
            ]
          ]
        ]
      }
    },
    {
      "type": "Feature",
      "properties": {
        "sourceLayer": "TPX_BUILDINGS_SHADOWS_OUTLINES",
        "sourceEntityType": "LWPOLYLINE",
        "sourceHandle": "857",
        "contextKind": "building_shadow",
        "sourceSceneVersionId": "scv-b67f98b3-a52e-4ff8-b837-45864ccd9201",
        "provenance": "topoexport_dxf_2d"
      },
      "geometry": {
        "type": "Polygon",
        "coordinates": [
          [
            [
              110.43517482484405,
              -6.961621970880931
            ],
            [
              110.43513642986501,
              -6.961660082776158
            ],
            [
              110.43530367099011,
              -6.961570605384275
            ],
            [
              110.43533703376707,
              -6.961631244232819
            ],
            [
              110.43537542889715,
              -6.961593132187671
            ],
            [
              110.4353420662324,
              -6.961532493347694
            ],
            [
              110.43517482484405,
              -6.961621970880931
            ]
          ]
        ]
      }
    },
    {
      "type": "Feature",
      "properties": {
        "sourceLayer": "TPX_BUILDINGS_SHADOWS_OUTLINES",
        "sourceEntityType": "LWPOLYLINE",
        "sourceHandle": "864",
        "contextKind": "building_shadow",
        "sourceSceneVersionId": "scv-b67f98b3-a52e-4ff8-b837-45864ccd9201",
        "provenance": "topoexport_dxf_2d"
      },
      "geometry": {
        "type": "Polygon",
        "coordinates": [
          [
            [
              110.43520886846706,
              -6.961084465609438
            ],
            [
              110.4351704734578,
              -6.961122577538932
            ],
            [
              110.43527078730611,
              -6.9610764784456824
            ],
            [
              110.43527103389083,
              -6.9610770073057235
            ],
            [
              110.43536450794957,
              -6.96103416084415
            ],
            [
              110.43538415287071,
              -6.961076443612411
            ],
            [
              110.43542254800079,
              -6.961038331562979
            ],
            [
              110.43540290318322,
              -6.960996048811853
            ],
            [
              110.43530942904249,
              -6.961038895311977
            ],
            [
              110.43530918253975,
              -6.961038366409101
            ],
            [
              110.43520886846706,
              -6.961084465609438
            ]
          ]
        ]
      }
    },
    {
      "type": "Feature",
      "properties": {
        "sourceLayer": "TPX_BUILDINGS_SHADOWS_OUTLINES",
        "sourceEntityType": "LWPOLYLINE",
        "sourceHandle": "879",
        "contextKind": "building_shadow",
        "sourceSceneVersionId": "scv-b67f98b3-a52e-4ff8-b837-45864ccd9201",
        "provenance": "topoexport_dxf_2d"
      },
      "geometry": {
        "type": "Polygon",
        "coordinates": [
          [
            [
              110.43524047097378,
              -6.959430025318503
            ],
            [
              110.43520207608104,
              -6.959468137132344
            ],
            [
              110.43523843669942,
              -6.959444756515436
            ],
            [
              110.43528111440834,
              -6.959436860525584
            ],
            [
              110.43532361221683,
              -6.959445648820313
            ],
            [
              110.43535943052747,
              -6.959469838060004
            ],
            [
              110.43538316643256,
              -6.959505660862728
            ],
            [
              110.43539121458308,
              -6.9595477587473615
            ],
            [
              110.43538226762084,
              -6.959589678126471
            ],
            [
              110.43535781774116,
              -6.95962506099423
            ],
            [
              110.43539621259075,
              -6.959586949223224
            ],
            [
              110.43542066272934,
              -6.95955156599137
            ],
            [
              110.43542960969158,
              -6.959509646650811
            ],
            [
              110.43542156155401,
              -6.959467548796162
            ],
            [
              110.4353978256705,
              -6.959431726019139
            ],
            [
              110.43536200739439,
              -6.959407536792298
            ],
            [
              110.43531950962041,
              -6.95939874849757
            ],
            [
              110.43527683194603,
              -6.959406644474571
            ],
            [
              110.43524047097378,
              -6.959430025318503
            ]
          ]
        ]
      }
    },
    {
      "type": "Feature",
      "properties": {
        "sourceLayer": "TPX_BUILDINGS_SHADOWS_OUTLINES",
        "sourceEntityType": "LWPOLYLINE",
        "sourceHandle": "88E",
        "contextKind": "building_shadow",
        "sourceSceneVersionId": "scv-b67f98b3-a52e-4ff8-b837-45864ccd9201",
        "provenance": "topoexport_dxf_2d"
      },
      "geometry": {
        "type": "Polygon",
        "coordinates": [
          [
            [
              110.4353339997505,
              -6.960060134966194
            ],
            [
              110.43529560481028,
              -6.960098246827153
            ],
            [
              110.43533286730856,
              -6.960076652674746
            ],
            [
              110.43537554734343,
              -6.960070742883855
            ],
            [
              110.43541734768766,
              -6.960081518204255
            ],
            [
              110.43545176816127,
              -6.960107198755157
            ],
            [
              110.43547370564889,
              -6.960143917473734
            ],
            [
              110.43547965454098,
              -6.960186117155304
            ],
            [
              110.43546870723989,
              -6.960227244420168
            ],
            [
              110.43544265634604,
              -6.960261238703169
            ],
            [
              110.43548105106186,
              -6.960223127069235
            ],
            [
              110.43550710235272,
              -6.960189132280783
            ],
            [
              110.43551804964949,
              -6.960148005054471
            ],
            [
              110.43551210076603,
              -6.960105805402884
            ],
            [
              110.4354901633043,
              -6.960069086710009
            ],
            [
              110.4354557428652,
              -6.960043406176241
            ],
            [
              110.4354139425555,
              -6.9600326308558405
            ],
            [
              110.43537126255085,
              -6.960038540638165
            ],
            [
              110.4353339997505,
              -6.960060134966194
            ]
          ]
        ]
      }
    },
    {
      "type": "Feature",
      "properties": {
        "sourceLayer": "TPX_BUILDINGS_SHADOWS_OUTLINES",
        "sourceEntityType": "LWPOLYLINE",
        "sourceHandle": "8A3",
        "contextKind": "building_shadow",
        "sourceSceneVersionId": "scv-b67f98b3-a52e-4ff8-b837-45864ccd9201",
        "provenance": "topoexport_dxf_2d"
      },
      "geometry": {
        "type": "Polygon",
        "coordinates": [
          [
            [
              110.43533542684524,
              -6.9587510308282345
            ],
            [
              110.43529703203448,
              -6.958789142560689
            ],
            [
              110.43534677429092,
              -6.958753829029644
            ],
            [
              110.43540633983,
              -6.958739954486172
            ],
            [
              110.4354668333522,
              -6.958749615300378
            ],
            [
              110.43551885588946,
              -6.958781332938674
            ],
            [
              110.43555470402744,
              -6.9588303496310955
            ],
            [
              110.43556877038667,
              -6.958889124458422
            ],
            [
              110.43555894488166,
              -6.958948722018319
            ],
            [
              110.4355267164281,
              -6.959000103025462
            ],
            [
              110.43556511134241,
              -6.958961991190204
            ],
            [
              110.43559733999017,
              -6.958910609887501
            ],
            [
              110.43560716549517,
              -6.958851012361872
            ],
            [
              110.43559309915321,
              -6.958792237568813
            ],
            [
              110.43555725104112,
              -6.958743220902092
            ],
            [
              110.43550522853405,
              -6.958711503276647
            ],
            [
              110.43544473504637,
              -6.958701842458158
            ],
            [
              110.43538516953753,
              -6.958715716988779
            ],
            [
              110.43533542684524,
              -6.9587510308282345
            ]
          ]
        ]
      }
    },
    {
      "type": "Feature",
      "properties": {
        "sourceLayer": "TPX_BUILDINGS_SHADOWS_OUTLINES",
        "sourceEntityType": "LWPOLYLINE",
        "sourceHandle": "8AC",
        "contextKind": "building_shadow",
        "sourceSceneVersionId": "scv-b67f98b3-a52e-4ff8-b837-45864ccd9201",
        "provenance": "topoexport_dxf_2d"
      },
      "geometry": {
        "type": "Polygon",
        "coordinates": [
          [
            [
              110.43535605130006,
              -6.958027136966492
            ],
            [
              110.43531765628649,
              -6.95806524890027
            ],
            [
              110.43537290971713,
              -6.958040356180132
            ],
            [
              110.43538363499187,
              -6.958063979246376
            ],
            [
              110.43542203012196,
              -6.95802586720551
            ],
            [
              110.43541130495079,
              -6.958002244147834
            ],
            [
              110.43535605130006,
              -6.958027136966492
            ]
          ]
        ]
      }
    },
    {
      "type": "Feature",
      "properties": {
        "sourceLayer": "TPX_BUILDINGS_SHADOWS_OUTLINES",
        "sourceEntityType": "LWPOLYLINE",
        "sourceHandle": "93E",
        "contextKind": "building_shadow",
        "sourceSceneVersionId": "scv-b67f98b3-a52e-4ff8-b837-45864ccd9201",
        "provenance": "topoexport_dxf_2d"
      },
      "geometry": {
        "type": "Polygon",
        "coordinates": [
          [
            [
              110.43538084279913,
              -6.958192756459004
            ],
            [
              110.43534244782009,
              -6.958230868362798
            ],
            [
              110.43537451815683,
              -6.958214345128554
            ],
            [
              110.43540948696234,
              -6.958280245514469
            ],
            [
              110.43544300546975,
              -6.958246974137503
            ],
            [
              110.43541367614951,
              -6.958188875363492
            ],
            [
              110.4354776183452,
              -6.9581568221015715
            ],
            [
              110.43549535333297,
              -6.958190268582977
            ],
            [
              110.43550798852381,
              -6.958222727931792
            ],
            [
              110.43545421642689,
              -6.958246884651292
            ],
            [
              110.43544045417961,
              -6.958260545431903
            ],
            [
              110.43551349332434,
              -6.958228183450906
            ],
            [
              110.43553654743832,
              -6.95827890353399
            ],
            [
              110.43549869084872,
              -6.958295602772204
            ],
            [
              110.43547939790913,
              -6.958314753468286
            ],
            [
              110.43547547979601,
              -6.9583058415051635
            ],
            [
              110.43546340796723,
              -6.958311166566565
            ],
            [
              110.43546190419829,
              -6.958307850479394
            ],
            [
              110.43544237282126,
              -6.9583163244394015
            ],
            [
              110.43544222828899,
              -6.958316467906047
            ],
            [
              110.43543164872892,
              -6.958293595168687
            ],
            [
              110.43540307304085,
              -6.958306737866498
            ],
            [
              110.43536467803159,
              -6.958344849795992
            ],
            [
              110.43539325349526,
              -6.958331707200985
            ],
            [
              110.43540638376724,
              -6.9583600942996435
            ],
            [
              110.43540644027605,
              -6.958360038207454
            ],
            [
              110.43540397754445,
              -6.958354436587354
            ],
            [
              110.43543565163333,
              -6.958340694249254
            ],
            [
              110.4354531944091,
              -6.958380596070036
            ],
            [
              110.43548530523628,
              -6.958348721994713
            ],
            [
              110.43547261748944,
              -6.9583214838542915
            ],
            [
              110.43554086011204,
              -6.958290616983953
            ],
            [
              110.43556882418869,
              -6.9583508650033625
            ],
            [
              110.43557495330487,
              -6.958344781076098
            ],
            [
              110.43552468694261,
              -6.958225687586186
            ],
            [
              110.43557214940152,
              -6.958206166617398
            ],
            [
              110.4356236806767,
              -6.958328256809536
            ],
            [
              110.43564197852166,
              -6.958310093875716
            ],
            [
              110.43562696547679,
              -6.9583164352059494
            ],
            [
              110.4355758394253,
              -6.958198813447454
            ],
            [
              110.43560271783353,
              -6.9581874602254326
            ],
            [
              110.43565384385913,
              -6.958305081949661
            ],
            [
              110.4356922389892,
              -6.958266969908796
            ],
            [
              110.43564269447265,
              -6.9581529864280975
            ],
            [
              110.43565551904464,
              -6.958140256409459
            ],
            [
              110.43563639434987,
              -6.958092778056591
            ],
            [
              110.43568085997713,
              -6.958075346343045
            ],
            [
              110.4357133474823,
              -6.958156245467862
            ],
            [
              110.43573790515379,
              -6.958131868860124
            ],
            [
              110.43570442176859,
              -6.958049398742773
            ],
            [
              110.43578016327771,
              -6.958019416835424
            ],
            [
              110.43581766260814,
              -6.9581114327512195
            ],
            [
              110.43582135551885,
              -6.9581077670634235
            ],
            [
              110.43580972646981,
              -6.958079464465004
            ],
            [
              110.43586258543255,
              -6.958058348194926
            ],
            [
              110.43587942969545,
              -6.9580993432587
            ],
            [
              110.4358804634422,
              -6.958098317133579
            ],
            [
              110.43587611218541,
              -6.95808405356432
            ],
            [
              110.4359591579525,
              -6.958059425794644
            ],
            [
              110.43597130229985,
              -6.958099334010664
            ],
            [
              110.43599642554284,
              -6.958074396001277
            ],
            [
              110.4359796766437,
              -6.9580800581641045
            ],
            [
              110.43596583290633,
              -6.958040251222437
            ],
            [
              110.4360247916067,
              -6.9580204187931445
            ],
            [
              110.43603863520597,
              -6.958060126383741
            ],
            [
              110.43607703033173,
              -6.958022014342877
            ],
            [
              110.4360679651433,
              -6.957996012492313
            ],
            [
              110.43603737301599,
              -6.958007990370154
            ],
            [
              110.43602970999714,
              -6.957988844921337
            ],
            [
              110.43601263212129,
              -6.957988844921337
            ],
            [
              110.43601997837574,
              -6.958008110076327
            ],
            [
              110.43598516988784,
              -6.9580210568691125
            ],
            [
              110.43597952502572,
              -6.958026660112652
            ],
            [
              110.43596466967044,
              -6.9580310655491315
            ],
            [
              110.43596851031536,
              -6.9580272532206315
            ],
            [
              110.43596212138807,
              -6.958029629511966
            ],
            [
              110.4359465692633,
              -6.957988844921337
            ],
            [
              110.43590978668219,
              -6.957988844921337
            ],
            [
              110.43593406794162,
              -6.958061441652431
            ],
            [
              110.43588190377629,
              -6.9580783861199595
            ],
            [
              110.43586701111526,
              -6.95803380636474
            ],
            [
              110.43584812174662,
              -6.958041352317053
            ],
            [
              110.43584449626243,
              -6.958044951071166
            ],
            [
              110.43584340876001,
              -6.958042282552158
            ],
            [
              110.43580410515625,
              -6.958060205049879
            ],
            [
              110.43577944925997,
              -6.958007599930817
            ],
            [
              110.43582057836831,
              -6.957988844921337
            ],
            [
              110.43579834361711,
              -6.957988844921337
            ],
            [
              110.43579756975915,
              -6.957989613073787
            ],
            [
              110.43574281704971,
              -6.958011286594822
            ],
            [
              110.43571499347051,
              -6.958038905031295
            ],
            [
              110.4356747893807,
              -6.958054666101396
            ],
            [
              110.43564031337785,
              -6.95808888791865
            ],
            [
              110.43562730944052,
              -6.9580595884170195
            ],
            [
              110.43559543543255,
              -6.958073330862205
            ],
            [
              110.43558563867605,
              -6.958083055388914
            ],
            [
              110.43558083789902,
              -6.958071759167181
            ],
            [
              110.43555186087967,
              -6.958083710611659
            ],
            [
              110.43551399105938,
              -6.95809944634925
            ],
            [
              110.43550752229477,
              -6.958105867420774
            ],
            [
              110.4355013876809,
              -6.958093502663169
            ],
            [
              110.4354695643302,
              -6.958108791141042
            ],
            [
              110.4354994709682,
              -6.958079105003805
            ],
            [
              110.4354960200982,
              -6.9580712081958085
            ],
            [
              110.43548142249996,
              -6.958077866439419
            ],
            [
              110.43547099927017,
              -6.958056030557303
            ],
            [
              110.43550047419717,
              -6.958042489482865
            ],
            [
              110.4354901504997,
              -6.958020157059575
            ],
            [
              110.43552112446609,
              -6.958006117623484
            ],
            [
              110.43554167158646,
              -6.958050385532685
            ],
            [
              110.43555384696941,
              -6.958038299921001
            ],
            [
              110.4355453381609,
              -6.958023567653198
            ],
            [
              110.43559628873514,
              -6.957995005364431
            ],
            [
              110.4356185284403,
              -6.958033511292835
            ],
            [
              110.43565692357038,
              -6.95799539925197
            ],
            [
              110.43565313803182,
              -6.957988844921337
            ],
            [
              110.43558031882917,
              -6.957988844921337
            ],
            [
              110.4355727017337,
              -6.957996405857267
            ],
            [
              110.43556919230944,
              -6.957988844921337
            ],
            [
              110.43552169525049,
              -6.957988844921337
            ],
            [
              110.4355120163836,
              -6.957998452427615
            ],
            [
              110.43550556100072,
              -6.9579890237738224
            ],
            [
              110.43546520562953,
              -6.958016183085334
            ],
            [
              110.43542681078425,
              -6.95805429485634
            ],
            [
              110.43546716575412,
              -6.958027135814687
            ],
            [
              110.43548068554642,
              -6.958046882497248
            ],
            [
              110.43547921345606,
              -6.95804787697601
            ],
            [
              110.43547374543482,
              -6.958053304682478
            ],
            [
              110.43546685167814,
              -6.9580562269420785
            ],
            [
              110.4354403302831,
              -6.958074141254066
            ],
            [
              110.43543702842464,
              -6.9580692945547415
            ],
            [
              110.43539938165344,
              -6.958106663762815
            ],
            [
              110.4354475425864,
              -6.9580862483688275
            ],
            [
              110.4354610758338,
              -6.958117217048954
            ],
            [
              110.43542926741402,
              -6.9581307007632915
            ],
            [
              110.43539585142082,
              -6.958163870381871
            ],
            [
              110.43546299244294,
              -6.9581316146997505
            ],
            [
              110.43547441679154,
              -6.9581546410813075
            ],
            [
              110.43542361251883,
              -6.958179012253307
            ],
            [
              110.4354175705242,
              -6.958185009697081
            ],
            [
              110.43541625971808,
              -6.958182539421879
            ],
            [
              110.435407175538,
              -6.9581868971446585
            ],
            [
              110.43540415111866,
              -6.958180747581607
            ],
            [
              110.43538084279913,
              -6.958192756459004
            ]
          ]
        ]
      }
    },
    {
      "type": "Feature",
      "properties": {
        "sourceLayer": "TPX_BUILDINGS_SHADOWS_OUTLINES",
        "sourceEntityType": "LWPOLYLINE",
        "sourceHandle": "948",
        "contextKind": "building_shadow",
        "sourceSceneVersionId": "scv-b67f98b3-a52e-4ff8-b837-45864ccd9201",
        "provenance": "topoexport_dxf_2d"
      },
      "geometry": {
        "type": "Polygon",
        "coordinates": [
          [
            [
              110.43547559577826,
              -6.958137558501485
            ],
            [
              110.43551346565033,
              -6.958121822643956
            ],
            [
              110.43554244266538,
              -6.958109871199479
            ],
            [
              110.43557492483254,
              -6.958186301380921
            ],
            [
              110.43555685914195,
              -6.958193752638307
            ],
            [
              110.43555458696525,
              -6.958196008062645
            ],
            [
              110.43555408236027,
              -6.95819489791275
            ],
            [
              110.43550807785047,
              -6.958213889404676
            ],
            [
              110.43547559577826,
              -6.958137558501485
            ]
          ]
        ]
      }
    },
    {
      "type": "Feature",
      "properties": {
        "sourceLayer": "TPX_BUILDINGS_SHADOWS_OUTLINES",
        "sourceEntityType": "LWPOLYLINE",
        "sourceHandle": "951",
        "contextKind": "building_shadow",
        "sourceSceneVersionId": "scv-b67f98b3-a52e-4ff8-b837-45864ccd9201",
        "provenance": "topoexport_dxf_2d"
      },
      "geometry": {
        "type": "Polygon",
        "coordinates": [
          [
            [
              110.43555704015573,
              -6.958111443014441
            ],
            [
              110.43558891420686,
              -6.9580977004536
            ],
            [
              110.43562239487342,
              -6.958173136357605
            ],
            [
              110.43559052084387,
              -6.958186878952712
            ],
            [
              110.43558654661462,
              -6.958177924745895
            ],
            [
              110.43558111178665,
              -6.958180160046437
            ],
            [
              110.43558557320003,
              -6.958175731521992
            ],
            [
              110.43555704015573,
              -6.958111443014441
            ]
          ]
        ]
      }
    },
    {
      "type": "Feature",
      "properties": {
        "sourceLayer": "TPX_BUILDINGS_SHADOWS_OUTLINES",
        "sourceEntityType": "LWPOLYLINE",
        "sourceHandle": "9EA",
        "contextKind": "building_shadow",
        "sourceSceneVersionId": "scv-b67f98b3-a52e-4ff8-b837-45864ccd9201",
        "provenance": "topoexport_dxf_2d"
      },
      "geometry": {
        "type": "Polygon",
        "coordinates": [
          [
            [
              110.43582613474527,
              -6.958130061984833
            ],
            [
              110.43578773968855,
              -6.958168173961445
            ],
            [
              110.43587178181033,
              -6.958140963106801
            ],
            [
              110.43591020847661,
              -6.958256017809115
            ],
            [
              110.43591345239788,
              -6.958252797804716
            ],
            [
              110.43589102876612,
              -6.958184934731871
            ],
            [
              110.4359676764316,
              -6.958160314518258
            ],
            [
              110.43599677299332,
              -6.958247970736588
            ],
            [
              110.43596589573707,
              -6.9582579161153175
            ],
            [
              110.4359407316843,
              -6.958282894637874
            ],
            [
              110.4360233750456,
              -6.958256380628563
            ],
            [
              110.43607845919576,
              -6.958423553323858
            ],
            [
              110.43604480894233,
              -6.958434349294922
            ],
            [
              110.43604219775153,
              -6.958436941233849
            ],
            [
              110.4360417351085,
              -6.958435335455162
            ],
            [
              110.43599581565323,
              -6.9584500675387755
            ],
            [
              110.43599445374967,
              -6.958445934638805
            ],
            [
              110.43597687461751,
              -6.958450853232082
            ],
            [
              110.43593847955215,
              -6.958488965217262
            ],
            [
              110.43600263868649,
              -6.958471013677536
            ],
            [
              110.43604891761035,
              -6.958631642326837
            ],
            [
              110.43605658919076,
              -6.958624027307669
            ],
            [
              110.43603913879686,
              -6.9585636267406334
            ],
            [
              110.4360738168851,
              -6.958553952604801
            ],
            [
              110.43609299125758,
              -6.958620666175407
            ],
            [
              110.43613138638334,
              -6.958582554130259
            ],
            [
              110.4361122121058,
              -6.958515840576786
            ],
            [
              110.43611129063014,
              -6.95851609764136
            ],
            [
              110.43613168231781,
              -6.958495856298074
            ],
            [
              110.43610517915059,
              -6.958403231532507
            ],
            [
              110.43609650952388,
              -6.958405636081968
            ],
            [
              110.43611685432585,
              -6.958385441282992
            ],
            [
              110.43610992524846,
              -6.958364412468756
            ],
            [
              110.43613818908293,
              -6.95833635701865
            ],
            [
              110.43612621520278,
              -6.95829865866786
            ],
            [
              110.43613325505385,
              -6.95829167072468
            ],
            [
              110.43612284337178,
              -6.958254773586249
            ],
            [
              110.43620369263954,
              -6.958232531887098
            ],
            [
              110.43623973481056,
              -6.958360003155725
            ],
            [
              110.43626008142925,
              -6.9583398065491195
            ],
            [
              110.43625678976785,
              -6.9583268136232395
            ],
            [
              110.43629876497656,
              -6.958316535032485
            ],
            [
              110.43631433409065,
              -6.958377989447335
            ],
            [
              110.43627235890352,
              -6.958388268089491
            ],
            [
              110.436267374256,
              -6.958368592949639
            ],
            [
              110.43626079336703,
              -6.958370474091931
            ],
            [
              110.4362327854858,
              -6.958398275480183
            ],
            [
              110.43622711395943,
              -6.958379253138624
            ],
            [
              110.43616455441524,
              -6.958397401422937
            ],
            [
              110.43612615934988,
              -6.958435513403833
            ],
            [
              110.43618871873441,
              -6.958417365166638
            ],
            [
              110.4362385041654,
              -6.958584345512198
            ],
            [
              110.43627689929117,
              -6.958546233471332
            ],
            [
              110.43626836313662,
              -6.958517603152312
            ],
            [
              110.43625552339635,
              -6.958521263832718
            ],
            [
              110.4362223980859,
              -6.9584085862356
            ],
            [
              110.4363560124371,
              -6.958370392671516
            ],
            [
              110.43640519882281,
              -6.958538068907192
            ],
            [
              110.43644359394858,
              -6.958499956866327
            ],
            [
              110.43644336119439,
              -6.958499163407069
            ],
            [
              110.43643604522902,
              -6.958501089393129
            ],
            [
              110.43639698412771,
              -6.9583570368876355
            ],
            [
              110.43644245625926,
              -6.958345065910483
            ],
            [
              110.43648033299266,
              -6.958335090213271
            ],
            [
              110.43651939405082,
              -6.958479142671647
            ],
            [
              110.4365215411702,
              -6.958477011382602
            ],
            [
              110.43649608151956,
              -6.958379562534491
            ],
            [
              110.4365254963992,
              -6.958372038740629
            ],
            [
              110.4365254963992,
              -6.958366019087004
            ],
            [
              110.43650626726128,
              -6.9583701161428015
            ],
            [
              110.43649551182695,
              -6.9583212683352045
            ],
            [
              110.4365254963992,
              -6.958314790880213
            ],
            [
              110.4365254963992,
              -6.958299871599893
            ],
            [
              110.43650618969382,
              -6.958305366227193
            ],
            [
              110.43645770524301,
              -6.9581394766830424
            ],
            [
              110.43648538772923,
              -6.958131697726472
            ],
            [
              110.4365254963992,
              -6.9582688477570915
            ],
            [
              110.4365254963992,
              -6.958216358420534
            ],
            [
              110.43651378434973,
              -6.958219354955704
            ],
            [
              110.43649209148768,
              -6.958136556102566
            ],
            [
              110.4365254963992,
              -6.958128092911232
            ],
            [
              110.4365254963992,
              -6.958099444790062
            ],
            [
              110.43652378294995,
              -6.958093585698458
            ],
            [
              110.43649610052844,
              -6.958101364543658
            ],
            [
              110.43646820803396,
              -6.958129051387331
            ],
            [
              110.43644515709603,
              -6.958135885193713
            ],
            [
              110.43644312799572,
              -6.958137899333822
            ],
            [
              110.43643652921119,
              -6.958110472064844
            ],
            [
              110.43638306011287,
              -6.958122948925443
            ],
            [
              110.43634707889976,
              -6.958158664855303
            ],
            [
              110.43631563187752,
              -6.958166029702019
            ],
            [
              110.43630458812952,
              -6.95817699202637
            ],
            [
              110.43625767746768,
              -6.958189634572033
            ],
            [
              110.43624444787915,
              -6.958202766625392
            ],
            [
              110.43624208786025,
              -6.958194419859083
            ],
            [
              110.43616123865722,
              -6.958216661446865
            ],
            [
              110.43615044522237,
              -6.958227375303589
            ],
            [
              110.43614693937117,
              -6.958213699042475
            ],
            [
              110.4361082624047,
              -6.958223278474816
            ],
            [
              110.43610370846702,
              -6.958227798837104
            ],
            [
              110.43609915334262,
              -6.958213457561207
            ],
            [
              110.43607942558504,
              -6.958219577041367
            ],
            [
              110.4361040761433,
              -6.958195108227407
            ],
            [
              110.43610127932568,
              -6.958195908390315
            ],
            [
              110.43608602161639,
              -6.958144086621495
            ],
            [
              110.43614318501926,
              -6.958127732173556
            ],
            [
              110.43615844270697,
              -6.958179553895256
            ],
            [
              110.43616287622628,
              -6.958175153063519
            ],
            [
              110.4361435654343,
              -6.958111544335911
            ],
            [
              110.4361708476767,
              -6.958103467900119
            ],
            [
              110.43619212546754,
              -6.958173555521968
            ],
            [
              110.43619559337002,
              -6.958170113187747
            ],
            [
              110.4361725354413,
              -6.958093733658474
            ],
            [
              110.43622340252317,
              -6.958078876304445
            ],
            [
              110.43624899663415,
              -6.958163656683264
            ],
            [
              110.4362771012773,
              -6.958135759255074
            ],
            [
              110.43625197116866,
              -6.95805987450218
            ],
            [
              110.43631752635349,
              -6.958038743291318
            ],
            [
              110.43635043540282,
              -6.958137815656012
            ],
            [
              110.43638196187831,
              -6.958106521619766
            ],
            [
              110.43637089493991,
              -6.958109190425768
            ],
            [
              110.43634477818168,
              -6.958004223236666
            ],
            [
              110.43629036644978,
              -6.958021762358512
            ],
            [
              110.43626397100101,
              -6.958047963193924
            ],
            [
              110.43626179774819,
              -6.958040764272148
            ],
            [
              110.43621296138488,
              -6.95805502839826
            ],
            [
              110.4362328997333,
              -6.9580352370518375
            ],
            [
              110.43622015270289,
              -6.957992846811027
            ],
            [
              110.43620935964346,
              -6.957996001903546
            ],
            [
              110.43621656978479,
              -6.957988844921337
            ],
            [
              110.43617211725015,
              -6.957988844921337
            ],
            [
              110.43618234763794,
              -6.958022814749942
            ],
            [
              110.43615184181658,
              -6.958031750357883
            ],
            [
              110.43614266435274,
              -6.958040860153598
            ],
            [
              110.43614056932762,
              -6.95803505218106
            ],
            [
              110.4361077959944,
              -6.958044651818583
            ],
            [
              110.43610433834941,
              -6.958033201421501
            ],
            [
              110.43607815441493,
              -6.958042371528635
            ],
            [
              110.43605580931295,
              -6.958064551884049
            ],
            [
              110.43600641889998,
              -6.958078307132561
            ],
            [
              110.4359680238303,
              -6.958116419117741
            ],
            [
              110.43603678021496,
              -6.958097270439178
            ],
            [
              110.43607352306513,
              -6.958225436038736
            ],
            [
              110.43600476650354,
              -6.958244584918622
            ],
            [
              110.43597275000013,
              -6.9581329057924695
            ],
            [
              110.43592942405155,
              -6.958146822588202
            ],
            [
              110.43592599851236,
              -6.9581502228714855
            ],
            [
              110.43591459624083,
              -6.958116082817326
            ],
            [
              110.43588825643782,
              -6.958123862519223
            ],
            [
              110.43588439327137,
              -6.958111199250077
            ],
            [
              110.43582613474527,
              -6.958130061984833
            ]
          ]
        ]
      }
    },
    {
      "type": "Feature",
      "properties": {
        "sourceLayer": "TPX_BUILDINGS_SHADOWS_OUTLINES",
        "sourceEntityType": "LWPOLYLINE",
        "sourceHandle": "9F0",
        "contextKind": "building_shadow",
        "sourceSceneVersionId": "scv-b67f98b3-a52e-4ff8-b837-45864ccd9201",
        "provenance": "topoexport_dxf_2d"
      },
      "geometry": {
        "type": "Polygon",
        "coordinates": [
          [
            [
              110.43602650929789,
              -6.958452513959268
            ],
            [
              110.43606678392987,
              -6.958441343564805
            ],
            [
              110.43609328718773,
              -6.95853396833894
            ],
            [
              110.43605291261345,
              -6.95854513890046
            ],
            [
              110.43602650929789,
              -6.958452513959268
            ]
          ]
        ]
      }
    },
    {
      "type": "Feature",
      "properties": {
        "sourceLayer": "TPX_BUILDINGS_SHADOWS_OUTLINES",
        "sourceEntityType": "LWPOLYLINE",
        "sourceHandle": "9F6",
        "contextKind": "building_shadow",
        "sourceSceneVersionId": "scv-b67f98b3-a52e-4ff8-b837-45864ccd9201",
        "provenance": "topoexport_dxf_2d"
      },
      "geometry": {
        "type": "Polygon",
        "coordinates": [
          [
            [
              110.43603247702195,
              -6.958260342382031
            ],
            [
              110.4360607581176,
              -6.958251569593505
            ],
            [
              110.43609979395715,
              -6.9583744690637985
            ],
            [
              110.43607151288307,
              -6.958383241895159
            ],
            [
              110.43603247702195,
              -6.958260342382031
            ]
          ]
        ]
      }
    },
    {
      "type": "Feature",
      "properties": {
        "sourceLayer": "TPX_BUILDINGS_SHADOWS_OUTLINES",
        "sourceEntityType": "LWPOLYLINE",
        "sourceHandle": "A05",
        "contextKind": "building_shadow",
        "sourceSceneVersionId": "scv-b67f98b3-a52e-4ff8-b837-45864ccd9201",
        "provenance": "topoexport_dxf_2d"
      },
      "geometry": {
        "type": "Polygon",
        "coordinates": [
          [
            [
              110.4360397591295,
              -6.9580804836765875
            ],
            [
              110.43609751771113,
              -6.958060255432188
            ],
            [
              110.43611416820423,
              -6.958106414849707
            ],
            [
              110.43614916699674,
              -6.958071674097239
            ],
            [
              110.43614048418681,
              -6.958043024189858
            ],
            [
              110.43618175748217,
              -6.958030958839041
            ],
            [
              110.43619450460753,
              -6.958073349096986
            ],
            [
              110.43617682513606,
              -6.958078529912149
            ],
            [
              110.43615920283798,
              -6.958096022284077
            ],
            [
              110.43612441690183,
              -6.95810597448211
            ],
            [
              110.4360965319289,
              -6.958133653855392
            ],
            [
              110.43609105503108,
              -6.95811454942091
            ],
            [
              110.436056409765,
              -6.958126742440892
            ],
            [
              110.4360397591295,
              -6.9580804836765875
            ]
          ]
        ]
      }
    },
    {
      "type": "Feature",
      "properties": {
        "sourceLayer": "TPX_BUILDINGS_SHADOWS_OUTLINES",
        "sourceEntityType": "LWPOLYLINE",
        "sourceHandle": "A0B",
        "contextKind": "building_shadow",
        "sourceSceneVersionId": "scv-b67f98b3-a52e-4ff8-b837-45864ccd9201",
        "provenance": "topoexport_dxf_2d"
      },
      "geometry": {
        "type": "Polygon",
        "coordinates": [
          [
            [
              110.43606986711926,
              -6.958261390614201
            ],
            [
              110.43610854415478,
              -6.95825181107049
            ],
            [
              110.43612170187204,
              -6.958303138722587
            ],
            [
              110.43608292488992,
              -6.958312718433354
            ],
            [
              110.43606986711926,
              -6.958261390614201
            ]
          ]
        ]
      }
    },
    {
      "type": "Feature",
      "properties": {
        "sourceLayer": "TPX_BUILDINGS_SHADOWS_OUTLINES",
        "sourceEntityType": "LWPOLYLINE",
        "sourceHandle": "A11",
        "contextKind": "building_shadow",
        "sourceSceneVersionId": "scv-b67f98b3-a52e-4ff8-b837-45864ccd9201",
        "provenance": "topoexport_dxf_2d"
      },
      "geometry": {
        "type": "Polygon",
        "coordinates": [
          [
            [
              110.43621928218657,
              -6.958227746711418
            ],
            [
              110.43627294889531,
              -6.958213283300614
            ],
            [
              110.43629825093402,
              -6.958304618476965
            ],
            [
              110.43624468422367,
              -6.9583190818192335
            ],
            [
              110.43621928218657,
              -6.958227746711418
            ]
          ]
        ]
      }
    },
    {
      "type": "Feature",
      "properties": {
        "sourceLayer": "TPX_BUILDINGS_SHADOWS_OUTLINES",
        "sourceEntityType": "LWPOLYLINE",
        "sourceHandle": "A19",
        "contextKind": "building_shadow",
        "sourceSceneVersionId": "scv-b67f98b3-a52e-4ff8-b837-45864ccd9201",
        "provenance": "topoexport_dxf_2d"
      },
      "geometry": {
        "type": "Polygon",
        "coordinates": [
          [
            [
              110.43627723659208,
              -6.95820414183712
            ],
            [
              110.43631431518533,
              -6.958195457990804
            ],
            [
              110.43633239950074,
              -6.958270216946246
            ],
            [
              110.43635410096748,
              -6.958360265334775
            ],
            [
              110.43631702240012,
              -6.958368949236777
            ],
            [
              110.43629532082117,
              -6.958278900783995
            ],
            [
              110.43627723659208,
              -6.95820414183712
            ]
          ]
        ]
      }
    },
    {
      "type": "Feature",
      "properties": {
        "sourceLayer": "TPX_BUILDINGS_SHADOWS_OUTLINES",
        "sourceEntityType": "LWPOLYLINE",
        "sourceHandle": "A22",
        "contextKind": "building_shadow",
        "sourceSceneVersionId": "scv-b67f98b3-a52e-4ff8-b837-45864ccd9201",
        "provenance": "topoexport_dxf_2d"
      },
      "geometry": {
        "type": "Polygon",
        "coordinates": [
          [
            [
              110.43634466483175,
              -6.958161061060544
            ],
            [
              110.4363981339948,
              -6.958148584092858
            ],
            [
              110.43642737101514,
              -6.958270104813267
            ],
            [
              110.43639746139097,
              -6.958277071330473
            ],
            [
              110.43638468726913,
              -6.958289751266645
            ],
            [
              110.43638247277069,
              -6.958280562385012
            ],
            [
              110.43637380190981,
              -6.958282581952292
            ],
            [
              110.43634466483175,
              -6.958161061060544
            ]
          ]
        ]
      }
    },
    {
      "type": "Feature",
      "properties": {
        "sourceLayer": "TPX_BUILDINGS_SHADOWS_OUTLINES",
        "sourceEntityType": "LWPOLYLINE",
        "sourceHandle": "A2E",
        "contextKind": "building_shadow",
        "sourceSceneVersionId": "scv-b67f98b3-a52e-4ff8-b837-45864ccd9201",
        "provenance": "topoexport_dxf_2d"
      },
      "geometry": {
        "type": "Polygon",
        "coordinates": [
          [
            [
              110.43637739409715,
              -6.9583371439456
            ],
            [
              110.43639050060047,
              -6.9583241340742665
            ],
            [
              110.43638081291311,
              -6.958293597006301
            ],
            [
              110.43642588291073,
              -6.958279739613889
            ],
            [
              110.43644203909946,
              -6.958330567182374
            ],
            [
              110.43641531258969,
              -6.958338843622483
            ],
            [
              110.43640061303392,
              -6.95835343479669
            ],
            [
              110.43639791335364,
              -6.9583442315696775
            ],
            [
              110.43639696924856,
              -6.958344523930139
            ],
            [
              110.43639319501176,
              -6.958332627279956
            ],
            [
              110.43637739409715,
              -6.9583371439456
            ]
          ]
        ]
      }
    },
    {
      "type": "Feature",
      "properties": {
        "sourceLayer": "TPX_BUILDINGS_SHADOWS_OUTLINES",
        "sourceEntityType": "LWPOLYLINE",
        "sourceHandle": "A34",
        "contextKind": "building_shadow",
        "sourceSceneVersionId": "scv-b67f98b3-a52e-4ff8-b837-45864ccd9201",
        "provenance": "topoexport_dxf_2d"
      },
      "geometry": {
        "type": "Polygon",
        "coordinates": [
          [
            [
              110.43638499712475,
              -6.958448316772808
            ],
            [
              110.43640978128893,
              -6.958441236400665
            ],
            [
              110.4364306598673,
              -6.9585119203602375
            ],
            [
              110.43640587572037,
              -6.958519000779499
            ],
            [
              110.43638499712475,
              -6.958448316772808
            ]
          ]
        ]
      }
    },
    {
      "type": "Feature",
      "properties": {
        "sourceLayer": "TPX_BUILDINGS_SHADOWS_OUTLINES",
        "sourceEntityType": "LWPOLYLINE",
        "sourceHandle": "A3A",
        "contextKind": "building_shadow",
        "sourceSceneVersionId": "scv-b67f98b3-a52e-4ff8-b837-45864ccd9201",
        "provenance": "topoexport_dxf_2d"
      },
      "geometry": {
        "type": "Polygon",
        "coordinates": [
          [
            [
              110.43640676181491,
              -6.958173997337382
            ],
            [
              110.43645922758068,
              -6.9581584429495456
            ],
            [
              110.43648542277377,
              -6.958244315037871
            ],
            [
              110.43643305700206,
              -6.958259869352887
            ],
            [
              110.43640676181491,
              -6.958173997337382
            ]
          ]
        ]
      }
    },
    {
      "type": "Feature",
      "properties": {
        "sourceLayer": "TPX_BUILDINGS_SHADOWS_OUTLINES",
        "sourceEntityType": "LWPOLYLINE",
        "sourceHandle": "A40",
        "contextKind": "building_shadow",
        "sourceSceneVersionId": "scv-b67f98b3-a52e-4ff8-b837-45864ccd9201",
        "provenance": "topoexport_dxf_2d"
      },
      "geometry": {
        "type": "Polygon",
        "coordinates": [
          [
            [
              110.43643636541977,
              -6.958267810169373
            ],
            [
              110.43648283702598,
              -6.958255639397794
            ],
            [
              110.43649759838975,
              -6.958310441004771
            ],
            [
              110.4364512267733,
              -6.958322611712099
            ],
            [
              110.43643636541977,
              -6.958267810169373
            ]
          ]
        ]
      }
    },
    {
      "type": "Feature",
      "properties": {
        "sourceLayer": "TPX_BUILDINGS_SHADOWS_OUTLINES",
        "sourceEntityType": "LWPOLYLINE",
        "sourceHandle": "A48",
        "contextKind": "building_shadow",
        "sourceSceneVersionId": "scv-b67f98b3-a52e-4ff8-b837-45864ccd9201",
        "provenance": "topoexport_dxf_2d"
      },
      "geometry": {
        "type": "Polygon",
        "coordinates": [
          [
            [
              110.43585196477356,
              -6.957988844921337
            ],
            [
              110.43583214292524,
              -6.957988844921337
            ],
            [
              110.43585476237656,
              -6.958037105146646
            ],
            [
              110.43586478845229,
              -6.958027152995732
            ],
            [
              110.43586213857054,
              -6.95801922075906
            ],
            [
              110.43585196477356,
              -6.957988844921337
            ]
          ]
        ]
      }
    },
    {
      "type": "Feature",
      "properties": {
        "sourceLayer": "TPX_BUILDINGS_SHADOWS_OUTLINES",
        "sourceEntityType": "LWPOLYLINE",
        "sourceHandle": "A4E",
        "contextKind": "building_shadow",
        "sourceSceneVersionId": "scv-b67f98b3-a52e-4ff8-b837-45864ccd9201",
        "provenance": "topoexport_dxf_2d"
      },
      "geometry": {
        "type": "Polygon",
        "coordinates": [
          [
            [
              110.43608007763079,
              -6.957988844921337
            ],
            [
              110.43607444055345,
              -6.957988844921337
            ],
            [
              110.43607604337143,
              -6.957992849436801
            ],
            [
              110.43608007763079,
              -6.957988844921337
            ]
          ]
        ]
      }
    },
    {
      "type": "Feature",
      "properties": {
        "sourceLayer": "TPX_BUILDINGS_SHADOWS_OUTLINES",
        "sourceEntityType": "LWPOLYLINE",
        "sourceHandle": "A56",
        "contextKind": "building_shadow",
        "sourceSceneVersionId": "scv-b67f98b3-a52e-4ff8-b837-45864ccd9201",
        "provenance": "topoexport_dxf_2d"
      },
      "geometry": {
        "type": "Polygon",
        "coordinates": [
          [
            [
              110.4361120689156,
              -6.957992023958518
            ],
            [
              110.4360965548043,
              -6.958007423691255
            ],
            [
              110.43615969580893,
              -6.957988844921337
            ],
            [
              110.43612335892037,
              -6.957988844921337
            ],
            [
              110.43611293349407,
              -6.957993799114629
            ],
            [
              110.4361120689156,
              -6.957992023958518
            ]
          ]
        ]
      }
    },
    {
      "type": "Feature",
      "properties": {
        "sourceLayer": "TPX_BUILDINGS_SHADOWS_OUTLINES",
        "sourceEntityType": "LWPOLYLINE",
        "sourceHandle": "A5F",
        "contextKind": "building_shadow",
        "sourceSceneVersionId": "scv-b67f98b3-a52e-4ff8-b837-45864ccd9201",
        "provenance": "topoexport_dxf_2d"
      },
      "geometry": {
        "type": "Polygon",
        "coordinates": [
          [
            [
              110.43540310741331,
              -6.961499052995951
            ],
            [
              110.4353647124213,
              -6.961537164908311
            ],
            [
              110.43541806419964,
              -6.961510784783497
            ],
            [
              110.43544982947938,
              -6.961573113799596
            ],
            [
              110.43548822460946,
              -6.961535001754448
            ],
            [
              110.4354564594333,
              -6.9614726727469165
            ],
            [
              110.43540310741331,
              -6.961499052995951
            ]
          ]
        ]
      }
    },
    {
      "type": "Feature",
      "properties": {
        "sourceLayer": "TPX_BUILDINGS_SHADOWS_OUTLINES",
        "sourceEntityType": "LWPOLYLINE",
        "sourceHandle": "A74",
        "contextKind": "building_shadow",
        "sourceSceneVersionId": "scv-b67f98b3-a52e-4ff8-b837-45864ccd9201",
        "provenance": "topoexport_dxf_2d"
      },
      "geometry": {
        "type": "Polygon",
        "coordinates": [
          [
            [
              110.43541269085603,
              -6.96040554083283
            ],
            [
              110.43537429585108,
              -6.960443652762324
            ],
            [
              110.43538888307103,
              -6.96043688253994
            ],
            [
              110.43540507722143,
              -6.960436068892633
            ],
            [
              110.43542027906919,
              -6.9604414136452
            ],
            [
              110.43543228832615,
              -6.9604521249189855
            ],
            [
              110.43543920353848,
              -6.960466516692845
            ],
            [
              110.43544002249995,
              -6.96048250464611
            ],
            [
              110.43543454217578,
              -6.960497506948868
            ],
            [
              110.43542376086691,
              -6.960509336258438
            ],
            [
              110.43546215476283,
              -6.960471225434082
            ],
            [
              110.43547293728861,
              -6.9604593948052
            ],
            [
              110.43547841760845,
              -6.960444392532426
            ],
            [
              110.4354775986513,
              -6.960428404617713
            ],
            [
              110.43547068346486,
              -6.9604140128695535
            ],
            [
              110.43545867423812,
              -6.960403301612902
            ],
            [
              110.43544347242056,
              -6.960397956864619
            ],
            [
              110.43542727830469,
              -6.960398770503359
            ],
            [
              110.43541269085603,
              -6.96040554083283
            ]
          ]
        ]
      }
    },
    {
      "type": "Feature",
      "properties": {
        "sourceLayer": "TPX_BUILDINGS_SHADOWS_OUTLINES",
        "sourceEntityType": "LWPOLYLINE",
        "sourceHandle": "A7D",
        "contextKind": "building_shadow",
        "sourceSceneVersionId": "scv-b67f98b3-a52e-4ff8-b837-45864ccd9201",
        "provenance": "topoexport_dxf_2d"
      },
      "geometry": {
        "type": "Polygon",
        "coordinates": [
          [
            [
              110.43543966275085,
              -6.960888452743081
            ],
            [
              110.43540126774592,
              -6.960926564668292
            ],
            [
              110.43551207200889,
              -6.96087509048686
            ],
            [
              110.43556108058277,
              -6.960977818224726
            ],
            [
              110.43559947571285,
              -6.960939706179578
            ],
            [
              110.43555046724686,
              -6.960836978454562
            ],
            [
              110.43543966275085,
              -6.960888452743081
            ]
          ]
        ]
      }
    },
    {
      "type": "Feature",
      "properties": {
        "sourceLayer": "TPX_BUILDINGS_SHADOWS_OUTLINES",
        "sourceEntityType": "LWPOLYLINE",
        "sourceHandle": "A86",
        "contextKind": "building_shadow",
        "sourceSceneVersionId": "scv-b67f98b3-a52e-4ff8-b837-45864ccd9201",
        "provenance": "topoexport_dxf_2d"
      },
      "geometry": {
        "type": "Polygon",
        "coordinates": [
          [
            [
              110.43546508810351,
              -6.961332238399708
            ],
            [
              110.4354266931072,
              -6.9613703503163515
            ],
            [
              110.4354900358822,
              -6.9613389928845795
            ],
            [
              110.43551859474923,
              -6.961395168486778
            ],
            [
              110.43555698988364,
              -6.96135705644163
            ],
            [
              110.43552843112016,
              -6.961300880852282
            ],
            [
              110.43546508810351,
              -6.961332238399708
            ]
          ]
        ]
      }
    },
    {
      "type": "Feature",
      "properties": {
        "sourceLayer": "TPX_BUILDINGS_SHADOWS_OUTLINES",
        "sourceEntityType": "LWPOLYLINE",
        "sourceHandle": "A92",
        "contextKind": "building_shadow",
        "sourceSceneVersionId": "scv-b67f98b3-a52e-4ff8-b837-45864ccd9201",
        "provenance": "topoexport_dxf_2d"
      },
      "geometry": {
        "type": "Polygon",
        "coordinates": [
          [
            [
              110.43547762507818,
              -6.961033201592741
            ],
            [
              110.43543923007324,
              -6.961071313513669
            ],
            [
              110.43557491000196,
              -6.961005906541985
            ],
            [
              110.43569055460891,
              -6.961238849996478
            ],
            [
              110.43572894973899,
              -6.961200737947046
            ],
            [
              110.43572576504518,
              -6.961194323000901
            ],
            [
              110.4357000873253,
              -6.9611853108642805
            ],
            [
              110.43570901024702,
              -6.961160573703055
            ],
            [
              110.43561330523993,
              -6.960967794505403
            ],
            [
              110.43547762507818,
              -6.961033201592741
            ]
          ]
        ]
      }
    },
    {
      "type": "Feature",
      "properties": {
        "sourceLayer": "TPX_BUILDINGS_SHADOWS_OUTLINES",
        "sourceEntityType": "LWPOLYLINE",
        "sourceHandle": "A9D",
        "contextKind": "building_shadow",
        "sourceSceneVersionId": "scv-b67f98b3-a52e-4ff8-b837-45864ccd9201",
        "provenance": "topoexport_dxf_2d"
      },
      "geometry": {
        "type": "Polygon",
        "coordinates": [
          [
            [
              110.43548461690862,
              -6.9583635459585516
            ],
            [
              110.43544622193389,
              -6.958401657858062
            ],
            [
              110.43547979061526,
              -6.958384139763828
            ],
            [
              110.43552567984187,
              -6.958469789899277
            ],
            [
              110.43556407497196,
              -6.958431677854128
            ],
            [
              110.43553016082946,
              -6.958368378526671
            ],
            [
              110.43550068156559,
              -6.958381731783296
            ],
            [
              110.4354907254581,
              -6.958360358157368
            ],
            [
              110.43548461690862,
              -6.9583635459585516
            ]
          ]
        ]
      }
    },
    {
      "type": "Feature",
      "properties": {
        "sourceLayer": "TPX_BUILDINGS_SHADOWS_OUTLINES",
        "sourceEntityType": "LWPOLYLINE",
        "sourceHandle": "AA6",
        "contextKind": "building_shadow",
        "sourceSceneVersionId": "scv-b67f98b3-a52e-4ff8-b837-45864ccd9201",
        "provenance": "topoexport_dxf_2d"
      },
      "geometry": {
        "type": "Polygon",
        "coordinates": [
          [
            [
              110.4355328319252,
              -6.958471339427284
            ],
            [
              110.43549443692027,
              -6.958509451352495
            ],
            [
              110.43552421046152,
              -6.958495016324039
            ],
            [
              110.43555708081126,
              -6.958561713681668
            ],
            [
              110.43559547594134,
              -6.95852360163652
            ],
            [
              110.4355626056995,
              -6.958456904291741
            ],
            [
              110.4355328319252,
              -6.958471339427284
            ]
          ]
        ]
      }
    },
    {
      "type": "Feature",
      "properties": {
        "sourceLayer": "TPX_BUILDINGS_SHADOWS_OUTLINES",
        "sourceEntityType": "LWPOLYLINE",
        "sourceHandle": "ABB",
        "contextKind": "building_shadow",
        "sourceSceneVersionId": "scv-b67f98b3-a52e-4ff8-b837-45864ccd9201",
        "provenance": "topoexport_dxf_2d"
      },
      "geometry": {
        "type": "Polygon",
        "coordinates": [
          [
            [
              110.43556737834076,
              -6.959184939110682
            ],
            [
              110.43552898331426,
              -6.959223051057311
            ],
            [
              110.43558513837883,
              -6.959199845540558
            ],
            [
              110.43564601992394,
              -6.959199674235568
            ],
            [
              110.43570223028905,
              -6.959222349735739
            ],
            [
              110.43574546804159,
              -6.959264604627102
            ],
            [
              110.43576892748715,
              -6.959319991815982
            ],
            [
              110.43576919939835,
              -6.959379974675039
            ],
            [
              110.43574617297995,
              -6.959435516133505
            ],
            [
              110.43570348877651,
              -6.959477920565489
            ],
            [
              110.43574173206422,
              -6.959439959238921
            ],
            [
              110.43578456809277,
              -6.959397403981269
            ],
            [
              110.43580759450685,
              -6.959341862557071
            ],
            [
              110.43580732259997,
              -6.959281879736566
            ],
            [
              110.43578386317598,
              -6.95922649257767
            ],
            [
              110.43574062545366,
              -6.9591842377034405
            ],
            [
              110.43568441511876,
              -6.959161562207553
            ],
            [
              110.43562353361249,
              -6.95916173350826
            ],
            [
              110.43556737834076,
              -6.959184939110682
            ]
          ]
        ]
      }
    },
    {
      "type": "Feature",
      "properties": {
        "sourceLayer": "TPX_BUILDINGS_SHADOWS_OUTLINES",
        "sourceEntityType": "LWPOLYLINE",
        "sourceHandle": "ADC",
        "contextKind": "building_shadow",
        "sourceSceneVersionId": "scv-b67f98b3-a52e-4ff8-b837-45864ccd9201",
        "provenance": "topoexport_dxf_2d"
      },
      "geometry": {
        "type": "Polygon",
        "coordinates": [
          [
            [
              110.43560319718219,
              -6.958376613939595
            ],
            [
              110.43556480214274,
              -6.958414725899074
            ],
            [
              110.43562265848742,
              -6.958392908705787
            ],
            [
              110.43568001896992,
              -6.95854081256658
            ],
            [
              110.43571841409569,
              -6.958502700521432
            ],
            [
              110.43571618703542,
              -6.958496958043328
            ],
            [
              110.43570436262424,
              -6.9584999676002806
            ],
            [
              110.43568076173618,
              -6.958410120034212
            ],
            [
              110.4357718068262,
              -6.958386972417279
            ],
            [
              110.43579530771154,
              -6.958476820056166
            ],
            [
              110.43580369220066,
              -6.958468497384441
            ],
            [
              110.4357691844329,
              -6.958367709523967
            ],
            [
              110.4358561238497,
              -6.958338806801225
            ],
            [
              110.43590387689643,
              -6.958478181389415
            ],
            [
              110.43593096761298,
              -6.9584512904166
            ],
            [
              110.43590685344618,
              -6.9584594084706985
            ],
            [
              110.43586923380093,
              -6.958350410675448
            ],
            [
              110.43590860619916,
              -6.9583371558232425
            ],
            [
              110.43594937764702,
              -6.958323502196045
            ],
            [
              110.43598699725774,
              -6.958432499957027
            ],
            [
              110.43598928025722,
              -6.958430233789718
            ],
            [
              110.43594614735346,
              -6.958299331315355
            ],
            [
              110.43590762908205,
              -6.958312298527496
            ],
            [
              110.43590081293601,
              -6.958319064419279
            ],
            [
              110.43589451907472,
              -6.958300694773211
            ],
            [
              110.43580757971402,
              -6.958329597380298
            ],
            [
              110.43578058874988,
              -6.958356389344722
            ],
            [
              110.43571915701729,
              -6.958372007894827
            ],
            [
              110.43568202358955,
              -6.958408867539944
            ],
            [
              110.43566105371676,
              -6.958354796677773
            ],
            [
              110.43560319718219,
              -6.958376613939595
            ]
          ]
        ]
      }
    },
    {
      "type": "Feature",
      "properties": {
        "sourceLayer": "TPX_BUILDINGS_SHADOWS_OUTLINES",
        "sourceEntityType": "LWPOLYLINE",
        "sourceHandle": "AE5",
        "contextKind": "building_shadow",
        "sourceSceneVersionId": "scv-b67f98b3-a52e-4ff8-b837-45864ccd9201",
        "provenance": "topoexport_dxf_2d"
      },
      "geometry": {
        "type": "Polygon",
        "coordinates": [
          [
            [
              110.43561138526486,
              -6.96070085189759
            ],
            [
              110.43557299022108,
              -6.960738963857069
            ],
            [
              110.43580810863571,
              -6.960647320822621
            ],
            [
              110.4358358834693,
              -6.960716606268326
            ],
            [
              110.43587427859939,
              -6.96067849422746
            ],
            [
              110.43584650386504,
              -6.960609208790323
            ],
            [
              110.43561138526486,
              -6.96070085189759
            ]
          ]
        ]
      }
    },
    {
      "type": "Feature",
      "properties": {
        "sourceLayer": "TPX_BUILDINGS_SHADOWS_OUTLINES",
        "sourceEntityType": "LWPOLYLINE",
        "sourceHandle": "AFA",
        "contextKind": "building_shadow",
        "sourceSceneVersionId": "scv-b67f98b3-a52e-4ff8-b837-45864ccd9201",
        "provenance": "topoexport_dxf_2d"
      },
      "geometry": {
        "type": "Polygon",
        "coordinates": [
          [
            [
              110.43561285670792,
              -6.960344327792161
            ],
            [
              110.43557446285948,
              -6.960382438569399
            ],
            [
              110.43558714387447,
              -6.960371004209671
            ],
            [
              110.43560333206544,
              -6.960365225073532
            ],
            [
              110.43562052770145,
              -6.960365899901771
            ],
            [
              110.43563613157094,
              -6.960373031765645
            ],
            [
              110.43564774309125,
              -6.960385531093104
            ],
            [
              110.43565366050325,
              -6.960401513010943
            ],
            [
              110.43565288101813,
              -6.960418396644468
            ],
            [
              110.43564570177864,
              -6.96043379797066
            ],
            [
              110.4356840967879,
              -6.960395686041165
            ],
            [
              110.43569127612233,
              -6.960380284522216
            ],
            [
              110.43569205561607,
              -6.9603634009272435
            ],
            [
              110.43568613822133,
              -6.960347419039389
            ],
            [
              110.43567452673123,
              -6.960334919733347
            ],
            [
              110.43565892289625,
              -6.96032778787804
            ],
            [
              110.43564172729046,
              -6.960327113045517
            ],
            [
              110.43562553913401,
              -6.960332892160239
            ],
            [
              110.43561285670792,
              -6.960344327792161
            ]
          ]
        ]
      }
    },
    {
      "type": "Feature",
      "properties": {
        "sourceLayer": "TPX_BUILDINGS_SHADOWS_OUTLINES",
        "sourceEntityType": "LWPOLYLINE",
        "sourceHandle": "B04",
        "contextKind": "building_shadow",
        "sourceSceneVersionId": "scv-b67f98b3-a52e-4ff8-b837-45864ccd9201",
        "provenance": "topoexport_dxf_2d"
      },
      "geometry": {
        "type": "Polygon",
        "coordinates": [
          [
            [
              110.43566075848138,
              -6.959722114665473
            ],
            [
              110.43562769215241,
              -6.959754937202116
            ],
            [
              110.43569414705517,
              -6.959734202221858
            ],
            [
              110.4357181309604,
              -6.959810046598656
            ],
            [
              110.43575652608617,
              -6.95977193455779
            ],
            [
              110.43574006861631,
              -6.959719890857512
            ],
            [
              110.43566716529557,
              -6.959742576325345
            ],
            [
              110.43566075848138,
              -6.959722114665473
            ]
          ]
        ]
      }
    },
    {
      "type": "Feature",
      "properties": {
        "sourceLayer": "TPX_BUILDINGS_SHADOWS_OUTLINES",
        "sourceEntityType": "LWPOLYLINE",
        "sourceHandle": "B0D",
        "contextKind": "building_shadow",
        "sourceSceneVersionId": "scv-b67f98b3-a52e-4ff8-b837-45864ccd9201",
        "provenance": "topoexport_dxf_2d"
      },
      "geometry": {
        "type": "Polygon",
        "coordinates": [
          [
            [
              110.43567368153276,
              -6.9585477407680445
            ],
            [
              110.43563528648467,
              -6.95858585273609
            ],
            [
              110.43570283835761,
              -6.95856273305174
            ],
            [
              110.43571728333673,
              -6.958603730955463
            ],
            [
              110.43575567846682,
              -6.958565618906031
            ],
            [
              110.43574123358263,
              -6.958524621019442
            ],
            [
              110.43567368153276,
              -6.9585477407680445
            ]
          ]
        ]
      }
    },
    {
      "type": "Feature",
      "properties": {
        "sourceLayer": "TPX_BUILDINGS_SHADOWS_OUTLINES",
        "sourceEntityType": "LWPOLYLINE",
        "sourceHandle": "B16",
        "contextKind": "building_shadow",
        "sourceSceneVersionId": "scv-b67f98b3-a52e-4ff8-b837-45864ccd9201",
        "provenance": "topoexport_dxf_2d"
      },
      "geometry": {
        "type": "Polygon",
        "coordinates": [
          [
            [
              110.43569853565224,
              -6.959682028406546
            ],
            [
              110.43566014059552,
              -6.959720140383158
            ],
            [
              110.43592476183986,
              -6.959637797673682
            ],
            [
              110.43593178673842,
              -6.95966023341026
            ],
            [
              110.4359701818685,
              -6.959622121365112
            ],
            [
              110.43596315706488,
              -6.959599685645666
            ],
            [
              110.43569853565224,
              -6.959682028406546
            ]
          ]
        ]
      }
    },
    {
      "type": "Feature",
      "properties": {
        "sourceLayer": "TPX_BUILDINGS_SHADOWS_OUTLINES",
        "sourceEntityType": "LWPOLYLINE",
        "sourceHandle": "B20",
        "contextKind": "building_shadow",
        "sourceSceneVersionId": "scv-b67f98b3-a52e-4ff8-b837-45864ccd9201",
        "provenance": "topoexport_dxf_2d"
      },
      "geometry": {
        "type": "Polygon",
        "coordinates": [
          [
            [
              110.43572018259088,
              -6.9588101616985405
            ],
            [
              110.4356817875471,
              -6.958848273662303
            ],
            [
              110.43571356433142,
              -6.958837014150006
            ],
            [
              110.4357351304014,
              -6.958897369050847
            ],
            [
              110.43577352553149,
              -6.958859257005698
            ],
            [
              110.43575820335597,
              -6.958816376117785
            ],
            [
              110.43575112195721,
              -6.95879919890729
            ],
            [
              110.43572018259088,
              -6.9588101616985405
            ]
          ]
        ]
      }
    },
    {
      "type": "Feature",
      "properties": {
        "sourceLayer": "TPX_BUILDINGS_SHADOWS_OUTLINES",
        "sourceEntityType": "LWPOLYLINE",
        "sourceHandle": "B35",
        "contextKind": "building_shadow",
        "sourceSceneVersionId": "scv-b67f98b3-a52e-4ff8-b837-45864ccd9201",
        "provenance": "topoexport_dxf_2d"
      },
      "geometry": {
        "type": "Polygon",
        "coordinates": [
          [
            [
              110.43573962111566,
              -6.95993015512804
            ],
            [
              110.4357012261064,
              -6.959968267061818
            ],
            [
              110.43575568098694,
              -6.959944567034263
            ],
            [
              110.43581506157669,
              -6.959943305103486
            ],
            [
              110.43587057039095,
              -6.9599645911108015
            ],
            [
              110.43591350601226,
              -6.960005058792336
            ],
            [
              110.43593746322736,
              -6.9600587571286905
            ],
            [
              110.43593873315898,
              -6.960117348468804
            ],
            [
              110.43591720523624,
              -6.960171994362663
            ],
            [
              110.43587617160385,
              -6.960214345645211
            ],
            [
              110.43591456358809,
              -6.960176236714153
            ],
            [
              110.43595560034906,
              -6.960133882214712
            ],
            [
              110.43597712826318,
              -6.960079236355121
            ],
            [
              110.4359758583445,
              -6.9600206450492745
            ],
            [
              110.43595190114665,
              -6.959966946742905
            ],
            [
              110.43590896555556,
              -6.959926479078503
            ],
            [
              110.43585345677582,
              -6.959905193079755
            ],
            [
              110.4357940762206,
              -6.959906455001965
            ],
            [
              110.43573962111566,
              -6.95993015512804
            ]
          ]
        ]
      }
    },
    {
      "type": "Feature",
      "properties": {
        "sourceLayer": "TPX_BUILDINGS_SHADOWS_OUTLINES",
        "sourceEntityType": "LWPOLYLINE",
        "sourceHandle": "BD6",
        "contextKind": "building_shadow",
        "sourceSceneVersionId": "scv-b67f98b3-a52e-4ff8-b837-45864ccd9201",
        "provenance": "topoexport_dxf_2d"
      },
      "geometry": {
        "type": "Polygon",
        "coordinates": [
          [
            [
              110.43577807303394,
              -6.9587333267538005
            ],
            [
              110.4357396779988,
              -6.958771438708996
            ],
            [
              110.43577574966919,
              -6.958756996218716
            ],
            [
              110.43581495213964,
              -6.958852088715098
            ],
            [
              110.4358021788118,
              -6.9588572030848965
            ],
            [
              110.43578588654016,
              -6.958873375236431
            ],
            [
              110.43581815654572,
              -6.958856653175827
            ],
            [
              110.43585382598724,
              -6.958923347239459
            ],
            [
              110.4358588868127,
              -6.958918323726587
            ],
            [
              110.43584418930669,
              -6.958890487179518
            ],
            [
              110.43589983850622,
              -6.958862018673295
            ],
            [
              110.43591797461382,
              -6.958896557078381
            ],
            [
              110.43592715030408,
              -6.958887449038894
            ],
            [
              110.43591522584704,
              -6.958855346842481
            ],
            [
              110.43597957876412,
              -6.958832131486572
            ],
            [
              110.43599963763016,
              -6.958886132352372
            ],
            [
              110.43603803276024,
              -6.958848020307224
            ],
            [
              110.43602591000665,
              -6.958815384264798
            ],
            [
              110.43601195514175,
              -6.958820474150216
            ],
            [
              110.43600394500038,
              -6.958799080404775
            ],
            [
              110.43599104035373,
              -6.958803735743848
            ],
            [
              110.4360017192088,
              -6.95879313561784
            ],
            [
              110.43597304200769,
              -6.958716542676952
            ],
            [
              110.43603569593175,
              -6.958693726580068
            ],
            [
              110.43607450907174,
              -6.958797658134719
            ],
            [
              110.43608626715682,
              -6.958785986739977
            ],
            [
              110.43605239621907,
              -6.958697977104441
            ],
            [
              110.43610405750553,
              -6.95867874933996
            ],
            [
              110.43614166372589,
              -6.958776624424462
            ],
            [
              110.43614808847445,
              -6.958770247044449
            ],
            [
              110.43611275638564,
              -6.95868003020801
            ],
            [
              110.43613493964239,
              -6.9586715625532864
            ],
            [
              110.43618668268647,
              -6.958803682830001
            ],
            [
              110.43619162180761,
              -6.958798780124156
            ],
            [
              110.43618595821708,
              -6.958783027162686
            ],
            [
              110.43622013346098,
              -6.958771069682784
            ],
            [
              110.43623176887507,
              -6.958803430957007
            ],
            [
              110.43623034691122,
              -6.958803928629019
            ],
            [
              110.43620610609476,
              -6.958827990722129
            ],
            [
              110.43623298686778,
              -6.958818822529711
            ],
            [
              110.43626859912729,
              -6.958921268226023
            ],
            [
              110.43624181799449,
              -6.9589303372087254
            ],
            [
              110.43621255437465,
              -6.95884647155881
            ],
            [
              110.43618459933424,
              -6.958856785029955
            ],
            [
              110.43616801925816,
              -6.9588732428597195
            ],
            [
              110.4361632116112,
              -6.958861676474526
            ],
            [
              110.4361589667567,
              -6.958863384919697
            ],
            [
              110.43616939938521,
              -6.958853029209141
            ],
            [
              110.43616136571683,
              -6.958822947822219
            ],
            [
              110.43613498200135,
              -6.958829930680906
            ],
            [
              110.43609658692736,
              -6.958868042670369
            ],
            [
              110.43612297049613,
              -6.958861059850234
            ],
            [
              110.43613100426376,
              -6.958891141250007
            ],
            [
              110.4361046204965,
              -6.9588981242714665
            ],
            [
              110.43610325334123,
              -6.958893005433996
            ],
            [
              110.43607705395368,
              -6.958919011657995
            ],
            [
              110.43612481638186,
              -6.958899788506824
            ],
            [
              110.43617424426887,
              -6.959018703315591
            ],
            [
              110.43618809261065,
              -6.959004957070957
            ],
            [
              110.43614620405312,
              -6.958894897177906
            ],
            [
              110.43621155559907,
              -6.958870786887062
            ],
            [
              110.43625528066087,
              -6.958985934656578
            ],
            [
              110.43628408992305,
              -6.9589573378043985
            ],
            [
              110.43624359290652,
              -6.958826556278418
            ],
            [
              110.43629815701156,
              -6.9588102049145855
            ],
            [
              110.43634923983672,
              -6.958975396161302
            ],
            [
              110.43635725418551,
              -6.958967440900917
            ],
            [
              110.43632571497126,
              -6.958865488057701
            ],
            [
              110.43636159136581,
              -6.958854720117738
            ],
            [
              110.43637303241461,
              -6.958891749148847
            ],
            [
              110.43641540432428,
              -6.958878987483849
            ],
            [
              110.43643226517088,
              -6.958933885923209
            ],
            [
              110.43645640237705,
              -6.958909926680772
            ],
            [
              110.43643584083064,
              -6.958914516448311
            ],
            [
              110.43642118398337,
              -6.95885069867824
            ],
            [
              110.436411427549,
              -6.958853637146534
            ],
            [
              110.43639998659083,
              -6.958816608089724
            ],
            [
              110.43636411025238,
              -6.958827375914033
            ],
            [
              110.43635610489235,
              -6.958835322251925
            ],
            [
              110.43633779862394,
              -6.958776123471304
            ],
            [
              110.43629952914668,
              -6.958787262896196
            ],
            [
              110.43629841335319,
              -6.95878352199475
            ],
            [
              110.43628198818764,
              -6.958788444139033
            ],
            [
              110.43627610164728,
              -6.958794287278954
            ],
            [
              110.4362713820928,
              -6.958780710497414
            ],
            [
              110.43624590364473,
              -6.958789400404856
            ],
            [
              110.43627016400517,
              -6.958765318911858
            ],
            [
              110.436258528686,
              -6.9587329576504855
            ],
            [
              110.4362358257164,
              -6.958740901131296
            ],
            [
              110.43625092252118,
              -6.958725915636919
            ],
            [
              110.43624754662949,
              -6.958714646538191
            ],
            [
              110.43627094480213,
              -6.958691420880509
            ],
            [
              110.43625707106051,
              -6.958644902678581
            ],
            [
              110.43633072349532,
              -6.958623563286236
            ],
            [
              110.43637318142183,
              -6.958765824148498
            ],
            [
              110.4364115765476,
              -6.95872771210335
            ],
            [
              110.43640187811083,
              -6.958695216156469
            ],
            [
              110.43636571112415,
              -6.958705353443737
            ],
            [
              110.43634161801602,
              -6.9586217629561045
            ],
            [
              110.43638299182761,
              -6.958610194047941
            ],
            [
              110.43640698494168,
              -6.958693784608392
            ],
            [
              110.43641415965874,
              -6.958686662789282
            ],
            [
              110.43639128582062,
              -6.958607304381351
            ],
            [
              110.43647073545186,
              -6.9585850643784575
            ],
            [
              110.4365035582686,
              -6.958695656789642
            ],
            [
              110.4364693846559,
              -6.958709104085821
            ],
            [
              110.43647822231165,
              -6.958742759554004
            ],
            [
              110.43643395058797,
              -6.9587553250227
            ],
            [
              110.43643368079988,
              -6.958754389347573
            ],
            [
              110.43640549162437,
              -6.958782370693449
            ],
            [
              110.43648644557261,
              -6.958764300064371
            ],
            [
              110.43651679494718,
              -6.958896445626476
            ],
            [
              110.4365254963992,
              -6.958887808328753
            ],
            [
              110.4365254963992,
              -6.958886348509698
            ],
            [
              110.43649181187367,
              -6.958737579492733
            ],
            [
              110.4365254963992,
              -6.958730190003149
            ],
            [
              110.4365254963992,
              -6.95870414338592
            ],
            [
              110.4364970350881,
              -6.958732394856704
            ],
            [
              110.43648623536585,
              -6.958734805582947
            ],
            [
              110.43651661743742,
              -6.958704647513138
            ],
            [
              110.43651204454264,
              -6.958687233087723
            ],
            [
              110.4365254963992,
              -6.958673880409367
            ],
            [
              110.4365254963992,
              -6.95867384443669
            ],
            [
              110.43650693673221,
              -6.958678571669715
            ],
            [
              110.43648192976491,
              -6.958583164384563
            ],
            [
              110.43651600922645,
              -6.958574484089253
            ],
            [
              110.4365254963992,
              -6.958610679829008
            ],
            [
              110.4365254963992,
              -6.958543735078907
            ],
            [
              110.43652032504602,
              -6.958545052245178
            ],
            [
              110.43651124247988,
              -6.9585540678471345
            ],
            [
              110.43650913067258,
              -6.95854695234616
            ],
            [
              110.43642968110605,
              -6.958569192241966
            ],
            [
              110.43642258062074,
              -6.958576240376628
            ],
            [
              110.43642138704831,
              -6.958572082019926
            ],
            [
              110.43638001330145,
              -6.958583650812436
            ],
            [
              110.43637119407201,
              -6.958592405019219
            ],
            [
              110.43636911872034,
              -6.9585854512539385
            ],
            [
              110.43629546634595,
              -6.958606790539196
            ],
            [
              110.43627008752084,
              -6.958631982246342
            ],
            [
              110.4362667918764,
              -6.958620926400738
            ],
            [
              110.43619114082887,
              -6.958642863921304
            ],
            [
              110.43618097387163,
              -6.958652955919321
            ],
            [
              110.43617333487173,
              -6.958633450520988
            ],
            [
              110.43615115166676,
              -6.958641918060057
            ],
            [
              110.43614521068028,
              -6.958647815244663
            ],
            [
              110.43614245273487,
              -6.958640637311945
            ],
            [
              110.43609079125854,
              -6.958659865140678
            ],
            [
              110.436079765665,
              -6.958670809448707
            ],
            [
              110.43607409116109,
              -6.958655614552054
            ],
            [
              110.4360114372888,
              -6.9586784305332845
            ],
            [
              110.43599403865258,
              -6.958695700888084
            ],
            [
              110.43598844742097,
              -6.958681139064293
            ],
            [
              110.43591349760926,
              -6.958704267521213
            ],
            [
              110.43589275429389,
              -6.958724857899703
            ],
            [
              110.43588540820343,
              -6.958706088296402
            ],
            [
              110.43583844378594,
              -6.95872401957526
            ],
            [
              110.43582270325959,
              -6.95873964404942
            ],
            [
              110.43581414489852,
              -6.958718884186418
            ],
            [
              110.43577807303394,
              -6.9587333267538005
            ]
          ]
        ]
      }
    },
    {
      "type": "Feature",
      "properties": {
        "sourceLayer": "TPX_BUILDINGS_SHADOWS_OUTLINES",
        "sourceEntityType": "LWPOLYLINE",
        "sourceHandle": "BEA",
        "contextKind": "building_shadow",
        "sourceSceneVersionId": "scv-b67f98b3-a52e-4ff8-b837-45864ccd9201",
        "provenance": "topoexport_dxf_2d"
      },
      "geometry": {
        "type": "Polygon",
        "coordinates": [
          [
            [
              110.43580004850482,
              -6.958762131723212
            ],
            [
              110.43584701297841,
              -6.958744200324416
            ],
            [
              110.43587358658424,
              -6.958812096859819
            ],
            [
              110.43589348123163,
              -6.958792348896497
            ],
            [
              110.43587510232814,
              -6.958742379664882
            ],
            [
              110.43595005219595,
              -6.958719251092307
            ],
            [
              110.43598485059036,
              -6.958809879866877
            ],
            [
              110.43594898782784,
              -6.958821833834325
            ],
            [
              110.4359412029795,
              -6.958829561286314
            ],
            [
              110.43593890931695,
              -6.958825193214643
            ],
            [
              110.43592975252336,
              -6.958828245370819
            ],
            [
              110.4358825845835,
              -6.958852375023
            ],
            [
              110.43587739948178,
              -6.9588575218958555
            ],
            [
              110.43585658449365,
              -6.9588186023030785
            ],
            [
              110.43585600834102,
              -6.958818822748169
            ],
            [
              110.4358402263533,
              -6.958827000852394
            ],
            [
              110.43584373390041,
              -6.958823519165829
            ],
            [
              110.43582672210471,
              -6.958830028177228
            ],
            [
              110.43580004850482,
              -6.958762131723212
            ]
          ]
        ]
      }
    },
    {
      "type": "Feature",
      "properties": {
        "sourceLayer": "TPX_BUILDINGS_SHADOWS_OUTLINES",
        "sourceEntityType": "LWPOLYLINE",
        "sourceHandle": "BF2",
        "contextKind": "building_shadow",
        "sourceSceneVersionId": "scv-b67f98b3-a52e-4ff8-b837-45864ccd9201",
        "provenance": "topoexport_dxf_2d"
      },
      "geometry": {
        "type": "Polygon",
        "coordinates": [
          [
            [
              110.43615274554344,
              -6.9586809760606885
            ],
            [
              110.43622839665571,
              -6.958659038428753
            ],
            [
              110.43624556065194,
              -6.95871661787347
            ],
            [
              110.43620208877726,
              -6.958729182391234
            ],
            [
              110.4362125273911,
              -6.958764027677784
            ],
            [
              110.43618034822687,
              -6.958773400971862
            ],
            [
              110.43615274554344,
              -6.9586809760606885
            ]
          ]
        ]
      }
    },
    {
      "type": "Feature",
      "properties": {
        "sourceLayer": "TPX_BUILDINGS_SHADOWS_OUTLINES",
        "sourceEntityType": "LWPOLYLINE",
        "sourceHandle": "C0A",
        "contextKind": "building_shadow",
        "sourceSceneVersionId": "scv-b67f98b3-a52e-4ff8-b837-45864ccd9201",
        "provenance": "topoexport_dxf_2d"
      },
      "geometry": {
        "type": "Polygon",
        "coordinates": [
          [
            [
              110.43578005564667,
              -6.958552679810662
            ],
            [
              110.43574166058995,
              -6.958590791791559
            ],
            [
              110.43580561737136,
              -6.958570854275615
            ],
            [
              110.43584575590317,
              -6.958696235171012
            ],
            [
              110.43586198102878,
              -6.9586801296747325
            ],
            [
              110.43585543626747,
              -6.958682320512737
            ],
            [
              110.43581831885811,
              -6.958575308321042
            ],
            [
              110.43586148854546,
              -6.958560757946997
            ],
            [
              110.43589860604975,
              -6.958667869408375
            ],
            [
              110.43590917549477,
              -6.95865737789004
            ],
            [
              110.43587786938426,
              -6.95854892082864
            ],
            [
              110.43594122920469,
              -6.9585311686892615
            ],
            [
              110.43597275087293,
              -6.958640372275813
            ],
            [
              110.4359799520514,
              -6.958633224190394
            ],
            [
              110.43594263496028,
              -6.958503420304809
            ],
            [
              110.4359162646697,
              -6.958510808684972
            ],
            [
              110.43590102416981,
              -6.958525936823566
            ],
            [
              110.43589988377047,
              -6.958522645914699
            ],
            [
              110.43585671413923,
              -6.95853719617309
            ],
            [
              110.43584815749564,
              -6.958545689730025
            ],
            [
              110.43584401259206,
              -6.9585327422433165
            ],
            [
              110.43578005564667,
              -6.958552679810662
            ]
          ]
        ]
      }
    },
    {
      "type": "Feature",
      "properties": {
        "sourceLayer": "TPX_BUILDINGS_SHADOWS_OUTLINES",
        "sourceEntityType": "LWPOLYLINE",
        "sourceHandle": "C13",
        "contextKind": "building_shadow",
        "sourceSceneVersionId": "scv-b67f98b3-a52e-4ff8-b837-45864ccd9201",
        "provenance": "topoexport_dxf_2d"
      },
      "geometry": {
        "type": "Polygon",
        "coordinates": [
          [
            [
              110.43579198817764,
              -6.960998865783479
            ],
            [
              110.43575359305619,
              -6.961036977828627
            ],
            [
              110.43588500837929,
              -6.961083100823703
            ],
            [
              110.43583150284259,
              -6.961231433615198
            ],
            [
              110.43586989788206,
              -6.961193321655719
            ],
            [
              110.4359234035439,
              -6.9610449887914045
            ],
            [
              110.43579198817764,
              -6.960998865783479
            ]
          ]
        ]
      }
    },
    {
      "type": "Feature",
      "properties": {
        "sourceLayer": "TPX_BUILDINGS_SHADOWS_OUTLINES",
        "sourceEntityType": "LWPOLYLINE",
        "sourceHandle": "C1C",
        "contextKind": "building_shadow",
        "sourceSceneVersionId": "scv-b67f98b3-a52e-4ff8-b837-45864ccd9201",
        "provenance": "topoexport_dxf_2d"
      },
      "geometry": {
        "type": "Polygon",
        "coordinates": [
          [
            [
              110.43579458838599,
              -6.960749793607668
            ],
            [
              110.4357561933983,
              -6.960787905515746
            ],
            [
              110.43582632882688,
              -6.960752071173322
            ],
            [
              110.43585929456626,
              -6.9608150939634985
            ],
            [
              110.43589768969635,
              -6.96077698191835
            ],
            [
              110.43586472406484,
              -6.960713959136741
            ],
            [
              110.43579458838599,
              -6.960749793607668
            ]
          ]
        ]
      }
    },
    {
      "type": "Feature",
      "properties": {
        "sourceLayer": "TPX_BUILDINGS_SHADOWS_OUTLINES",
        "sourceEntityType": "LWPOLYLINE",
        "sourceHandle": "C25",
        "contextKind": "building_shadow",
        "sourceSceneVersionId": "scv-b67f98b3-a52e-4ff8-b837-45864ccd9201",
        "provenance": "topoexport_dxf_2d"
      },
      "geometry": {
        "type": "Polygon",
        "coordinates": [
          [
            [
              110.43582830710594,
              -6.959024245202541
            ],
            [
              110.43578991213552,
              -6.959062357089201
            ],
            [
              110.43581308950303,
              -6.959049518874105
            ],
            [
              110.43584023945998,
              -6.959097850684956
            ],
            [
              110.43587863459005,
              -6.959059738635525
            ],
            [
              110.435851484741,
              -6.959011406837523
            ],
            [
              110.43582830710594,
              -6.959024245202541
            ]
          ]
        ]
      }
    },
    {
      "type": "Feature",
      "properties": {
        "sourceLayer": "TPX_BUILDINGS_SHADOWS_OUTLINES",
        "sourceEntityType": "LWPOLYLINE",
        "sourceHandle": "C2E",
        "contextKind": "building_shadow",
        "sourceSceneVersionId": "scv-b67f98b3-a52e-4ff8-b837-45864ccd9201",
        "provenance": "topoexport_dxf_2d"
      },
      "geometry": {
        "type": "Polygon",
        "coordinates": [
          [
            [
              110.43582836833569,
              -6.960908252185283
            ],
            [
              110.43578997321424,
              -6.960946364221865
            ],
            [
              110.43583296859809,
              -6.960953463685485
            ],
            [
              110.43582780770087,
              -6.960984653054861
            ],
            [
              110.4358662027878,
              -6.9609465410525475
            ],
            [
              110.43587136377995,
              -6.96091535165747
            ],
            [
              110.43582836833569,
              -6.960908252185283
            ]
          ]
        ]
      }
    },
    {
      "type": "Feature",
      "properties": {
        "sourceLayer": "TPX_BUILDINGS_SHADOWS_OUTLINES",
        "sourceEntityType": "LWPOLYLINE",
        "sourceHandle": "C3F",
        "contextKind": "building_shadow",
        "sourceSceneVersionId": "scv-b67f98b3-a52e-4ff8-b837-45864ccd9201",
        "provenance": "topoexport_dxf_2d"
      },
      "geometry": {
        "type": "Polygon",
        "coordinates": [
          [
            [
              110.43583208005677,
              -6.960835652297264
            ],
            [
              110.43579368497416,
              -6.960873764299578
            ],
            [
              110.4358345633033,
              -6.960866168444706
            ],
            [
              110.43584110311497,
              -6.960900919169119
            ],
            [
              110.4358711659322,
              -6.960871078004121
            ],
            [
              110.43586785874436,
              -6.960870796819263
            ],
            [
              110.43587111261239,
              -6.9608332537532425
            ],
            [
              110.43592180236142,
              -6.960837464072858
            ],
            [
              110.43591854861421,
              -6.960875106340025
            ],
            [
              110.43595694371409,
              -6.960836994324861
            ],
            [
              110.4359601975476,
              -6.960799352044844
            ],
            [
              110.43590950790214,
              -6.960795141648125
            ],
            [
              110.43587349211917,
              -6.960830891888674
            ],
            [
              110.43587295851538,
              -6.960828056416692
            ],
            [
              110.43583208005677,
              -6.960835652297264
            ]
          ]
        ]
      }
    },
    {
      "type": "Feature",
      "properties": {
        "sourceLayer": "TPX_BUILDINGS_SHADOWS_OUTLINES",
        "sourceEntityType": "LWPOLYLINE",
        "sourceHandle": "C58",
        "contextKind": "building_shadow",
        "sourceSceneVersionId": "scv-b67f98b3-a52e-4ff8-b837-45864ccd9201",
        "provenance": "topoexport_dxf_2d"
      },
      "geometry": {
        "type": "Polygon",
        "coordinates": [
          [
            [
              110.43588336371155,
              -6.958918514457166
            ],
            [
              110.43584496874546,
              -6.958956626343825
            ],
            [
              110.43592719043745,
              -6.958912137818195
            ],
            [
              110.43596345801372,
              -6.958977440842634
            ],
            [
              110.43596978184905,
              -6.958971163636118
            ],
            [
              110.43596413541185,
              -6.958958670374069
            ],
            [
              110.435984118566,
              -6.9589498082835215
            ],
            [
              110.43603042753296,
              -6.959052142018193
            ],
            [
              110.43605395595854,
              -6.959028787067907
            ],
            [
              110.43603543497387,
              -6.958976164001057
            ],
            [
              110.43606441415089,
              -6.958966198836926
            ],
            [
              110.43609320372235,
              -6.959047996143558
            ],
            [
              110.43611972463408,
              -6.959021670765921
            ],
            [
              110.43608357501216,
              -6.958934700992632
            ],
            [
              110.43607383002629,
              -6.958938052028728
            ],
            [
              110.43604664969827,
              -6.958965031956603
            ],
            [
              110.43602251379964,
              -6.95891169624694
            ],
            [
              110.43600253042541,
              -6.958920558436008
            ],
            [
              110.43599537386281,
              -6.958927662234511
            ],
            [
              110.43597687075211,
              -6.958894345628265
            ],
            [
              110.43593528473576,
              -6.95890934774255
            ],
            [
              110.43592943081042,
              -6.958893588462944
            ],
            [
              110.43588336371155,
              -6.958918514457166
            ]
          ]
        ]
      }
    },
    {
      "type": "Feature",
      "properties": {
        "sourceLayer": "TPX_BUILDINGS_SHADOWS_OUTLINES",
        "sourceEntityType": "LWPOLYLINE",
        "sourceHandle": "C5E",
        "contextKind": "building_shadow",
        "sourceSceneVersionId": "scv-b67f98b3-a52e-4ff8-b837-45864ccd9201",
        "provenance": "topoexport_dxf_2d"
      },
      "geometry": {
        "type": "Polygon",
        "coordinates": [
          [
            [
              110.43606480493128,
              -6.958958650948481
            ],
            [
              110.4360815908643,
              -6.958951083450256
            ],
            [
              110.43610915400667,
              -6.959010537492107
            ],
            [
              110.4360923680909,
              -6.9590181050203155
            ],
            [
              110.43606480493128,
              -6.958958650948481
            ]
          ]
        ]
      }
    },
    {
      "type": "Feature",
      "properties": {
        "sourceLayer": "TPX_BUILDINGS_SHADOWS_OUTLINES",
        "sourceEntityType": "LWPOLYLINE",
        "sourceHandle": "C67",
        "contextKind": "building_shadow",
        "sourceSceneVersionId": "scv-b67f98b3-a52e-4ff8-b837-45864ccd9201",
        "provenance": "topoexport_dxf_2d"
      },
      "geometry": {
        "type": "Polygon",
        "coordinates": [
          [
            [
              110.43594133191739,
              -6.958989849715815
            ],
            [
              110.43590293691246,
              -6.959027961641025
            ],
            [
              110.43596528226254,
              -6.958998194430335
            ],
            [
              110.43599915507313,
              -6.959067274063322
            ],
            [
              110.43600886583008,
              -6.959057634902116
            ],
            [
              110.43597167874593,
              -6.958975360419932
            ],
            [
              110.43594133191739,
              -6.958989849715815
            ]
          ]
        ]
      }
    },
    {
      "type": "Feature",
      "properties": {
        "sourceLayer": "TPX_BUILDINGS_SHADOWS_OUTLINES",
        "sourceEntityType": "LWPOLYLINE",
        "sourceHandle": "CA4",
        "contextKind": "building_shadow",
        "sourceSceneVersionId": "scv-b67f98b3-a52e-4ff8-b837-45864ccd9201",
        "provenance": "topoexport_dxf_2d"
      },
      "geometry": {
        "type": "Polygon",
        "coordinates": [
          [
            [
              110.43598816946513,
              -6.959116215786252
            ],
            [
              110.43594977442568,
              -6.959154327750014
            ],
            [
              110.43602771605467,
              -6.959125336556246
            ],
            [
              110.43606793052709,
              -6.959230756098125
            ],
            [
              110.43604066139025,
              -6.959240899279463
            ],
            [
              110.436011594302,
              -6.9592697520568105
            ],
            [
              110.43607994729265,
              -6.959247823176028
            ],
            [
              110.43609459620842,
              -6.959292197379821
            ],
            [
              110.4361056185698,
              -6.959281256284404
            ],
            [
              110.43609064665834,
              -6.9592497966359135
            ],
            [
              110.43615099497941,
              -6.959222017997233
            ],
            [
              110.43616983715167,
              -6.9592618189934266
            ],
            [
              110.43620823228176,
              -6.959223706948278
            ],
            [
              110.43618939021307,
              -6.959183905960651
            ],
            [
              110.4361290416676,
              -6.959211684702136
            ],
            [
              110.43612147388305,
              -6.959219196690723
            ],
            [
              110.43611890793815,
              -6.95921142393235
            ],
            [
              110.43607931954635,
              -6.959224486280615
            ],
            [
              110.43607863150238,
              -6.95922245115573
            ],
            [
              110.43607518240167,
              -6.959223557694649
            ],
            [
              110.43607804501463,
              -6.9592207161829585
            ],
            [
              110.43604029266966,
              -6.959109034992169
            ],
            [
              110.4360934558436,
              -6.9590915928483446
            ],
            [
              110.43613248256925,
              -6.959206944781438
            ],
            [
              110.43615320905064,
              -6.9591863711170925
            ],
            [
              110.43613216654707,
              -6.95919353848246
            ],
            [
              110.43611130160937,
              -6.959134076314846
            ],
            [
              110.43613968132252,
              -6.9591244097907605
            ],
            [
              110.43616054646736,
              -6.959183871744201
            ],
            [
              110.43619037401025,
              -6.959154264118896
            ],
            [
              110.4361899000784,
              -6.959152653966775
            ],
            [
              110.43615931975776,
              -6.959161330021439
            ],
            [
              110.43614115044826,
              -6.959099084156283
            ],
            [
              110.43620401022928,
              -6.9590812333297745
            ],
            [
              110.43623302054115,
              -6.959180409603162
            ],
            [
              110.4362528038323,
              -6.959160772166513
            ],
            [
              110.43622449672404,
              -6.959075151347211
            ],
            [
              110.43629664739649,
              -6.9590520261371696
            ],
            [
              110.43635102873142,
              -6.959216816248695
            ],
            [
              110.43638942386151,
              -6.959178704203547
            ],
            [
              110.436379385375,
              -6.9591482848370845
            ],
            [
              110.43634156010583,
              -6.959157241691093
            ],
            [
              110.43631533789036,
              -6.959048826252284
            ],
            [
              110.43637340413544,
              -6.959035152128627
            ],
            [
              110.43639972617237,
              -6.959143468079296
            ],
            [
              110.43642834045646,
              -6.95911506476766
            ],
            [
              110.43639968368394,
              -6.9589998932248225
            ],
            [
              110.43635373317579,
              -6.959010714117182
            ],
            [
              110.43633885895835,
              -6.959025478669584
            ],
            [
              110.43633504262152,
              -6.9590139141048715
            ],
            [
              110.43626289200947,
              -6.959037039203542
            ],
            [
              110.43624563657208,
              -6.959054167419576
            ],
            [
              110.4362424054543,
              -6.95904312130176
            ],
            [
              110.4361795457337,
              -6.959060972016898
            ],
            [
              110.43614573894716,
              -6.959094529543277
            ],
            [
              110.43613185106862,
              -6.9590534808160465
            ],
            [
              110.43607868795078,
              -6.9590709228485
            ],
            [
              110.43605996026338,
              -6.959089512459911
            ],
            [
              110.43598816946513,
              -6.959116215786252
            ]
          ]
        ]
      }
    },
    {
      "type": "Feature",
      "properties": {
        "sourceLayer": "TPX_BUILDINGS_SHADOWS_OUTLINES",
        "sourceEntityType": "LWPOLYLINE",
        "sourceHandle": "D06",
        "contextKind": "building_shadow",
        "sourceSceneVersionId": "scv-b67f98b3-a52e-4ff8-b837-45864ccd9201",
        "provenance": "topoexport_dxf_2d"
      },
      "geometry": {
        "type": "Polygon",
        "coordinates": [
          [
            [
              110.43602362586795,
              -6.960755680049303
            ],
            [
              110.43598523089321,
              -6.960793791944529
            ],
            [
              110.436216613598,
              -6.960671466859117
            ],
            [
              110.43633246288383,
              -6.960908581216629
            ],
            [
              110.4363708580139,
              -6.960870469171481
            ],
            [
              110.43633012648687,
              -6.960787101904636
            ],
            [
              110.43629163547519,
              -6.960792039854966
            ],
            [
              110.43628184903226,
              -6.960717568959371
            ],
            [
              110.43632872766163,
              -6.960711554891406
            ],
            [
              110.43633851408299,
              -6.960786025718465
            ],
            [
              110.43635771160704,
              -6.960766969738726
            ],
            [
              110.43634792527199,
              -6.960692498920233
            ],
            [
              110.43632404946064,
              -6.9606955619093345
            ],
            [
              110.43634722688856,
              -6.960672555364581
            ],
            [
              110.4363448676421,
              -6.960665654800139
            ],
            [
              110.43637644544374,
              -6.960655090544005
            ],
            [
              110.43639691110425,
              -6.960714950214418
            ],
            [
              110.43639222283566,
              -6.96071651879535
            ],
            [
              110.43636615345076,
              -6.960742395975186
            ],
            [
              110.43641621523341,
              -6.960723368741891
            ],
            [
              110.43643185842821,
              -6.960763272832918
            ],
            [
              110.43640709163309,
              -6.960772686216099
            ],
            [
              110.43638690751122,
              -6.960792721523925
            ],
            [
              110.43648522512451,
              -6.960749107800867
            ],
            [
              110.43649705281102,
              -6.960775113022531
            ],
            [
              110.43651415770925,
              -6.960758134240032
            ],
            [
              110.43650781309576,
              -6.960744612081448
            ],
            [
              110.4365254963992,
              -6.960736581817302
            ],
            [
              110.4365254963992,
              -6.960717666262936
            ],
            [
              110.43643954664408,
              -6.960755418427104
            ],
            [
              110.43642481209987,
              -6.960722762642112
            ],
            [
              110.43651753490417,
              -6.96068203550582
            ],
            [
              110.4365254963992,
              -6.960699679958474
            ],
            [
              110.4365254963992,
              -6.960670278599938
            ],
            [
              110.43648884622436,
              -6.960684155058125
            ],
            [
              110.43648524885866,
              -6.96067496918778
            ],
            [
              110.43647404972543,
              -6.960679888243673
            ],
            [
              110.43648350120635,
              -6.960670506446885
            ],
            [
              110.43647310269026,
              -6.960643953115214
            ],
            [
              110.4365254963992,
              -6.960624153583058
            ],
            [
              110.4365254963992,
              -6.960600551000423
            ],
            [
              110.43651149797138,
              -6.960605840967262
            ],
            [
              110.43647405049786,
              -6.960643012342744
            ],
            [
              110.43645900605489,
              -6.960601526670418
            ],
            [
              110.43644306695583,
              -6.9606064495214754
            ],
            [
              110.43644202996397,
              -6.960603179177603
            ],
            [
              110.43642955907376,
              -6.960607596980494
            ],
            [
              110.436440110045,
              -6.960597123799743
            ],
            [
              110.43642440192654,
              -6.960547580774534
            ],
            [
              110.43648476144149,
              -6.96052903775027
            ],
            [
              110.43650342632839,
              -6.960587807146141
            ],
            [
              110.43650766496023,
              -6.960583599764994
            ],
            [
              110.4364875637525,
              -6.960531517115019
            ],
            [
              110.4365254963992,
              -6.9605172162880375
            ],
            [
              110.4365254963992,
              -6.960508702881449
            ],
            [
              110.43649204832177,
              -6.960519892812872
            ],
            [
              110.4364841231227,
              -6.960496961541739
            ],
            [
              110.4365254963992,
              -6.960483062758046
            ],
            [
              110.4365254963992,
              -6.960477782681766
            ],
            [
              110.4364989064686,
              -6.960486715227018
            ],
            [
              110.43647161906512,
              -6.960407001598534
            ],
            [
              110.4365189857719,
              -6.960391155287152
            ],
            [
              110.4365254963992,
              -6.960410081554505
            ],
            [
              110.4365254963992,
              -6.960399346995714
            ],
            [
              110.43651967933081,
              -6.960385791652999
            ],
            [
              110.4365254963992,
              -6.960383365553342
            ],
            [
              110.4365254963992,
              -6.960363710040401
            ],
            [
              110.43651001434623,
              -6.960368889454865
            ],
            [
              110.4364774020556,
              -6.960401261300721
            ],
            [
              110.43643579017336,
              -6.960413368603955
            ],
            [
              110.43641678659604,
              -6.960432232071186
            ],
            [
              110.43640978880617,
              -6.960405653145714
            ],
            [
              110.43634063106866,
              -6.960423411984458
            ],
            [
              110.43630223599898,
              -6.960461523973921
            ],
            [
              110.43637139358547,
              -6.960443765178012
            ],
            [
              110.43639238290731,
              -6.960523486195501
            ],
            [
              110.43634698253054,
              -6.96053514459416
            ],
            [
              110.43632883782254,
              -6.960553155524355
            ],
            [
              110.43639599337857,
              -6.960533214286066
            ],
            [
              110.43642128483187,
              -6.960615810213551
            ],
            [
              110.43639532167664,
              -6.960623508469331
            ],
            [
              110.43638326292754,
              -6.960627542652187
            ],
            [
              110.43635211272009,
              -6.960658463190265
            ],
            [
              110.436347218806,
              -6.960613422866551
            ],
            [
              110.43633981934826,
              -6.9605891619727815
            ],
            [
              110.43630034712426,
              -6.960593378704768
            ],
            [
              110.43626195203301,
              -6.9606314907199325
            ],
            [
              110.43630613285065,
              -6.960626770978715
            ],
            [
              110.43631462407863,
              -6.9607049177953435
            ],
            [
              110.43629217843886,
              -6.960707315786795
            ],
            [
              110.43629148226056,
              -6.960708006828011
            ],
            [
              110.43629119591468,
              -6.9607074207406585
            ],
            [
              110.43627044308408,
              -6.960709637725033
            ],
            [
              110.43626419796408,
              -6.960652162681611
            ],
            [
              110.43625500883597,
              -6.960633354826819
            ],
            [
              110.43602362586795,
              -6.960755680049303
            ]
          ]
        ]
      }
    },
    {
      "type": "Feature",
      "properties": {
        "sourceLayer": "TPX_BUILDINGS_SHADOWS_OUTLINES",
        "sourceEntityType": "LWPOLYLINE",
        "sourceHandle": "D0C",
        "contextKind": "building_shadow",
        "sourceSceneVersionId": "scv-b67f98b3-a52e-4ff8-b837-45864ccd9201",
        "provenance": "topoexport_dxf_2d"
      },
      "geometry": {
        "type": "Polygon",
        "coordinates": [
          [
            [
              110.43638123690403,
              -6.9606492257211015
            ],
            [
              110.43641920929895,
              -6.960635773927268
            ],
            [
              110.43644548830373,
              -6.960708239082661
            ],
            [
              110.43640751592608,
              -6.9607216909150464
            ],
            [
              110.43638123690403,
              -6.9606492257211015
            ]
          ]
        ]
      }
    },
    {
      "type": "Feature",
      "properties": {
        "sourceLayer": "TPX_BUILDINGS_SHADOWS_OUTLINES",
        "sourceEntityType": "LWPOLYLINE",
        "sourceHandle": "D15",
        "contextKind": "building_shadow",
        "sourceSceneVersionId": "scv-b67f98b3-a52e-4ff8-b837-45864ccd9201",
        "provenance": "topoexport_dxf_2d"
      },
      "geometry": {
        "type": "Polygon",
        "coordinates": [
          [
            [
              110.43639739489224,
              -6.960451480747624
            ],
            [
              110.43646045383719,
              -6.960433133152917
            ],
            [
              110.43648434225781,
              -6.960512850756471
            ],
            [
              110.43644904290053,
              -6.960523121529872
            ],
            [
              110.43644438425216,
              -6.960527745830838
            ],
            [
              110.43644346520169,
              -6.960524744408216
            ],
            [
              110.43642128333877,
              -6.960531198394013
            ],
            [
              110.43639739489224,
              -6.960451480747624
            ]
          ]
        ]
      }
    },
    {
      "type": "Feature",
      "properties": {
        "sourceLayer": "TPX_BUILDINGS_SHADOWS_OUTLINES",
        "sourceEntityType": "LWPOLYLINE",
        "sourceHandle": "D1C",
        "contextKind": "building_shadow",
        "sourceSceneVersionId": "scv-b67f98b3-a52e-4ff8-b837-45864ccd9201",
        "provenance": "topoexport_dxf_2d"
      },
      "geometry": {
        "type": "Polygon",
        "coordinates": [
          [
            [
              110.43652446860756,
              -6.960769443226539
            ],
            [
              110.4365072634779,
              -6.960786521505746
            ],
            [
              110.4365254963992,
              -6.960779223374255
            ],
            [
              110.4365254963992,
              -6.960768977899096
            ],
            [
              110.43652446860756,
              -6.960769443226539
            ]
          ]
        ]
      }
    },
    {
      "type": "Feature",
      "properties": {
        "sourceLayer": "TPX_BUILDINGS_SHADOWS_OUTLINES",
        "sourceEntityType": "LWPOLYLINE",
        "sourceHandle": "D41",
        "contextKind": "building_shadow",
        "sourceSceneVersionId": "scv-b67f98b3-a52e-4ff8-b837-45864ccd9201",
        "provenance": "topoexport_dxf_2d"
      },
      "geometry": {
        "type": "Polygon",
        "coordinates": [
          [
            [
              110.43607658473955,
              -6.959317809587776
            ],
            [
              110.43603818967419,
              -6.959355921572956
            ],
            [
              110.43607846317126,
              -6.959344056162204
            ],
            [
              110.43609632838606,
              -6.959402826491875
            ],
            [
              110.4361029427747,
              -6.959396260869984
            ],
            [
              110.43609278129789,
              -6.95936280891429
            ],
            [
              110.43614005039696,
              -6.959348849579302
            ],
            [
              110.43615319844795,
              -6.959392133148743
            ],
            [
              110.43611016398046,
              -6.959404841989848
            ],
            [
              110.43608376608059,
              -6.959431045262561
            ],
            [
              110.43614162721958,
              -6.95941329980113
            ],
            [
              110.43616641427502,
              -6.959492023230051
            ],
            [
              110.43620480940078,
              -6.959453911189185
            ],
            [
              110.4362046275973,
              -6.95945333378445
            ],
            [
              110.43618776428667,
              -6.959455750083501
            ],
            [
              110.43617617200397,
              -6.95937636866899
            ],
            [
              110.43616590911766,
              -6.959379516196882
            ],
            [
              110.43617534702267,
              -6.959370147880209
            ],
            [
              110.43625972543559,
              -6.959358043335538
            ],
            [
              110.43627232436931,
              -6.959443633536513
            ],
            [
              110.43631071948644,
              -6.959405521504216
            ],
            [
              110.43629812064766,
              -6.959319931307523
            ],
            [
              110.43628793877676,
              -6.9593213919532895
            ],
            [
              110.43629681222791,
              -6.959312583924562
            ],
            [
              110.43628673298772,
              -6.959243972737393
            ],
            [
              110.43619377678625,
              -6.959257191437015
            ],
            [
              110.43615538169932,
              -6.959295303447895
            ],
            [
              110.43624833777997,
              -6.959282084761123
            ],
            [
              110.43625841711078,
              -6.9593506959611435
            ],
            [
              110.43616546097834,
              -6.9593640141403394
            ],
            [
              110.43615850921977,
              -6.959316625055226
            ],
            [
              110.43613117657901,
              -6.959324696774905
            ],
            [
              110.43612455642514,
              -6.959331268119526
            ],
            [
              110.43611685839196,
              -6.95930594413419
            ],
            [
              110.43607658473955,
              -6.959317809587776
            ]
          ]
        ]
      }
    },
    {
      "type": "Feature",
      "properties": {
        "sourceLayer": "TPX_BUILDINGS_SHADOWS_OUTLINES",
        "sourceEntityType": "LWPOLYLINE",
        "sourceHandle": "D4E",
        "contextKind": "building_shadow",
        "sourceSceneVersionId": "scv-b67f98b3-a52e-4ff8-b837-45864ccd9201",
        "provenance": "topoexport_dxf_2d"
      },
      "geometry": {
        "type": "Polygon",
        "coordinates": [
          [
            [
              110.43611134826637,
              -6.9612132954441845
            ],
            [
              110.43607295326142,
              -6.961251407365111
            ],
            [
              110.43612690553064,
              -6.961225523156083
            ],
            [
              110.43614015095633,
              -6.961252942933253
            ],
            [
              110.43617060918858,
              -6.961239672819002
            ],
            [
              110.43618334017903,
              -6.961268656259669
            ],
            [
              110.43622173530912,
              -6.961230544214521
            ],
            [
              110.43620900441792,
              -6.961201560782421
            ],
            [
              110.436178546108,
              -6.961214830935223
            ],
            [
              110.4361653007643,
              -6.961187411119502
            ],
            [
              110.43611134826637,
              -6.9612132954441845
            ]
          ]
        ]
      }
    },
    {
      "type": "Feature",
      "properties": {
        "sourceLayer": "TPX_BUILDINGS_SHADOWS_OUTLINES",
        "sourceEntityType": "LWPOLYLINE",
        "sourceHandle": "E12",
        "contextKind": "building_shadow",
        "sourceSceneVersionId": "scv-b67f98b3-a52e-4ff8-b837-45864ccd9201",
        "provenance": "topoexport_dxf_2d"
      },
      "geometry": {
        "type": "Polygon",
        "coordinates": [
          [
            [
              110.4361659325292,
              -6.959546811815245
            ],
            [
              110.4361275374509,
              -6.959584923813275
            ],
            [
              110.43615871989795,
              -6.95957823324223
            ],
            [
              110.43617671351873,
              -6.959660738471278
            ],
            [
              110.43616163345298,
              -6.959663926199643
            ],
            [
              110.43616052358438,
              -6.959665027885379
            ],
            [
              110.43624987495468,
              -6.959647046588308
            ],
            [
              110.43625781873111,
              -6.959685470115378
            ],
            [
              110.4361947956808,
              -6.95969808313072
            ],
            [
              110.43617308529434,
              -6.95971963345026
            ],
            [
              110.4362600360647,
              -6.9597005625854225
            ],
            [
              110.43627280017073,
              -6.959757154126522
            ],
            [
              110.43621397650466,
              -6.959769974179657
            ],
            [
              110.43618787231256,
              -6.959795885910054
            ],
            [
              110.43625742485665,
              -6.959773955641423
            ],
            [
              110.43627528575185,
              -6.959829150823246
            ],
            [
              110.43621111371046,
              -6.959849384743259
            ],
            [
              110.43618496847988,
              -6.9598753372095645
            ],
            [
              110.43621674556628,
              -6.9598643756476735
            ],
            [
              110.43623309596929,
              -6.959910436108203
            ],
            [
              110.43622034992708,
              -6.95991481928343
            ],
            [
              110.43620662561989,
              -6.959928442403672
            ],
            [
              110.43631645998525,
              -6.959901499048162
            ],
            [
              110.43637319526745,
              -6.960028548646589
            ],
            [
              110.4363570658422,
              -6.960032786371919
            ],
            [
              110.43634422649895,
              -6.960045531052914
            ],
            [
              110.43628981372707,
              -6.960062580067375
            ],
            [
              110.43625141867035,
              -6.960100692043987
            ],
            [
              110.43631377621547,
              -6.960081153709966
            ],
            [
              110.43633805931753,
              -6.960156501207195
            ],
            [
              110.43635161299785,
              -6.960143047460094
            ],
            [
              110.43634311738984,
              -6.9601227297980195
            ],
            [
              110.43639067951918,
              -6.960103308287388
            ],
            [
              110.43641153293504,
              -6.9601530379010494
            ],
            [
              110.43642751472534,
              -6.960137173946007
            ],
            [
              110.43641577983499,
              -6.960109733698079
            ],
            [
              110.43644195857816,
              -6.960098778788434
            ],
            [
              110.43646922659302,
              -6.960162304891967
            ],
            [
              110.43644294764434,
              -6.960173260161425
            ],
            [
              110.43643886967533,
              -6.960163724968881
            ],
            [
              110.43641710734131,
              -6.9601727629391785
            ],
            [
              110.43640073733822,
              -6.960189012249065
            ],
            [
              110.43637777413461,
              -6.9601949316178215
            ],
            [
              110.43640810055611,
              -6.960164828792074
            ],
            [
              110.43640437687301,
              -6.960155939115905
            ],
            [
              110.4363638704923,
              -6.960172360450408
            ],
            [
              110.43635518714726,
              -6.960151594877526
            ],
            [
              110.43634271055222,
              -6.960156663306985
            ],
            [
              110.4363043155214,
              -6.9601947752578965
            ],
            [
              110.43635727349863,
              -6.960173261866251
            ],
            [
              110.43636970542602,
              -6.9602029408329384
            ],
            [
              110.43631674733659,
              -6.9602245537726946
            ],
            [
              110.43631159274834,
              -6.960212207215602
            ],
            [
              110.43627349107143,
              -6.960250027979726
            ],
            [
              110.43637682769926,
              -6.9602233902334865
            ],
            [
              110.43638646856132,
              -6.960259825565496
            ],
            [
              110.43638419325173,
              -6.960260410050827
            ],
            [
              110.4363712961698,
              -6.960273212044804
            ],
            [
              110.43632976704633,
              -6.960283894499326
            ],
            [
              110.43629137197235,
              -6.960322006488789
            ],
            [
              110.43634024195181,
              -6.960309435759977
            ],
            [
              110.43636082925623,
              -6.960387369679009
            ],
            [
              110.43637134668035,
              -6.960376929798042
            ],
            [
              110.43634962140611,
              -6.960294726935668
            ],
            [
              110.4364015897044,
              -6.960281357932964
            ],
            [
              110.43642438585421,
              -6.960367234030628
            ],
            [
              110.43646278097998,
              -6.960329121989764
            ],
            [
              110.4364399849251,
              -6.96024324590495
            ],
            [
              110.43639029314902,
              -6.960256029180113
            ],
            [
              110.43640539964166,
              -6.96024103406932
            ],
            [
              110.43639364966934,
              -6.960245913867106
            ],
            [
              110.43637871231047,
              -6.96021087489009
            ],
            [
              110.43642907179253,
              -6.960189960431959
            ],
            [
              110.43644400938011,
              -6.960224999177666
            ],
            [
              110.43648240451019,
              -6.960186887132517
            ],
            [
              110.43647112248442,
              -6.960160422978648
            ],
            [
              110.4364753295067,
              -6.960156246978286
            ],
            [
              110.43647100723146,
              -6.960146512419664
            ],
            [
              110.43652549640136,
              -6.960122992126991
            ],
            [
              110.43652549640136,
              -6.960114094954731
            ],
            [
              110.43647888897547,
              -6.9601333944760935
            ],
            [
              110.4364689640158,
              -6.9601101676447374
            ],
            [
              110.43645603151391,
              -6.960079794107243
            ],
            [
              110.43645302395443,
              -6.960072764173095
            ],
            [
              110.43643835434682,
              -6.960087325624223
            ],
            [
              110.4364290747485,
              -6.96006519625509
            ],
            [
              110.43638656349356,
              -6.96008255529509
            ],
            [
              110.43642325365826,
              -6.960046135640623
            ],
            [
              110.43640801458675,
              -6.960009706930877
            ],
            [
              110.43638116120724,
              -6.960020641442584
            ],
            [
              110.43641159040186,
              -6.959990436597157
            ],
            [
              110.4364051245026,
              -6.959975957238952
            ],
            [
              110.43638513826734,
              -6.959984043886564
            ],
            [
              110.43635225299099,
              -6.959904734117565
            ],
            [
              110.43638942390571,
              -6.959889793625444
            ],
            [
              110.43642818570231,
              -6.959867701072834
            ],
            [
              110.43646547652621,
              -6.959952765574979
            ],
            [
              110.43650387165629,
              -6.95991465352983
            ],
            [
              110.43649681640824,
              -6.959898559693188
            ],
            [
              110.43646302938144,
              -6.9599128460634185
            ],
            [
              110.4364382690679,
              -6.959856368047428
            ],
            [
              110.43637317133913,
              -6.959883970048184
            ],
            [
              110.43636684916086,
              -6.959890245614126
            ],
            [
              110.43636549939193,
              -6.959887223013972
            ],
            [
              110.43636123157573,
              -6.959889032609274
            ],
            [
              110.43635051182457,
              -6.959864452489048
            ],
            [
              110.43631093681019,
              -6.959874160597171
            ],
            [
              110.43632625851964,
              -6.959858951852023
            ],
            [
              110.4363135851298,
              -6.959816912064249
            ],
            [
              110.43631099344415,
              -6.959810159446975
            ],
            [
              110.43628746110028,
              -6.95981706524583
            ],
            [
              110.43630642076513,
              -6.959798245367307
            ],
            [
              110.4362869842815,
              -6.959747603736186
            ],
            [
              110.43633854572491,
              -6.959728375924587
            ],
            [
              110.4363714389716,
              -6.959814339405273
            ],
            [
              110.43639176959351,
              -6.959794158677534
            ],
            [
              110.43636603900693,
              -6.959729733908153
            ],
            [
              110.43641390229224,
              -6.959711106327964
            ],
            [
              110.43644819497695,
              -6.959796968855558
            ],
            [
              110.43640033172184,
              -6.959815596465733
            ],
            [
              110.43639638681503,
              -6.959805719378547
            ],
            [
              110.43638248478231,
              -6.95981161396308
            ],
            [
              110.43634408976011,
              -6.959849725905425
            ],
            [
              110.43642112713148,
              -6.959817061390697
            ],
            [
              110.43645749764916,
              -6.959801625419707
            ],
            [
              110.43649930007335,
              -6.959897509366395
            ],
            [
              110.43652549640136,
              -6.959871506187952
            ],
            [
              110.43652549640136,
              -6.959831416360884
            ],
            [
              110.4364958928828,
              -6.959763513387409
            ],
            [
              110.43647144670135,
              -6.959773888566387
            ],
            [
              110.43648659010704,
              -6.95975885681041
            ],
            [
              110.43645229752157,
              -6.959672994299949
            ],
            [
              110.43640443428805,
              -6.959691621760201
            ],
            [
              110.43638488553331,
              -6.9597110263853486
            ],
            [
              110.43637837562666,
              -6.95969401330073
            ],
            [
              110.4364076014186,
              -6.959665002985501
            ],
            [
              110.43639676540901,
              -6.959632243535974
            ],
            [
              110.43631652044256,
              -6.959657960248026
            ],
            [
              110.43630091279718,
              -6.95967345282094
            ],
            [
              110.43629843128109,
              -6.959662450557408
            ],
            [
              110.43627606789087,
              -6.959667355507797
            ],
            [
              110.43629452383105,
              -6.9596490356443494
            ],
            [
              110.43626338627173,
              -6.959659841771549
            ],
            [
              110.43624912985386,
              -6.959609111048297
            ],
            [
              110.43633236922676,
              -6.9595796170894575
            ],
            [
              110.43635412119976,
              -6.959628352541335
            ],
            [
              110.43638611713214,
              -6.959596592513707
            ],
            [
              110.4363643652541,
              -6.9595478570746785
            ],
            [
              110.43631656336251,
              -6.95956479458155
            ],
            [
              110.43633508108913,
              -6.959546413382932
            ],
            [
              110.43632620217913,
              -6.959519013999417
            ],
            [
              110.43632429968532,
              -6.959519544341542
            ],
            [
              110.43631144964013,
              -6.959474671412
            ],
            [
              110.43634722697271,
              -6.959464698062136
            ],
            [
              110.43636007699632,
              -6.95950957094456
            ],
            [
              110.43636886363232,
              -6.959500849090912
            ],
            [
              110.43635121498934,
              -6.959455755587775
            ],
            [
              110.43638019318246,
              -6.959444797165675
            ],
            [
              110.43644507246657,
              -6.959610567988852
            ],
            [
              110.43648346759666,
              -6.95957245593942
            ],
            [
              110.4364566671227,
              -6.959503978880907
            ],
            [
              110.4364620519709,
              -6.959498633738543
            ],
            [
              110.43645733633471,
              -6.959500121130368
            ],
            [
              110.43643174967623,
              -6.959421497896363
            ],
            [
              110.43645703256367,
              -6.959413523146138
            ],
            [
              110.43648261920487,
              -6.959492146333025
            ],
            [
              110.43649175330862,
              -6.959483079573449
            ],
            [
              110.43647193918898,
              -6.9594228407806575
            ],
            [
              110.43652549640136,
              -6.95940576603104
            ],
            [
              110.43652549640136,
              -6.9593798948352275
            ],
            [
              110.4365103344701,
              -6.959384728636989
            ],
            [
              110.43650135929013,
              -6.959393637644509
            ],
            [
              110.43649542778869,
              -6.95937541111384
            ],
            [
              110.43647014495735,
              -6.9593833857526946
            ],
            [
              110.43645526213521,
              -6.959398158846359
            ],
            [
              110.43643128373631,
              -6.959405974974983
            ],
            [
              110.43642194031906,
              -6.959415249504828
            ],
            [
              110.43641858840748,
              -6.95940668513766
            ],
            [
              110.43638961027047,
              -6.9594176434398225
            ],
            [
              110.43637864062045,
              -6.959428532212514
            ],
            [
              110.43634984492125,
              -6.959436559268331
            ],
            [
              110.43634431065588,
              -6.959442052730524
            ],
            [
              110.43634064306302,
              -6.959432697054406
            ],
            [
              110.43631056585427,
              -6.959444153208486
            ],
            [
              110.43628774082217,
              -6.959466809955576
            ],
            [
              110.43625831988817,
              -6.959476093377929
            ],
            [
              110.43621992482713,
              -6.9595142053588255
            ],
            [
              110.43626889139159,
              -6.959498754545572
            ],
            [
              110.43629668596336,
              -6.9595845254237965
            ],
            [
              110.4362477192047,
              -6.959599976446941
            ],
            [
              110.43622424413346,
              -6.959527535133406
            ],
            [
              110.43619950569416,
              -6.959532868774621
            ],
            [
              110.43619084380047,
              -6.959541466805669
            ],
            [
              110.4361659325292,
              -6.959546811815245
            ]
          ]
        ]
      }
    },
    {
      "type": "Feature",
      "properties": {
        "sourceLayer": "TPX_BUILDINGS_SHADOWS_OUTLINES",
        "sourceEntityType": "LWPOLYLINE",
        "sourceHandle": "E18",
        "contextKind": "building_shadow",
        "sourceSceneVersionId": "scv-b67f98b3-a52e-4ff8-b837-45864ccd9201",
        "provenance": "topoexport_dxf_2d"
      },
      "geometry": {
        "type": "Polygon",
        "coordinates": [
          [
            [
              110.43616111040873,
              -6.959570980909723
            ],
            [
              110.43621807858754,
              -6.959558698394962
            ],
            [
              110.43623757924829,
              -6.959647458359382
            ],
            [
              110.43618071094272,
              -6.959659641505939
            ],
            [
              110.43616111040873,
              -6.959570980909723
            ]
          ]
        ]
      }
    },
    {
      "type": "Feature",
      "properties": {
        "sourceLayer": "TPX_BUILDINGS_SHADOWS_OUTLINES",
        "sourceEntityType": "LWPOLYLINE",
        "sourceHandle": "E1E",
        "contextKind": "building_shadow",
        "sourceSceneVersionId": "scv-b67f98b3-a52e-4ff8-b837-45864ccd9201",
        "provenance": "topoexport_dxf_2d"
      },
      "geometry": {
        "type": "Polygon",
        "coordinates": [
          [
            [
              110.43622893788246,
              -6.9598610841305515
            ],
            [
              110.43627310906403,
              -6.959848121561705
            ],
            [
              110.43628786339389,
              -6.959897063897172
            ],
            [
              110.43624359214488,
              -6.959909927316273
            ],
            [
              110.43622893788246,
              -6.9598610841305515
            ]
          ]
        ]
      }
    },
    {
      "type": "Feature",
      "properties": {
        "sourceLayer": "TPX_BUILDINGS_SHADOWS_OUTLINES",
        "sourceEntityType": "LWPOLYLINE",
        "sourceHandle": "E24",
        "contextKind": "building_shadow",
        "sourceSceneVersionId": "scv-b67f98b3-a52e-4ff8-b837-45864ccd9201",
        "provenance": "topoexport_dxf_2d"
      },
      "geometry": {
        "type": "Polygon",
        "coordinates": [
          [
            [
              110.43627217057316,
              -6.9594822653564385
            ],
            [
              110.4363022478337,
              -6.959470809086704
            ],
            [
              110.43631789106733,
              -6.959510713177731
            ],
            [
              110.43628781382837,
              -6.959522169486017
            ],
            [
              110.43627217057316,
              -6.9594822653564385
            ]
          ]
        ]
      }
    },
    {
      "type": "Feature",
      "properties": {
        "sourceLayer": "TPX_BUILDINGS_SHADOWS_OUTLINES",
        "sourceEntityType": "LWPOLYLINE",
        "sourceHandle": "E2F",
        "contextKind": "building_shadow",
        "sourceSceneVersionId": "scv-b67f98b3-a52e-4ff8-b837-45864ccd9201",
        "provenance": "topoexport_dxf_2d"
      },
      "geometry": {
        "type": "Polygon",
        "coordinates": [
          [
            [
              110.43627812515713,
              -6.9596960723916945
            ],
            [
              110.436358370184,
              -6.959670355568271
            ],
            [
              110.43636920629282,
              -6.9597031150263655
            ],
            [
              110.43631396979971,
              -6.959720817228917
            ],
            [
              110.43629655227976,
              -6.9597381063368
            ],
            [
              110.43629582008167,
              -6.959735843613409
            ],
            [
              110.43629354690381,
              -6.959736560359798
            ],
            [
              110.43630723142827,
              -6.959722976728971
            ],
            [
              110.43628896128753,
              -6.959728831896907
            ],
            [
              110.43627812515713,
              -6.9596960723916945
            ]
          ]
        ]
      }
    },
    {
      "type": "Feature",
      "properties": {
        "sourceLayer": "TPX_BUILDINGS_SHADOWS_OUTLINES",
        "sourceEntityType": "LWPOLYLINE",
        "sourceHandle": "E38",
        "contextKind": "building_shadow",
        "sourceSceneVersionId": "scv-b67f98b3-a52e-4ff8-b837-45864ccd9201",
        "provenance": "topoexport_dxf_2d"
      },
      "geometry": {
        "type": "Polygon",
        "coordinates": [
          [
            [
              110.436322656433,
              -6.960066942035085
            ],
            [
              110.43636961935741,
              -6.960047818963175
            ],
            [
              110.43638485852817,
              -6.960084247685772
            ],
            [
              110.43637983526307,
              -6.960086282639318
            ],
            [
              110.43636943442102,
              -6.960096606797748
            ],
            [
              110.43636769237861,
              -6.96009120144677
            ],
            [
              110.43633789550452,
              -6.960103271483715
            ],
            [
              110.436322656433,
              -6.960066942035085
            ]
          ]
        ]
      }
    },
    {
      "type": "Feature",
      "properties": {
        "sourceLayer": "TPX_BUILDINGS_SHADOWS_OUTLINES",
        "sourceEntityType": "LWPOLYLINE",
        "sourceHandle": "E3E",
        "contextKind": "building_shadow",
        "sourceSceneVersionId": "scv-b67f98b3-a52e-4ff8-b837-45864ccd9201",
        "provenance": "topoexport_dxf_2d"
      },
      "geometry": {
        "type": "Polygon",
        "coordinates": [
          [
            [
              110.43639288845519,
              -6.959444087118651
            ],
            [
              110.4364286637639,
              -6.959432425511665
            ],
            [
              110.43645354585513,
              -6.95950707713591
            ],
            [
              110.43641777057232,
              -6.959518738785731
            ],
            [
              110.43639288845519,
              -6.959444087118651
            ]
          ]
        ]
      }
    },
    {
      "type": "Feature",
      "properties": {
        "sourceLayer": "TPX_BUILDINGS_SHADOWS_OUTLINES",
        "sourceEntityType": "LWPOLYLINE",
        "sourceHandle": "E45",
        "contextKind": "building_shadow",
        "sourceSceneVersionId": "scv-b67f98b3-a52e-4ff8-b837-45864ccd9201",
        "provenance": "topoexport_dxf_2d"
      },
      "geometry": {
        "type": "Polygon",
        "coordinates": [
          [
            [
              110.43647559759889,
              -6.9595955051133815
            ],
            [
              110.43643720256374,
              -6.9596336170728605
            ],
            [
              110.43652549640136,
              -6.959600003385756
            ],
            [
              110.43652549640136,
              -6.959576508515546
            ],
            [
              110.43647559759889,
              -6.9595955051133815
            ]
          ]
        ]
      }
    },
    {
      "type": "Feature",
      "properties": {
        "sourceLayer": "TPX_BUILDINGS_SHADOWS_OUTLINES",
        "sourceEntityType": "LWPOLYLINE",
        "sourceHandle": "E50",
        "contextKind": "building_shadow",
        "sourceSceneVersionId": "scv-b67f98b3-a52e-4ff8-b837-45864ccd9201",
        "provenance": "topoexport_dxf_2d"
      },
      "geometry": {
        "type": "Polygon",
        "coordinates": [
          [
            [
              110.4364785871981,
              -6.9600046580940615
            ],
            [
              110.4364401921759,
              -6.9600427700406895
            ],
            [
              110.43649444858296,
              -6.960020262037495
            ],
            [
              110.43651028815833,
              -6.960057186607341
            ],
            [
              110.43652322077673,
              -6.960087659453069
            ],
            [
              110.43652549640136,
              -6.960092931887617
            ],
            [
              110.43652549640136,
              -6.96002847726237
            ],
            [
              110.43650712180452,
              -6.959992820654444
            ],
            [
              110.4364785871981,
              -6.9600046580940615
            ]
          ]
        ]
      }
    },
    {
      "type": "Feature",
      "properties": {
        "sourceLayer": "TPX_BUILDINGS_SHADOWS_OUTLINES",
        "sourceEntityType": "LWPOLYLINE",
        "sourceHandle": "E56",
        "contextKind": "building_shadow",
        "sourceSceneVersionId": "scv-b67f98b3-a52e-4ff8-b837-45864ccd9201",
        "provenance": "topoexport_dxf_2d"
      },
      "geometry": {
        "type": "Polygon",
        "coordinates": [
          [
            [
              110.43652549640136,
              -6.959520684767084
            ],
            [
              110.43651166120829,
              -6.959534417955666
            ],
            [
              110.43652549640136,
              -6.959529421732854
            ],
            [
              110.43652549640136,
              -6.959520684767084
            ]
          ]
        ]
      }
    },
    {
      "type": "Feature",
      "properties": {
        "sourceLayer": "TPX_BUILDINGS_SHADOWS_OUTLINES",
        "sourceEntityType": "LWPOLYLINE",
        "sourceHandle": "E5F",
        "contextKind": "building_shadow",
        "sourceSceneVersionId": "scv-b67f98b3-a52e-4ff8-b837-45864ccd9201",
        "provenance": "topoexport_dxf_2d"
      },
      "geometry": {
        "type": "Polygon",
        "coordinates": [
          [
            [
              110.43622167915414,
              -6.9601833220123
            ],
            [
              110.4361832840629,
              -6.960221434023181
            ],
            [
              110.43620997130346,
              -6.960217628736724
            ],
            [
              110.43621632270492,
              -6.960262012736839
            ],
            [
              110.43625471782207,
              -6.960223900704541
            ],
            [
              110.43624836651553,
              -6.960179516708709
            ],
            [
              110.43622167915414,
              -6.9601833220123
            ]
          ]
        ]
      }
    },
    {
      "type": "Feature",
      "properties": {
        "sourceLayer": "TPX_BUILDINGS_SHADOWS_OUTLINES",
        "sourceEntityType": "LWPOLYLINE",
        "sourceHandle": "E69",
        "contextKind": "building_shadow",
        "sourceSceneVersionId": "scv-b67f98b3-a52e-4ff8-b837-45864ccd9201",
        "provenance": "topoexport_dxf_2d"
      },
      "geometry": {
        "type": "Polygon",
        "coordinates": [
          [
            [
              110.43624151708129,
              -6.961053650012372
            ],
            [
              110.43620312212812,
              -6.961091761886181
            ],
            [
              110.43629463250646,
              -6.961040509366349
            ],
            [
              110.43630705501786,
              -6.961062342862566
            ],
            [
              110.43634133950351,
              -6.961028311154788
            ],
            [
              110.43633745247779,
              -6.961010174196
            ],
            [
              110.43633302774442,
              -6.961002397325484
            ],
            [
              110.43624151708129,
              -6.961053650012372
            ]
          ]
        ]
      }
    },
    {
      "type": "Feature",
      "properties": {
        "sourceLayer": "TPX_BUILDINGS_SHADOWS_OUTLINES",
        "sourceEntityType": "LWPOLYLINE",
        "sourceHandle": "E72",
        "contextKind": "building_shadow",
        "sourceSceneVersionId": "scv-b67f98b3-a52e-4ff8-b837-45864ccd9201",
        "provenance": "topoexport_dxf_2d"
      },
      "geometry": {
        "type": "Polygon",
        "coordinates": [
          [
            [
              110.436250352752,
              -6.959167944376499
            ],
            [
              110.43621195768664,
              -6.959206056361678
            ],
            [
              110.4362473350602,
              -6.959196182941153
            ],
            [
              110.43625938224862,
              -6.959238474713292
            ],
            [
              110.43627377106414,
              -6.9592241919840205
            ],
            [
              110.43625476767238,
              -6.959166712220201
            ],
            [
              110.436250352752,
              -6.959167944376499
            ]
          ]
        ]
      }
    },
    {
      "type": "Feature",
      "properties": {
        "sourceLayer": "TPX_BUILDINGS_SHADOWS_OUTLINES",
        "sourceEntityType": "LWPOLYLINE",
        "sourceHandle": "E78",
        "contextKind": "building_shadow",
        "sourceSceneVersionId": "scv-b67f98b3-a52e-4ff8-b837-45864ccd9201",
        "provenance": "topoexport_dxf_2d"
      },
      "geometry": {
        "type": "Polygon",
        "coordinates": [
          [
            [
              110.43633678985523,
              -6.957988844923479
            ],
            [
              110.4363341513443,
              -6.957988844923479
            ],
            [
              110.43633466406204,
              -6.957990955043558
            ],
            [
              110.43633678985523,
              -6.957988844923479
            ]
          ]
        ]
      }
    },
    {
      "type": "Feature",
      "properties": {
        "sourceLayer": "TPX_BUILDINGS_SHADOWS_OUTLINES",
        "sourceEntityType": "LWPOLYLINE",
        "sourceHandle": "E7F",
        "contextKind": "building_shadow",
        "sourceSceneVersionId": "scv-b67f98b3-a52e-4ff8-b837-45864ccd9201",
        "provenance": "topoexport_dxf_2d"
      },
      "geometry": {
        "type": "Polygon",
        "coordinates": [
          [
            [
              110.4363740800189,
              -6.957988844923479
            ],
            [
              110.43637209776976,
              -6.957988844923479
            ],
            [
              110.43640027774073,
              -6.958102104577193
            ],
            [
              110.43640383529782,
              -6.958098573249361
            ],
            [
              110.4363740800189,
              -6.957988844923479
            ]
          ]
        ]
      }
    },
    {
      "type": "Feature",
      "properties": {
        "sourceLayer": "TPX_BUILDINGS_SHADOWS_OUTLINES",
        "sourceEntityType": "LWPOLYLINE",
        "sourceHandle": "E86",
        "contextKind": "building_shadow",
        "sourceSceneVersionId": "scv-b67f98b3-a52e-4ff8-b837-45864ccd9201",
        "provenance": "topoexport_dxf_2d"
      },
      "geometry": {
        "type": "Polygon",
        "coordinates": [
          [
            [
              110.43645032383726,
              -6.957988844923479
            ],
            [
              110.43643344345531,
              -6.957988844923479
            ],
            [
              110.43646114593432,
              -6.9580907113988575
            ],
            [
              110.43647508142784,
              -6.958076878649314
            ],
            [
              110.43645032383726,
              -6.957988844923479
            ]
          ]
        ]
      }
    },
    {
      "type": "Feature",
      "properties": {
        "sourceLayer": "TPX_BUILDINGS_SHADOWS_OUTLINES",
        "sourceEntityType": "LWPOLYLINE",
        "sourceHandle": "E8F",
        "contextKind": "building_shadow",
        "sourceSceneVersionId": "scv-b67f98b3-a52e-4ff8-b837-45864ccd9201",
        "provenance": "topoexport_dxf_2d"
      },
      "geometry": {
        "type": "Polygon",
        "coordinates": [
          [
            [
              110.43632843515462,
              -6.961090788512133
            ],
            [
              110.43629004008926,
              -6.961128900497313
            ],
            [
              110.43632291891856,
              -6.961119725194316
            ],
            [
              110.43633125171472,
              -6.961149111076635
            ],
            [
              110.43636964684049,
              -6.961110999031486
            ],
            [
              110.43636131413926,
              -6.961081613162018
            ],
            [
              110.43632843515462,
              -6.961090788512133
            ]
          ]
        ]
      }
    },
    {
      "type": "Feature",
      "properties": {
        "sourceLayer": "TPX_BUILDINGS_SHADOWS_OUTLINES",
        "sourceEntityType": "LWPOLYLINE",
        "sourceHandle": "EA2",
        "contextKind": "building_shadow",
        "sourceSceneVersionId": "scv-b67f98b3-a52e-4ff8-b837-45864ccd9201",
        "provenance": "topoexport_dxf_2d"
      },
      "geometry": {
        "type": "Polygon",
        "coordinates": [
          [
            [
              110.43633269456998,
              -6.959223460626676
            ],
            [
              110.43629429951757,
              -6.959261572599005
            ],
            [
              110.43641002034562,
              -6.9592246913565745
            ],
            [
              110.43645868430848,
              -6.959373598657172
            ],
            [
              110.4364734045,
              -6.959358986995074
            ],
            [
              110.43646986457522,
              -6.959359980167373
            ],
            [
              110.43642549406574,
              -6.959206698117157
            ],
            [
              110.43648475623509,
              -6.959189943986128
            ],
            [
              110.43652549640136,
              -6.959330458849937
            ],
            [
              110.43652549640136,
              -6.959295663680121
            ],
            [
              110.4364949350076,
              -6.959174836982231
            ],
            [
              110.43652549640136,
              -6.9591673484242875
            ],
            [
              110.43652549640136,
              -6.959144500976603
            ],
            [
              110.43651610369479,
              -6.959153824432374
            ],
            [
              110.43646388934687,
              -6.959168585977772
            ],
            [
              110.43644450758983,
              -6.959187824836469
            ],
            [
              110.43633269456998,
              -6.959223460626676
            ]
          ]
        ]
      }
    },
    {
      "type": "Feature",
      "properties": {
        "sourceLayer": "TPX_BUILDINGS_SHADOWS_OUTLINES",
        "sourceEntityType": "LWPOLYLINE",
        "sourceHandle": "EAB",
        "contextKind": "building_shadow",
        "sourceSceneVersionId": "scv-b67f98b3-a52e-4ff8-b837-45864ccd9201",
        "provenance": "topoexport_dxf_2d"
      },
      "geometry": {
        "type": "Polygon",
        "coordinates": [
          [
            [
              110.4363482126978,
              -6.961327221877476
            ],
            [
              110.43630981771443,
              -6.96136533378127
            ],
            [
              110.4363626695785,
              -6.96133885505928
            ],
            [
              110.43638170862756,
              -6.961376173084034
            ],
            [
              110.43642010376196,
              -6.961338061034602
            ],
            [
              110.43640106481647,
              -6.961300743022698
            ],
            [
              110.4363482126978,
              -6.961327221877476
            ]
          ]
        ]
      }
    },
    {
      "type": "Feature",
      "properties": {
        "sourceLayer": "TPX_BUILDINGS_SHADOWS_OUTLINES",
        "sourceEntityType": "LWPOLYLINE",
        "sourceHandle": "EB4",
        "contextKind": "building_shadow",
        "sourceSceneVersionId": "scv-b67f98b3-a52e-4ff8-b837-45864ccd9201",
        "provenance": "topoexport_dxf_2d"
      },
      "geometry": {
        "type": "Polygon",
        "coordinates": [
          [
            [
              110.43637386785298,
              -6.960962823765023
            ],
            [
              110.43633547277899,
              -6.961000935763052
            ],
            [
              110.43636695515215,
              -6.960994344157563
            ],
            [
              110.43637379198142,
              -6.961026711094549
            ],
            [
              110.43641218710287,
              -6.960988599062251
            ],
            [
              110.43640535036855,
              -6.960956232129549
            ],
            [
              110.43637386785298,
              -6.960962823765023
            ]
          ]
        ]
      }
    },
    {
      "type": "Feature",
      "properties": {
        "sourceLayer": "TPX_BUILDINGS_SHADOWS_OUTLINES",
        "sourceEntityType": "LWPOLYLINE",
        "sourceHandle": "EC8",
        "contextKind": "building_shadow",
        "sourceSceneVersionId": "scv-b67f98b3-a52e-4ff8-b837-45864ccd9201",
        "provenance": "topoexport_dxf_2d"
      },
      "geometry": {
        "type": "Polygon",
        "coordinates": [
          [
            [
              110.4364108859986,
              -6.960820568351348
            ],
            [
              110.43637249096345,
              -6.9608586803065435
            ],
            [
              110.436449330979,
              -6.960828300129654
            ],
            [
              110.43651319980601,
              -6.960985233565121
            ],
            [
              110.43652046110951,
              -6.960978025797956
            ],
            [
              110.43651307445525,
              -6.960964180142283
            ],
            [
              110.43652549640136,
              -6.9609571928330585
            ],
            [
              110.43652549640136,
              -6.960922878788165
            ],
            [
              110.43649814341829,
              -6.960934404861514
            ],
            [
              110.43646255594585,
              -6.960852516226774
            ],
            [
              110.43651421402173,
              -6.960830606942919
            ],
            [
              110.43652549640136,
              -6.960856526841916
            ],
            [
              110.43652549640136,
              -6.960830939225428
            ],
            [
              110.4365160766465,
              -6.960807989094125
            ],
            [
              110.43650095122265,
              -6.960814404078822
            ],
            [
              110.43649855118801,
              -6.960816786418432
            ],
            [
              110.43648772621265,
              -6.960790188097356
            ],
            [
              110.4364108859986,
              -6.960820568351348
            ]
          ]
        ]
      }
    },
    {
      "type": "Feature",
      "properties": {
        "sourceLayer": "TPX_BUILDINGS_SHADOWS_OUTLINES",
        "sourceEntityType": "LWPOLYLINE",
        "sourceHandle": "ECE",
        "contextKind": "building_shadow",
        "sourceSceneVersionId": "scv-b67f98b3-a52e-4ff8-b837-45864ccd9201",
        "provenance": "topoexport_dxf_2d"
      },
      "geometry": {
        "type": "Polygon",
        "coordinates": [
          [
            [
              110.43641063177905,
              -6.958940375453334
            ],
            [
              110.43638739480866,
              -6.958947345864225
            ],
            [
              110.43639120837508,
              -6.958959655647629
            ],
            [
              110.43641063177905,
              -6.958940375453334
            ]
          ]
        ]
      }
    },
    {
      "type": "Feature",
      "properties": {
        "sourceLayer": "TPX_BUILDINGS_SHADOWS_OUTLINES",
        "sourceEntityType": "LWPOLYLINE",
        "sourceHandle": "ED4",
        "contextKind": "building_shadow",
        "sourceSceneVersionId": "scv-b67f98b3-a52e-4ff8-b837-45864ccd9201",
        "provenance": "topoexport_dxf_2d"
      },
      "geometry": {
        "type": "Polygon",
        "coordinates": [
          [
            [
              110.43642732441104,
              -6.959964025656978
            ],
            [
              110.4363894249015,
              -6.959889795784319
            ],
            [
              110.4364223090386,
              -6.95996900405194
            ],
            [
              110.43642732441104,
              -6.959964025656978
            ]
          ]
        ]
      }
    },
    {
      "type": "Feature",
      "properties": {
        "sourceLayer": "TPX_BUILDINGS_SHADOWS_OUTLINES",
        "sourceEntityType": "LWPOLYLINE",
        "sourceHandle": "EE4",
        "contextKind": "building_shadow",
        "sourceSceneVersionId": "scv-b67f98b3-a52e-4ff8-b837-45864ccd9201",
        "provenance": "topoexport_dxf_2d"
      },
      "geometry": {
        "type": "Polygon",
        "coordinates": [
          [
            [
              110.43643493499361,
              -6.9589491454447465
            ],
            [
              110.43639653991531,
              -6.958987257438493
            ],
            [
              110.4364462103954,
              -6.958975182334189
            ],
            [
              110.43648398122278,
              -6.959127081787956
            ],
            [
              110.43652237634423,
              -6.95908896974709
            ],
            [
              110.4365222316523,
              -6.959088387857549
            ],
            [
              110.43649373930127,
              -6.959094596117146
            ],
            [
              110.43646981844685,
              -6.958987866224015
            ],
            [
              110.4365254963992,
              -6.958975734393566
            ],
            [
              110.4365254963992,
              -6.958945988334707
            ],
            [
              110.43650821373228,
              -6.958949754088914
            ],
            [
              110.43649180865877,
              -6.958966038214938
            ],
            [
              110.4364846056118,
              -6.958937070306175
            ],
            [
              110.43643493499361,
              -6.9589491454447465
            ]
          ]
        ]
      }
    },
    {
      "type": "Feature",
      "properties": {
        "sourceLayer": "TPX_BUILDINGS_SHADOWS_OUTLINES",
        "sourceEntityType": "LWPOLYLINE",
        "sourceHandle": "EEB",
        "contextKind": "building_shadow",
        "sourceSceneVersionId": "scv-b67f98b3-a52e-4ff8-b837-45864ccd9201",
        "provenance": "topoexport_dxf_2d"
      },
      "geometry": {
        "type": "Polygon",
        "coordinates": [
          [
            [
              110.43652221504705,
              -6.957988844921337
            ],
            [
              110.4365112363349,
              -6.957988844921337
            ],
            [
              110.4365254963992,
              -6.9580395511730595
            ],
            [
              110.4365254963992,
              -6.958000261671671
            ],
            [
              110.43652221504705,
              -6.957988844921337
            ]
          ]
        ]
      }
    },
    {
      "type": "Feature",
      "properties": {
        "sourceLayer": "TPX_BUILDINGS_SHADOWS_OUTLINES",
        "sourceEntityType": "LWPOLYLINE",
        "sourceHandle": "EF2",
        "contextKind": "building_shadow",
        "sourceSceneVersionId": "scv-b67f98b3-a52e-4ff8-b837-45864ccd9201",
        "provenance": "topoexport_dxf_2d"
      },
      "geometry": {
        "type": "Polygon",
        "coordinates": [
          [
            [
              110.43649630290511,
              -6.960189055533645
            ],
            [
              110.43645790787859,
              -6.960227167480274
            ],
            [
              110.43652549640136,
              -6.960199293902509
            ],
            [
              110.43652549640136,
              -6.960177016106458
            ],
            [
              110.43649630290511,
              -6.960189055533645
            ]
          ]
        ]
      }
    },
    {
      "type": "Feature",
      "properties": {
        "sourceLayer": "TPX_BUILDINGS_SHADOWS_OUTLINES",
        "sourceEntityType": "LWPOLYLINE",
        "sourceHandle": "EF9",
        "contextKind": "building_shadow",
        "sourceSceneVersionId": "scv-b67f98b3-a52e-4ff8-b837-45864ccd9201",
        "provenance": "topoexport_dxf_2d"
      },
      "geometry": {
        "type": "Polygon",
        "coordinates": [
          [
            [
              110.43648215057651,
              -6.960250503964472
            ],
            [
              110.4364664519474,
              -6.96026608685031
            ],
            [
              110.43652549640136,
              -6.960242393500703
            ],
            [
              110.43652549640136,
              -6.960232572098777
            ],
            [
              110.43648215057651,
              -6.960250503964472
            ]
          ]
        ]
      }
    },
    {
      "type": "Feature",
      "properties": {
        "sourceLayer": "TPX_BUILDINGS_SHADOWS_OUTLINES",
        "sourceEntityType": "LWPOLYLINE",
        "sourceHandle": "EFF",
        "contextKind": "building_shadow",
        "sourceSceneVersionId": "scv-b67f98b3-a52e-4ff8-b837-45864ccd9201",
        "provenance": "topoexport_dxf_2d"
      },
      "geometry": {
        "type": "Polygon",
        "coordinates": [
          [
            [
              110.43652549640136,
              -6.9602906976531145
            ],
            [
              110.43649860372675,
              -6.960317392052681
            ],
            [
              110.43652549640136,
              -6.960305178699012
            ],
            [
              110.43652549640136,
              -6.9602906976531145
            ]
          ]
        ]
      }
    },
    {
      "type": "Feature",
      "properties": {
        "sourceLayer": "TPX_BUILDINGS_SHADOWS_OUTLINES",
        "sourceEntityType": "LWPOLYLINE",
        "sourceHandle": "F05",
        "contextKind": "building_shadow",
        "sourceSceneVersionId": "scv-b67f98b3-a52e-4ff8-b837-45864ccd9201",
        "provenance": "topoexport_dxf_2d"
      },
      "geometry": {
        "type": "Polygon",
        "coordinates": [
          [
            [
              110.4365254963992,
              -6.95995750530292
            ],
            [
              110.4365013003108,
              -6.959981522997745
            ],
            [
              110.4365254963992,
              -6.959969379057894
            ],
            [
              110.4365254963992,
              -6.95995750530292
            ]
          ]
        ]
      }
    },
    {
      "type": "Feature",
      "properties": {
        "sourceLayer": "TPX_BUILDINGS",
        "sourceEntityType": "LWPOLYLINE",
        "sourceHandle": "F0B",
        "contextKind": "building",
        "sourceSceneVersionId": "scv-b67f98b3-a52e-4ff8-b837-45864ccd9201",
        "provenance": "topoexport_dxf_2d"
      },
      "geometry": {
        "type": "Polygon",
        "coordinates": [
          [
            [
              110.43346257461857,
              -6.961725376851333
            ],
            [
              110.43346257461857,
              -6.961781205722839
            ],
            [
              110.4334839686851,
              -6.96177158102695
            ],
            [
              110.43346257461857,
              -6.961725376851333
            ]
          ]
        ]
      }
    },
    {
      "type": "Feature",
      "properties": {
        "sourceLayer": "TPX_BUILDINGS",
        "sourceEntityType": "LWPOLYLINE",
        "sourceHandle": "F12",
        "contextKind": "building",
        "sourceSceneVersionId": "scv-b67f98b3-a52e-4ff8-b837-45864ccd9201",
        "provenance": "topoexport_dxf_2d"
      },
      "geometry": {
        "type": "Polygon",
        "coordinates": [
          [
            [
              110.43380306965946,
              -6.960359115008464
            ],
            [
              110.43376869230862,
              -6.960369285407043
            ],
            [
              110.43378485211788,
              -6.960422992880063
            ],
            [
              110.43381922946008,
              -6.960412822481484
            ],
            [
              110.43380306965946,
              -6.960359115008464
            ]
          ]
        ]
      }
    },
    {
      "type": "Feature",
      "properties": {
        "sourceLayer": "TPX_BUILDINGS",
        "sourceEntityType": "LWPOLYLINE",
        "sourceHandle": "F19",
        "contextKind": "building",
        "sourceSceneVersionId": "scv-b67f98b3-a52e-4ff8-b837-45864ccd9201",
        "provenance": "topoexport_dxf_2d"
      },
      "geometry": {
        "type": "Polygon",
        "coordinates": [
          [
            [
              110.43406545199804,
              -6.960327322542029
            ],
            [
              110.43400380099224,
              -6.9603525210556265
            ],
            [
              110.4340412969697,
              -6.960441656856995
            ],
            [
              110.43410294796686,
              -6.960416458343397
            ],
            [
              110.43406545199804,
              -6.960327322542029
            ]
          ]
        ]
      }
    },
    {
      "type": "Feature",
      "properties": {
        "sourceLayer": "TPX_BUILDINGS",
        "sourceEntityType": "LWPOLYLINE",
        "sourceHandle": "F20",
        "contextKind": "building",
        "sourceSceneVersionId": "scv-b67f98b3-a52e-4ff8-b837-45864ccd9201",
        "provenance": "topoexport_dxf_2d"
      },
      "geometry": {
        "type": "Polygon",
        "coordinates": [
          [
            [
              110.43426712369023,
              -6.960354492943475
            ],
            [
              110.43421186774376,
              -6.9603772011009095
            ],
            [
              110.43424505375319,
              -6.960457006897063
            ],
            [
              110.43430040966352,
              -6.960434298619692
            ],
            [
              110.43426712369023,
              -6.960354492943475
            ]
          ]
        ]
      }
    },
    {
      "type": "Feature",
      "properties": {
        "sourceLayer": "TPX_BUILDINGS",
        "sourceEntityType": "LWPOLYLINE",
        "sourceHandle": "F33",
        "contextKind": "building",
        "sourceSceneVersionId": "scv-b67f98b3-a52e-4ff8-b837-45864ccd9201",
        "provenance": "topoexport_dxf_2d"
      },
      "geometry": {
        "type": "Polygon",
        "coordinates": [
          [
            [
              110.43458534378094,
              -6.960368118488168
            ],
            [
              110.43458109464999,
              -6.960409337119692
            ],
            [
              110.4345931387659,
              -6.960449046796344
            ],
            [
              110.43461966939569,
              -6.960481191759037
            ],
            [
              110.43465668190017,
              -6.9605009105689835
            ],
            [
              110.43469847419635,
              -6.960505032074893
            ],
            [
              110.43473874772363,
              -6.960493166492802
            ],
            [
              110.4347714063735,
              -6.960467009314633
            ],
            [
              110.43479135647678,
              -6.960430538965163
            ],
            [
              110.43479560562932,
              -6.960389320342206
            ],
            [
              110.43478356152634,
              -6.96034961066127
            ],
            [
              110.43475693093269,
              -6.960317465805665
            ],
            [
              110.43471991841959,
              -6.960297746987151
            ],
            [
              110.43467812610614,
              -6.960293625476957
            ],
            [
              110.43463785256161,
              -6.960305491063332
            ],
            [
              110.4346052938756,
              -6.960331648130131
            ],
            [
              110.43458534378094,
              -6.960368118488168
            ]
          ]
        ]
      }
    },
    {
      "type": "Feature",
      "properties": {
        "sourceLayer": "TPX_BUILDINGS",
        "sourceEntityType": "LWPOLYLINE",
        "sourceHandle": "F3A",
        "contextKind": "building",
        "sourceSceneVersionId": "scv-b67f98b3-a52e-4ff8-b837-45864ccd9201",
        "provenance": "topoexport_dxf_2d"
      },
      "geometry": {
        "type": "Polygon",
        "coordinates": [
          [
            [
              110.43402899102742,
              -6.960433627351025
            ],
            [
              110.43388200820846,
              -6.960493983481225
            ],
            [
              110.43393043161505,
              -6.960608628948285
            ],
            [
              110.43407741427866,
              -6.9605481735184185
            ],
            [
              110.43402899102742,
              -6.960433627351025
            ]
          ]
        ]
      }
    },
    {
      "type": "Feature",
      "properties": {
        "sourceLayer": "TPX_BUILDINGS",
        "sourceEntityType": "LWPOLYLINE",
        "sourceHandle": "F4D",
        "contextKind": "building",
        "sourceSceneVersionId": "scv-b67f98b3-a52e-4ff8-b837-45864ccd9201",
        "provenance": "topoexport_dxf_2d"
      },
      "geometry": {
        "type": "Polygon",
        "coordinates": [
          [
            [
              110.43469710428793,
              -6.96069600656898
            ],
            [
              110.43468775790176,
              -6.960738224335409
            ],
            [
              110.43469550665694,
              -6.9607807197785245
            ],
            [
              110.43471914327998,
              -6.960817138499192
            ],
            [
              110.43475506194287,
              -6.960841724796199
            ],
            [
              110.43479796007718,
              -6.960851009109517
            ],
            [
              110.43484103773649,
              -6.9608433112264
            ],
            [
              110.43487789854963,
              -6.96082002906103
            ],
            [
              110.43490294828153,
              -6.960784545775614
            ],
            [
              110.43491229468496,
              -6.960742328017752
            ],
            [
              110.43490454594705,
              -6.960699832570353
            ],
            [
              110.43488090945347,
              -6.960663513153636
            ],
            [
              110.43484489070157,
              -6.960638827655482
            ],
            [
              110.43480209251386,
              -6.960629543217944
            ],
            [
              110.43475901483728,
              -6.96063724110106
            ],
            [
              110.43472215401552,
              -6.960660523270714
            ],
            [
              110.43469710428793,
              -6.96069600656898
            ]
          ]
        ]
      }
    },
    {
      "type": "Feature",
      "properties": {
        "sourceLayer": "TPX_BUILDINGS",
        "sourceEntityType": "LWPOLYLINE",
        "sourceHandle": "F54",
        "contextKind": "building",
        "sourceSceneVersionId": "scv-b67f98b3-a52e-4ff8-b837-45864ccd9201",
        "provenance": "topoexport_dxf_2d"
      },
      "geometry": {
        "type": "Polygon",
        "coordinates": [
          [
            [
              110.43497239685715,
              -6.960925682159737
            ],
            [
              110.43493152521673,
              -6.960938938772453
            ],
            [
              110.43494045520258,
              -6.960966139098301
            ],
            [
              110.43498142681119,
              -6.96095288236993
            ],
            [
              110.43497239685715,
              -6.960925682159737
            ]
          ]
        ]
      }
    },
    {
      "type": "Feature",
      "properties": {
        "sourceLayer": "TPX_BUILDINGS",
        "sourceEntityType": "LWPOLYLINE",
        "sourceHandle": "F5B",
        "contextKind": "building",
        "sourceSceneVersionId": "scv-b67f98b3-a52e-4ff8-b837-45864ccd9201",
        "provenance": "topoexport_dxf_2d"
      },
      "geometry": {
        "type": "Polygon",
        "coordinates": [
          [
            [
              110.43499581131573,
              -6.960943629523068
            ],
            [
              110.4349549365726,
              -6.96095430407885
            ],
            [
              110.43496287020375,
              -6.9609842862603415
            ],
            [
              110.43500374494258,
              -6.960973611704559
            ],
            [
              110.43499581131573,
              -6.960943629523068
            ]
          ]
        ]
      }
    },
    {
      "type": "Feature",
      "properties": {
        "sourceLayer": "TPX_BUILDINGS",
        "sourceEntityType": "LWPOLYLINE",
        "sourceHandle": "F64",
        "contextKind": "building",
        "sourceSceneVersionId": "scv-b67f98b3-a52e-4ff8-b837-45864ccd9201",
        "provenance": "topoexport_dxf_2d"
      },
      "geometry": {
        "type": "Polygon",
        "coordinates": [
          [
            [
              110.43379877292645,
              -6.961439909557909
            ],
            [
              110.43374411694441,
              -6.961462617072821
            ],
            [
              110.4337917367218,
              -6.961574085563055
            ],
            [
              110.43384759172217,
              -6.961550880076287
            ],
            [
              110.43389545313033,
              -6.961530961313425
            ],
            [
              110.43384783349535,
              -6.9614195921228585
            ],
            [
              110.43379877292645,
              -6.961439909557909
            ]
          ]
        ]
      }
    },
    {
      "type": "Feature",
      "properties": {
        "sourceLayer": "TPX_BUILDINGS",
        "sourceEntityType": "LWPOLYLINE",
        "sourceHandle": "F6B",
        "contextKind": "building",
        "sourceSceneVersionId": "scv-b67f98b3-a52e-4ff8-b837-45864ccd9201",
        "provenance": "topoexport_dxf_2d"
      },
      "geometry": {
        "type": "Polygon",
        "coordinates": [
          [
            [
              110.43358019354079,
              -6.9615676828848
            ],
            [
              110.43346279273294,
              -6.96162025789527
            ],
            [
              110.4334913598724,
              -6.961683186444571
            ],
            [
              110.43360876066731,
              -6.961630611442668
            ],
            [
              110.43358019354079,
              -6.9615676828848
            ]
          ]
        ]
      }
    },
    {
      "type": "Feature",
      "properties": {
        "sourceLayer": "TPX_BUILDINGS",
        "sourceEntityType": "LWPOLYLINE",
        "sourceHandle": "F72",
        "contextKind": "building",
        "sourceSceneVersionId": "scv-b67f98b3-a52e-4ff8-b837-45864ccd9201",
        "provenance": "topoexport_dxf_2d"
      },
      "geometry": {
        "type": "Polygon",
        "coordinates": [
          [
            [
              110.43464888741578,
              -6.961501168795926
            ],
            [
              110.43460951800373,
              -6.961516608476412
            ],
            [
              110.43462656450737,
              -6.961559589452153
            ],
            [
              110.4346660338876,
              -6.96154414965173
            ],
            [
              110.43464888741578,
              -6.961501168795926
            ]
          ]
        ]
      }
    },
    {
      "type": "Feature",
      "properties": {
        "sourceLayer": "TPX_BUILDINGS",
        "sourceEntityType": "LWPOLYLINE",
        "sourceHandle": "F79",
        "contextKind": "building",
        "sourceSceneVersionId": "scv-b67f98b3-a52e-4ff8-b837-45864ccd9201",
        "provenance": "topoexport_dxf_2d"
      },
      "geometry": {
        "type": "Polygon",
        "coordinates": [
          [
            [
              110.43498137123449,
              -6.961405735411521
            ],
            [
              110.43476486726954,
              -6.961513842358278
            ],
            [
              110.43482028010297,
              -6.961621726542581
            ],
            [
              110.43503678402044,
              -6.961513619617241
            ],
            [
              110.43498137123449,
              -6.961405735411521
            ]
          ]
        ]
      }
    },
    {
      "type": "Feature",
      "properties": {
        "sourceLayer": "TPX_BUILDINGS",
        "sourceEntityType": "LWPOLYLINE",
        "sourceHandle": "F80",
        "contextKind": "building",
        "sourceSceneVersionId": "scv-b67f98b3-a52e-4ff8-b837-45864ccd9201",
        "provenance": "topoexport_dxf_2d"
      },
      "geometry": {
        "type": "Polygon",
        "coordinates": [
          [
            [
              110.4344567604365,
              -6.961180724904757
            ],
            [
              110.43438842029681,
              -6.96121318092959
            ],
            [
              110.43452671876958,
              -6.961496248767682
            ],
            [
              110.43459505887475,
              -6.961463792759983
            ],
            [
              110.4344567604365,
              -6.961180724904757
            ]
          ]
        ]
      }
    },
    {
      "type": "Feature",
      "properties": {
        "sourceLayer": "TPX_BUILDINGS",
        "sourceEntityType": "LWPOLYLINE",
        "sourceHandle": "F87",
        "contextKind": "building",
        "sourceSceneVersionId": "scv-b67f98b3-a52e-4ff8-b837-45864ccd9201",
        "provenance": "topoexport_dxf_2d"
      },
      "geometry": {
        "type": "Polygon",
        "coordinates": [
          [
            [
              110.43397908799163,
              -6.960999852153609
            ],
            [
              110.43390415357258,
              -6.96103539467529
            ],
            [
              110.43416722292378,
              -6.961574732522964
            ],
            [
              110.43424205741779,
              -6.9615392894637225
            ],
            [
              110.43397908799163,
              -6.960999852153609
            ]
          ]
        ]
      }
    },
    {
      "type": "Feature",
      "properties": {
        "sourceLayer": "TPX_BUILDINGS",
        "sourceEntityType": "LWPOLYLINE",
        "sourceHandle": "F8E",
        "contextKind": "building",
        "sourceSceneVersionId": "scv-b67f98b3-a52e-4ff8-b837-45864ccd9201",
        "provenance": "topoexport_dxf_2d"
      },
      "geometry": {
        "type": "Polygon",
        "coordinates": [
          [
            [
              110.43352074457518,
              -6.961180146968869
            ],
            [
              110.43348606822168,
              -6.961191012914887
            ],
            [
              110.43350754329066,
              -6.961258716762159
            ],
            [
              110.43354231961233,
              -6.961247850696203
            ],
            [
              110.43352074457518,
              -6.961180146968869
            ]
          ]
        ]
      }
    },
    {
      "type": "Feature",
      "properties": {
        "sourceLayer": "TPX_BUILDINGS",
        "sourceEntityType": "LWPOLYLINE",
        "sourceHandle": "F96",
        "contextKind": "building",
        "sourceSceneVersionId": "scv-b67f98b3-a52e-4ff8-b837-45864ccd9201",
        "provenance": "topoexport_dxf_2d"
      },
      "geometry": {
        "type": "Polygon",
        "coordinates": [
          [
            [
              110.4334625746184,
              -6.961173238025938
            ],
            [
              110.4334625746184,
              -6.961212001164554
            ],
            [
              110.4334728364302,
              -6.961244258727124
            ],
            [
              110.43350081745733,
              -6.9612355855423935
            ],
            [
              110.43347934250487,
              -6.961167981007639
            ],
            [
              110.4334625746184,
              -6.961173238025938
            ]
          ]
        ]
      }
    },
    {
      "type": "Feature",
      "properties": {
        "sourceLayer": "TPX_BUILDINGS",
        "sourceEntityType": "LWPOLYLINE",
        "sourceHandle": "F9D",
        "contextKind": "building",
        "sourceSceneVersionId": "scv-b67f98b3-a52e-4ff8-b837-45864ccd9201",
        "provenance": "topoexport_dxf_2d"
      },
      "geometry": {
        "type": "Polygon",
        "coordinates": [
          [
            [
              110.43346257462018,
              -6.961072214411209
            ],
            [
              110.43346257462018,
              -6.961166355529222
            ],
            [
              110.43360635043094,
              -6.961123637327935
            ],
            [
              110.43358005434187,
              -6.961037268942595
            ],
            [
              110.43346257462018,
              -6.961072214411209
            ]
          ]
        ]
      }
    },
    {
      "type": "Feature",
      "properties": {
        "sourceLayer": "TPX_BUILDINGS",
        "sourceEntityType": "LWPOLYLINE",
        "sourceHandle": "FA4",
        "contextKind": "building",
        "sourceSceneVersionId": "scv-b67f98b3-a52e-4ff8-b837-45864ccd9201",
        "provenance": "topoexport_dxf_2d"
      },
      "geometry": {
        "type": "Polygon",
        "coordinates": [
          [
            [
              110.43435297222574,
              -6.960914995400316
            ],
            [
              110.43419956263865,
              -6.96120059386358
            ],
            [
              110.434339608138,
              -6.961273817816299
            ],
            [
              110.43449301766036,
              -6.960988120091919
            ],
            [
              110.43435297222574,
              -6.960914995400316
            ]
          ]
        ]
      }
    },
    {
      "type": "Feature",
      "properties": {
        "sourceLayer": "TPX_BUILDINGS",
        "sourceEntityType": "LWPOLYLINE",
        "sourceHandle": "FAB",
        "contextKind": "building",
        "sourceSceneVersionId": "scv-b67f98b3-a52e-4ff8-b837-45864ccd9201",
        "provenance": "topoexport_dxf_2d"
      },
      "geometry": {
        "type": "Polygon",
        "coordinates": [
          [
            [
              110.43479980635992,
              -6.961056280412678
            ],
            [
              110.43477353110943,
              -6.961070214920607
            ],
            [
              110.43481240592799,
              -6.9611422678337425
            ],
            [
              110.43483868117414,
              -6.961128333330097
            ],
            [
              110.43479980635992,
              -6.961056280412678
            ]
          ]
        ]
      }
    },
    {
      "type": "Feature",
      "properties": {
        "sourceLayer": "TPX_BUILDINGS",
        "sourceEntityType": "LWPOLYLINE",
        "sourceHandle": "FB2",
        "contextKind": "building",
        "sourceSceneVersionId": "scv-b67f98b3-a52e-4ff8-b837-45864ccd9201",
        "provenance": "topoexport_dxf_2d"
      },
      "geometry": {
        "type": "Polygon",
        "coordinates": [
          [
            [
              110.43536450798409,
              -6.96103416092982
            ],
            [
              110.43527088802946,
              -6.961077074269389
            ],
            [
              110.43529053285135,
              -6.961119357016233
            ],
            [
              110.43538415280166,
              -6.9610764436809465
            ],
            [
              110.43536450798409,
              -6.96103416092982
            ]
          ]
        ]
      }
    },
    {
      "type": "Feature",
      "properties": {
        "sourceLayer": "TPX_BUILDINGS",
        "sourceEntityType": "LWPOLYLINE",
        "sourceHandle": "FB9",
        "contextKind": "building",
        "sourceSceneVersionId": "scv-b67f98b3-a52e-4ff8-b837-45864ccd9201",
        "provenance": "topoexport_dxf_2d"
      },
      "geometry": {
        "type": "Polygon",
        "coordinates": [
          [
            [
              110.43527078734495,
              -6.961076478527069
            ],
            [
              110.43517047326793,
              -6.961122577727405
            ],
            [
              110.43519031839729,
              -6.96116515816336
            ],
            [
              110.43529063246568,
              -6.961119058971591
            ],
            [
              110.43527078734495,
              -6.961076478527069
            ]
          ]
        ]
      }
    },
    {
      "type": "Feature",
      "properties": {
        "sourceLayer": "TPX_BUILDINGS",
        "sourceEntityType": "LWPOLYLINE",
        "sourceHandle": "FC0",
        "contextKind": "building",
        "sourceSceneVersionId": "scv-b67f98b3-a52e-4ff8-b837-45864ccd9201",
        "provenance": "topoexport_dxf_2d"
      },
      "geometry": {
        "type": "Polygon",
        "coordinates": [
          [
            [
              110.4363669551694,
              -6.960994344247516
            ],
            [
              110.43633547265817,
              -6.96100093588299
            ],
            [
              110.43634240936068,
              -6.961033302695754
            ],
            [
              110.43637379190375,
              -6.961026711175935
            ],
            [
              110.4363669551694,
              -6.960994344247516
            ]
          ]
        ]
      }
    },
    {
      "type": "Feature",
      "properties": {
        "sourceLayer": "TPX_BUILDINGS",
        "sourceEntityType": "LWPOLYLINE",
        "sourceHandle": "FC7",
        "contextKind": "building",
        "sourceSceneVersionId": "scv-b67f98b3-a52e-4ff8-b837-45864ccd9201",
        "provenance": "topoexport_dxf_2d"
      },
      "geometry": {
        "type": "Polygon",
        "coordinates": [
          [
            [
              110.4362946325453,
              -6.9610405094434515
            ],
            [
              110.43620312188214,
              -6.96109176213034
            ],
            [
              110.43621544432182,
              -6.961113595733644
            ],
            [
              110.43630705495313,
              -6.961062342935386
            ],
            [
              110.4362946325453,
              -6.9610405094434515
            ]
          ]
        ]
      }
    },
    {
      "type": "Feature",
      "properties": {
        "sourceLayer": "TPX_BUILDINGS",
        "sourceEntityType": "LWPOLYLINE",
        "sourceHandle": "FCE",
        "contextKind": "building",
        "sourceSceneVersionId": "scv-b67f98b3-a52e-4ff8-b837-45864ccd9201",
        "provenance": "topoexport_dxf_2d"
      },
      "geometry": {
        "type": "Polygon",
        "coordinates": [
          [
            [
              110.43632291894014,
              -6.9611197252799855
            ],
            [
              110.4362900399598,
              -6.961128900625817
            ],
            [
              110.43629837266535,
              -6.9611582864952855
            ],
            [
              110.43633125164136,
              -6.961149111149454
            ],
            [
              110.43632291894014,
              -6.9611197252799855
            ]
          ]
        ]
      }
    },
    {
      "type": "Feature",
      "properties": {
        "sourceLayer": "TPX_BUILDINGS",
        "sourceEntityType": "LWPOLYLINE",
        "sourceHandle": "FD5",
        "contextKind": "building",
        "sourceSceneVersionId": "scv-b67f98b3-a52e-4ff8-b837-45864ccd9201",
        "provenance": "topoexport_dxf_2d"
      },
      "geometry": {
        "type": "Polygon",
        "coordinates": [
          [
            [
              110.43575359297851,
              -6.961036977901446
            ],
            [
              110.43570008735551,
              -6.961185310782894
            ],
            [
              110.43583150268724,
              -6.961231433773686
            ],
            [
              110.43588500834477,
              -6.961083100909372
            ],
            [
              110.43575359297851,
              -6.961036977901446
            ]
          ]
        ]
      }
    },
    {
      "type": "Feature",
      "properties": {
        "sourceLayer": "TPX_BUILDINGS",
        "sourceEntityType": "LWPOLYLINE",
        "sourceHandle": "FDC",
        "contextKind": "building",
        "sourceSceneVersionId": "scv-b67f98b3-a52e-4ff8-b837-45864ccd9201",
        "provenance": "topoexport_dxf_2d"
      },
      "geometry": {
        "type": "Polygon",
        "coordinates": [
          [
            [
              110.43617060922311,
              -6.961239672900389
            ],
            [
              110.43611575461655,
              -6.9612635720884155
            ],
            [
              110.43612848538693,
              -6.961292456207997
            ],
            [
              110.43618334010999,
              -6.961268656332488
            ],
            [
              110.43617060922311,
              -6.961239672900389
            ]
          ]
        ]
      }
    },
    {
      "type": "Feature",
      "properties": {
        "sourceLayer": "TPX_BUILDINGS",
        "sourceEntityType": "LWPOLYLINE",
        "sourceHandle": "FE3",
        "contextKind": "building",
        "sourceSceneVersionId": "scv-b67f98b3-a52e-4ff8-b837-45864ccd9201",
        "provenance": "topoexport_dxf_2d"
      },
      "geometry": {
        "type": "Polygon",
        "coordinates": [
          [
            [
              110.43612690556517,
              -6.961225523237469
            ],
            [
              110.43607295306724,
              -6.961251407557868
            ],
            [
              110.43608738439275,
              -6.961281183455459
            ],
            [
              110.43614133701152,
              -6.961255398447578
            ],
            [
              110.43612690556517,
              -6.961225523237469
            ]
          ]
        ]
      }
    },
    {
      "type": "Feature",
      "properties": {
        "sourceLayer": "TPX_BUILDINGS",
        "sourceEntityType": "LWPOLYLINE",
        "sourceHandle": "FEE",
        "contextKind": "building",
        "sourceSceneVersionId": "scv-b67f98b3-a52e-4ff8-b837-45864ccd9201",
        "provenance": "topoexport_dxf_2d"
      },
      "geometry": {
        "type": "Polygon",
        "coordinates": [
          [
            [
              110.43546308043727,
              -6.961119450768791
            ],
            [
              110.43521420047445,
              -6.9612395129808915
            ],
            [
              110.43528254517973,
              -6.961377274174365
            ],
            [
              110.43555150724647,
              -6.9612474558705815
            ],
            [
              110.43557495671506,
              -6.961294600308935
            ],
            [
              110.43569055453986,
              -6.961238850065014
            ],
            [
              110.4355749100408,
              -6.961005906623371
            ],
            [
              110.43543922987905,
              -6.9610713137107085
            ],
            [
              110.43546308043727,
              -6.961119450768791
            ]
          ]
        ]
      }
    },
    {
      "type": "Feature",
      "properties": {
        "sourceLayer": "TPX_BUILDINGS",
        "sourceEntityType": "LWPOLYLINE",
        "sourceHandle": "FF5",
        "contextKind": "building",
        "sourceSceneVersionId": "scv-b67f98b3-a52e-4ff8-b837-45864ccd9201",
        "provenance": "topoexport_dxf_2d"
      },
      "geometry": {
        "type": "Polygon",
        "coordinates": [
          [
            [
              110.43519973687914,
              -6.961182923483012
            ],
            [
              110.43514208936463,
              -6.961211990198842
            ],
            [
              110.43515872330426,
              -6.9612444448358275
            ],
            [
              110.43521637081012,
              -6.961215378115714
            ],
            [
              110.43519973687914,
              -6.961182923483012
            ]
          ]
        ]
      }
    },
    {
      "type": "Feature",
      "properties": {
        "sourceLayer": "TPX_BUILDINGS",
        "sourceEntityType": "LWPOLYLINE",
        "sourceHandle": "FFC",
        "contextKind": "building",
        "sourceSceneVersionId": "scv-b67f98b3-a52e-4ff8-b837-45864ccd9201",
        "provenance": "topoexport_dxf_2d"
      },
      "geometry": {
        "type": "Polygon",
        "coordinates": [
          [
            [
              110.43527477072695,
              -6.961146884501544
            ],
            [
              110.43523000733121,
              -6.961166004977664
            ],
            [
              110.43524684895748,
              -6.961204914508544
            ],
            [
              110.43529171231707,
              -6.96118579391677
            ],
            [
              110.43527477072695,
              -6.961146884501544
            ]
          ]
        ]
      }
    },
    {
      "type": "Feature",
      "properties": {
        "sourceLayer": "TPX_BUILDINGS",
        "sourceEntityType": "LWPOLYLINE",
        "sourceHandle": "1003",
        "contextKind": "building",
        "sourceSceneVersionId": "scv-b67f98b3-a52e-4ff8-b837-45864ccd9201",
        "provenance": "topoexport_dxf_2d"
      },
      "geometry": {
        "type": "Polygon",
        "coordinates": [
          [
            [
              110.43511589869398,
              -6.961213113614679
            ],
            [
              110.43506284393325,
              -6.9612373087227395
            ],
            [
              110.43508218778904,
              -6.961278698033866
            ],
            [
              110.43513524266628,
              -6.9612546022383235
            ],
            [
              110.43511589869398,
              -6.961213113614679
            ]
          ]
        ]
      }
    },
    {
      "type": "Feature",
      "properties": {
        "sourceLayer": "TPX_BUILDINGS",
        "sourceEntityType": "LWPOLYLINE",
        "sourceHandle": "100A",
        "contextKind": "building",
        "sourceSceneVersionId": "scv-b67f98b3-a52e-4ff8-b837-45864ccd9201",
        "provenance": "topoexport_dxf_2d"
      },
      "geometry": {
        "type": "Polygon",
        "coordinates": [
          [
            [
              110.43520558974292,
              -6.961228400469112
            ],
            [
              110.43515303769277,
              -6.961254978409384
            ],
            [
              110.43520624576307,
              -6.961358396297502
            ],
            [
              110.43525879768376,
              -6.9613317190532795
            ],
            [
              110.43520558974292,
              -6.961228400469112
            ]
          ]
        ]
      }
    },
    {
      "type": "Feature",
      "properties": {
        "sourceLayer": "TPX_BUILDINGS",
        "sourceEntityType": "LWPOLYLINE",
        "sourceHandle": "1011",
        "contextKind": "building",
        "sourceSceneVersionId": "scv-b67f98b3-a52e-4ff8-b837-45864ccd9201",
        "provenance": "topoexport_dxf_2d"
      },
      "geometry": {
        "type": "Polygon",
        "coordinates": [
          [
            [
              110.43525879768376,
              -6.9613317190532795
            ],
            [
              110.43520624576307,
              -6.961358396297502
            ],
            [
              110.43523851129797,
              -6.961421121938285
            ],
            [
              110.43529106333517,
              -6.96139454400658
            ],
            [
              110.43525879768376,
              -6.9613317190532795
            ]
          ]
        ]
      }
    },
    {
      "type": "Feature",
      "properties": {
        "sourceLayer": "TPX_BUILDINGS",
        "sourceEntityType": "LWPOLYLINE",
        "sourceHandle": "1018",
        "contextKind": "building",
        "sourceSceneVersionId": "scv-b67f98b3-a52e-4ff8-b837-45864ccd9201",
        "provenance": "topoexport_dxf_2d"
      },
      "geometry": {
        "type": "Polygon",
        "coordinates": [
          [
            [
              110.43549003592103,
              -6.96133899297025
            ],
            [
              110.43542669290437,
              -6.961370350517675
            ],
            [
              110.43545525167217,
              -6.961426526107022
            ],
            [
              110.4355185946845,
              -6.961395168559597
            ],
            [
              110.43549003592103,
              -6.96133899297025
            ]
          ]
        ]
      }
    },
    {
      "type": "Feature",
      "properties": {
        "sourceLayer": "TPX_BUILDINGS",
        "sourceEntityType": "LWPOLYLINE",
        "sourceHandle": "101F",
        "contextKind": "building",
        "sourceSceneVersionId": "scv-b67f98b3-a52e-4ff8-b837-45864ccd9201",
        "provenance": "topoexport_dxf_2d"
      },
      "geometry": {
        "type": "Polygon",
        "coordinates": [
          [
            [
              110.43520846716166,
              -6.961376765994973
            ],
            [
              110.4350366242595,
              -6.9614638655663175
            ],
            [
              110.43506027144637,
              -6.961509122865503
            ],
            [
              110.43523211421477,
              -6.9614219239902075
            ],
            [
              110.43520846716166,
              -6.961376765994973
            ]
          ]
        ]
      }
    },
    {
      "type": "Feature",
      "properties": {
        "sourceLayer": "TPX_BUILDINGS",
        "sourceEntityType": "LWPOLYLINE",
        "sourceHandle": "1026",
        "contextKind": "building",
        "sourceSceneVersionId": "scv-b67f98b3-a52e-4ff8-b837-45864ccd9201",
        "provenance": "topoexport_dxf_2d"
      },
      "geometry": {
        "type": "Polygon",
        "coordinates": [
          [
            [
              110.43510386503402,
              -6.961598052888421
            ],
            [
              110.43503230274804,
              -6.96161124652111
            ],
            [
              110.43504658873866,
              -6.961686407172877
            ],
            [
              110.4351180510435,
              -6.961673213655843
            ],
            [
              110.43510386503402,
              -6.961598052888421
            ]
          ]
        ]
      }
    },
    {
      "type": "Feature",
      "properties": {
        "sourceLayer": "TPX_BUILDINGS",
        "sourceEntityType": "LWPOLYLINE",
        "sourceHandle": "102D",
        "contextKind": "building",
        "sourceSceneVersionId": "scv-b67f98b3-a52e-4ff8-b837-45864ccd9201",
        "provenance": "topoexport_dxf_2d"
      },
      "geometry": {
        "type": "Polygon",
        "coordinates": [
          [
            [
              110.43530367103327,
              -6.961570605465662
            ],
            [
              110.43513642964493,
              -6.961660082994616
            ],
            [
              110.43516979233127,
              -6.961720721826025
            ],
            [
              110.43533703370234,
              -6.9616312443056385
            ],
            [
              110.43530367103327,
              -6.961570605465662
            ]
          ]
        ]
      }
    },
    {
      "type": "Feature",
      "properties": {
        "sourceLayer": "TPX_BUILDINGS",
        "sourceEntityType": "LWPOLYLINE",
        "sourceHandle": "1034",
        "contextKind": "building",
        "sourceSceneVersionId": "scv-b67f98b3-a52e-4ff8-b837-45864ccd9201",
        "provenance": "topoexport_dxf_2d"
      },
      "geometry": {
        "type": "Polygon",
        "coordinates": [
          [
            [
              110.43541806423848,
              -6.961510784864884
            ],
            [
              110.43536471221418,
              -6.961537165109635
            ],
            [
              110.43539647739898,
              -6.961599494112883
            ],
            [
              110.43544982941033,
              -6.961573113868132
            ],
            [
              110.43541806423848,
              -6.961510784864884
            ]
          ]
        ]
      }
    },
    {
      "type": "Feature",
      "properties": {
        "sourceLayer": "TPX_BUILDINGS",
        "sourceEntityType": "LWPOLYLINE",
        "sourceHandle": "103B",
        "contextKind": "building",
        "sourceSceneVersionId": "scv-b67f98b3-a52e-4ff8-b837-45864ccd9201",
        "provenance": "topoexport_dxf_2d"
      },
      "geometry": {
        "type": "Polygon",
        "coordinates": [
          [
            [
              110.43636266961734,
              -6.961338855140666
            ],
            [
              110.43630981749867,
              -6.961365333995444
            ],
            [
              110.43632885644847,
              -6.961402652003064
            ],
            [
              110.43638170856283,
              -6.9613761731482855
            ],
            [
              110.43636266961734,
              -6.961338855140666
            ]
          ]
        ]
      }
    },
    {
      "type": "Feature",
      "properties": {
        "sourceLayer": "TPX_BUILDINGS",
        "sourceEntityType": "LWPOLYLINE",
        "sourceHandle": "1042",
        "contextKind": "building",
        "sourceSceneVersionId": "scv-b67f98b3-a52e-4ff8-b837-45864ccd9201",
        "provenance": "topoexport_dxf_2d"
      },
      "geometry": {
        "type": "Polygon",
        "coordinates": [
          [
            [
              110.43652549639931,
              -6.960736581920106
            ],
            [
              110.43650781291032,
              -6.960744612269921
            ],
            [
              110.43652034111199,
              -6.960771311818231
            ],
            [
              110.43652549639931,
              -6.960768977804859
            ],
            [
              110.43652549639931,
              -6.960736581920106
            ]
          ]
        ]
      }
    },
    {
      "type": "Feature",
      "properties": {
        "sourceLayer": "TPX_BUILDINGS",
        "sourceEntityType": "LWPOLYLINE",
        "sourceHandle": "1049",
        "contextKind": "building",
        "sourceSceneVersionId": "scv-b67f98b3-a52e-4ff8-b837-45864ccd9201",
        "provenance": "topoexport_dxf_2d"
      },
      "geometry": {
        "type": "Polygon",
        "coordinates": [
          [
            [
              110.43652549640011,
              -6.960779223472775
            ],
            [
              110.43650726331914,
              -6.960786521668518
            ],
            [
              110.4365198963696,
              -6.960817292798763
            ],
            [
              110.43652549640011,
              -6.960815051261472
            ],
            [
              110.43652549640011,
              -6.960779223472775
            ]
          ]
        ]
      }
    },
    {
      "type": "Feature",
      "properties": {
        "sourceLayer": "TPX_BUILDINGS",
        "sourceEntityType": "LWPOLYLINE",
        "sourceHandle": "104F",
        "contextKind": "building",
        "sourceSceneVersionId": "scv-b67f98b3-a52e-4ff8-b837-45864ccd9201",
        "provenance": "topoexport_dxf_2d"
      },
      "geometry": {
        "type": "Polygon",
        "coordinates": [
          [
            [
              110.43652549640174,
              -6.960815051261472
            ],
            [
              110.43651989636692,
              -6.960817292798763
            ],
            [
              110.43652549640174,
              -6.96083093698945
            ],
            [
              110.43652549640174,
              -6.960815051261472
            ]
          ]
        ]
      }
    },
    {
      "type": "Feature",
      "properties": {
        "sourceLayer": "TPX_BUILDINGS",
        "sourceEntityType": "LWPOLYLINE",
        "sourceHandle": "1057",
        "contextKind": "building",
        "sourceSceneVersionId": "scv-b67f98b3-a52e-4ff8-b837-45864ccd9201",
        "provenance": "topoexport_dxf_2d"
      },
      "geometry": {
        "type": "Polygon",
        "coordinates": [
          [
            [
              110.43651421405781,
              -6.960830607024305
            ],
            [
              110.4364625560294,
              -6.960852516192506
            ],
            [
              110.43649814338532,
              -6.960934404780128
            ],
            [
              110.4365254963986,
              -6.960922878693928
            ],
            [
              110.4365254963986,
              -6.9608565269018845
            ],
            [
              110.43651421405781,
              -6.960830607024305
            ]
          ]
        ]
      }
    },
    {
      "type": "Feature",
      "properties": {
        "sourceLayer": "TPX_BUILDINGS",
        "sourceEntityType": "LWPOLYLINE",
        "sourceHandle": "105D",
        "contextKind": "building",
        "sourceSceneVersionId": "scv-b67f98b3-a52e-4ff8-b837-45864ccd9201",
        "provenance": "topoexport_dxf_2d"
      },
      "geometry": {
        "type": "Polygon",
        "coordinates": [
          [
            [
              110.43652549640183,
              -6.96095719285876
            ],
            [
              110.43651307453771,
              -6.960964180099448
            ],
            [
              110.43652549640183,
              -6.960987463836855
            ],
            [
              110.43652549640183,
              -6.96095719285876
            ]
          ]
        ]
      }
    },
    {
      "type": "Feature",
      "properties": {
        "sourceLayer": "TPX_BUILDINGS",
        "sourceEntityType": "LWPOLYLINE",
        "sourceHandle": "1064",
        "contextKind": "building",
        "sourceSceneVersionId": "scv-b67f98b3-a52e-4ff8-b837-45864ccd9201",
        "provenance": "topoexport_dxf_2d"
      },
      "geometry": {
        "type": "Polygon",
        "coordinates": [
          [
            [
              110.43644933101679,
              -6.96082830021104
            ],
            [
              110.43637249080274,
              -6.9608586804693156
            ],
            [
              110.43643635955208,
              -6.961015613883366
            ],
            [
              110.43651319974023,
              -6.96098523363794
            ],
            [
              110.43644933101679,
              -6.96082830021104
            ]
          ]
        ]
      }
    },
    {
      "type": "Feature",
      "properties": {
        "sourceLayer": "TPX_BUILDINGS",
        "sourceEntityType": "LWPOLYLINE",
        "sourceHandle": "106B",
        "contextKind": "building",
        "sourceSceneVersionId": "scv-b67f98b3-a52e-4ff8-b837-45864ccd9201",
        "provenance": "topoexport_dxf_2d"
      },
      "geometry": {
        "type": "Polygon",
        "coordinates": [
          [
            [
              110.43621661363795,
              -6.960671466940504
            ],
            [
              110.43598523066993,
              -6.96079379216727
            ],
            [
              110.43612147370612,
              -6.961030882365947
            ],
            [
              110.43633246281588,
              -6.9609085812894484
            ],
            [
              110.43621661363795,
              -6.960671466940504
            ]
          ]
        ]
      }
    },
    {
      "type": "Feature",
      "properties": {
        "sourceLayer": "TPX_BUILDINGS",
        "sourceEntityType": "LWPOLYLINE",
        "sourceHandle": "1072",
        "contextKind": "building",
        "sourceSceneVersionId": "scv-b67f98b3-a52e-4ff8-b837-45864ccd9201",
        "provenance": "topoexport_dxf_2d"
      },
      "geometry": {
        "type": "Polygon",
        "coordinates": [
          [
            [
              110.43587111270301,
              -6.96083325376181
            ],
            [
              110.43586785874868,
              -6.960870796733594
            ],
            [
              110.43591854851496,
              -6.960875106442829
            ],
            [
              110.43592180234847,
              -6.960837464162811
            ],
            [
              110.43587111270301,
              -6.96083325376181
            ]
          ]
        ]
      }
    },
    {
      "type": "Feature",
      "properties": {
        "sourceLayer": "TPX_BUILDINGS",
        "sourceEntityType": "LWPOLYLINE",
        "sourceHandle": "1079",
        "contextKind": "building",
        "sourceSceneVersionId": "scv-b67f98b3-a52e-4ff8-b837-45864ccd9201",
        "provenance": "topoexport_dxf_2d"
      },
      "geometry": {
        "type": "Polygon",
        "coordinates": [
          [
            [
              110.43583456331625,
              -6.960866168534659
            ],
            [
              110.43579368485764,
              -6.960873764415231
            ],
            [
              110.4358003245555,
              -6.960908515011139
            ],
            [
              110.43584110303729,
              -6.960900919246222
            ],
            [
              110.43583456331625,
              -6.960866168534659
            ]
          ]
        ]
      }
    },
    {
      "type": "Feature",
      "properties": {
        "sourceLayer": "TPX_BUILDINGS",
        "sourceEntityType": "LWPOLYLINE",
        "sourceHandle": "1080",
        "contextKind": "building",
        "sourceSceneVersionId": "scv-b67f98b3-a52e-4ff8-b837-45864ccd9201",
        "provenance": "topoexport_dxf_2d"
      },
      "geometry": {
        "type": "Polygon",
        "coordinates": [
          [
            [
              110.43578997313656,
              -6.9609463643032505
            ],
            [
              110.43578471217623,
              -6.960977553813982
            ],
            [
              110.43582780758868,
              -6.960984653170515
            ],
            [
              110.43583296858083,
              -6.9609534637754376
            ],
            [
              110.43578997313656,
              -6.9609463643032505
            ]
          ]
        ]
      }
    },
    {
      "type": "Feature",
      "properties": {
        "sourceLayer": "TPX_BUILDINGS",
        "sourceEntityType": "LWPOLYLINE",
        "sourceHandle": "1087",
        "contextKind": "building",
        "sourceSceneVersionId": "scv-b67f98b3-a52e-4ff8-b837-45864ccd9201",
        "provenance": "topoexport_dxf_2d"
      },
      "geometry": {
        "type": "Polygon",
        "coordinates": [
          [
            [
              110.43551207204773,
              -6.9608750905725305
            ],
            [
              110.43540126755173,
              -6.9609265648567655
            ],
            [
              110.43545027604361,
              -6.961029292573214
            ],
            [
              110.43556108051372,
              -6.960977818293262
            ],
            [
              110.43551207204773,
              -6.9608750905725305
            ]
          ]
        ]
      }
    },
    {
      "type": "Feature",
      "properties": {
        "sourceLayer": "TPX_BUILDINGS",
        "sourceEntityType": "LWPOLYLINE",
        "sourceHandle": "108E",
        "contextKind": "building",
        "sourceSceneVersionId": "scv-b67f98b3-a52e-4ff8-b837-45864ccd9201",
        "provenance": "topoexport_dxf_2d"
      },
      "geometry": {
        "type": "Polygon",
        "coordinates": [
          [
            [
              110.43580810867023,
              -6.96064732090829
            ],
            [
              110.43557299006572,
              -6.960738964015557
            ],
            [
              110.4356007649468,
              -6.96080834874808
            ],
            [
              110.43583588340026,
              -6.960716606345429
            ],
            [
              110.43580810867023,
              -6.96064732090829
            ]
          ]
        ]
      }
    },
    {
      "type": "Feature",
      "properties": {
        "sourceLayer": "TPX_BUILDINGS",
        "sourceEntityType": "LWPOLYLINE",
        "sourceHandle": "1095",
        "contextKind": "building",
        "sourceSceneVersionId": "scv-b67f98b3-a52e-4ff8-b837-45864ccd9201",
        "provenance": "topoexport_dxf_2d"
      },
      "geometry": {
        "type": "Polygon",
        "coordinates": [
          [
            [
              110.43582632887004,
              -6.960752071254708
            ],
            [
              110.43575619318686,
              -6.960787905725636
            ],
            [
              110.43578925867435,
              -6.96085082907479
            ],
            [
              110.43585929449722,
              -6.960815094032034
            ],
            [
              110.43582632887004,
              -6.960752071254708
            ]
          ]
        ]
      }
    },
    {
      "type": "Feature",
      "properties": {
        "sourceLayer": "TPX_BUILDINGS",
        "sourceEntityType": "LWPOLYLINE",
        "sourceHandle": "109C",
        "contextKind": "building",
        "sourceSceneVersionId": "scv-b67f98b3-a52e-4ff8-b837-45864ccd9201",
        "provenance": "topoexport_dxf_2d"
      },
      "geometry": {
        "type": "Polygon",
        "coordinates": [
          [
            [
              110.43648522516015,
              -6.960749107882252
            ],
            [
              110.4363869073311,
              -6.960792721708115
            ],
            [
              110.43639873491834,
              -6.960818726916928
            ],
            [
              110.43649705274308,
              -6.96077511309535
            ],
            [
              110.43648522516015,
              -6.960749107882252
            ]
          ]
        ]
      }
    },
    {
      "type": "Feature",
      "properties": {
        "sourceLayer": "TPX_BUILDINGS",
        "sourceEntityType": "LWPOLYLINE",
        "sourceHandle": "10A3",
        "contextKind": "building",
        "sourceSceneVersionId": "scv-b67f98b3-a52e-4ff8-b837-45864ccd9201",
        "provenance": "topoexport_dxf_2d"
      },
      "geometry": {
        "type": "Polygon",
        "coordinates": [
          [
            [
              110.43641621526471,
              -6.96072336882756
            ],
            [
              110.43636615328789,
              -6.960742396133675
            ],
            [
              110.43638179638776,
              -6.960782300211851
            ],
            [
              110.43643185836027,
              -6.960763272905737
            ],
            [
              110.43641621526471,
              -6.96072336882756
            ]
          ]
        ]
      }
    },
    {
      "type": "Feature",
      "properties": {
        "sourceLayer": "TPX_BUILDINGS",
        "sourceEntityType": "LWPOLYLINE",
        "sourceHandle": "10AA",
        "contextKind": "building",
        "sourceSceneVersionId": "scv-b67f98b3-a52e-4ff8-b837-45864ccd9201",
        "provenance": "topoexport_dxf_2d"
      },
      "geometry": {
        "type": "Polygon",
        "coordinates": [
          [
            [
              110.43632872767137,
              -6.9607115549813585
            ],
            [
              110.43628184912399,
              -6.96071756894652
            ],
            [
              110.43629163546335,
              -6.960792039765013
            ],
            [
              110.43633851400642,
              -6.960786025799852
            ],
            [
              110.43632872767137,
              -6.9607115549813585
            ]
          ]
        ]
      }
    },
    {
      "type": "Feature",
      "properties": {
        "sourceLayer": "TPX_BUILDINGS",
        "sourceEntityType": "LWPOLYLINE",
        "sourceHandle": "10B1",
        "contextKind": "building",
        "sourceSceneVersionId": "scv-b67f98b3-a52e-4ff8-b837-45864ccd9201",
        "provenance": "topoexport_dxf_2d"
      },
      "geometry": {
        "type": "Polygon",
        "coordinates": [
          [
            [
              110.43637644547506,
              -6.9606550906296745
            ],
            [
              110.43634486772952,
              -6.960665654770155
            ],
            [
              110.43636533329509,
              -6.9607255144277165
            ],
            [
              110.43639691103631,
              -6.9607149502915195
            ],
            [
              110.43637644547506,
              -6.9606550906296745
            ]
          ]
        ]
      }
    },
    {
      "type": "Feature",
      "properties": {
        "sourceLayer": "TPX_BUILDINGS",
        "sourceEntityType": "LWPOLYLINE",
        "sourceHandle": "10B9",
        "contextKind": "building",
        "sourceSceneVersionId": "scv-b67f98b3-a52e-4ff8-b837-45864ccd9201",
        "provenance": "topoexport_dxf_2d"
      },
      "geometry": {
        "type": "Polygon",
        "coordinates": [
          [
            [
              110.43651753493793,
              -6.96068203559149
            ],
            [
              110.43642481192651,
              -6.960722762813451
            ],
            [
              110.43643954660449,
              -6.9607554183500016
            ],
            [
              110.43652549639845,
              -6.960717666164416
            ],
            [
              110.43652549639845,
              -6.960699680078412
            ],
            [
              110.43651753493793,
              -6.96068203559149
            ]
          ]
        ]
      }
    },
    {
      "type": "Feature",
      "properties": {
        "sourceLayer": "TPX_BUILDINGS",
        "sourceEntityType": "LWPOLYLINE",
        "sourceHandle": "10C0",
        "contextKind": "building",
        "sourceSceneVersionId": "scv-b67f98b3-a52e-4ff8-b837-45864ccd9201",
        "provenance": "topoexport_dxf_2d"
      },
      "geometry": {
        "type": "Polygon",
        "coordinates": [
          [
            [
              110.43641920933027,
              -6.960635774012937
            ],
            [
              110.43638123698713,
              -6.960649225691117
            ],
            [
              110.43640751589699,
              -6.96072169083366
            ],
            [
              110.4364454882358,
              -6.9607082391597634
            ],
            [
              110.43641920933027,
              -6.960635774012937
            ]
          ]
        ]
      }
    },
    {
      "type": "Feature",
      "properties": {
        "sourceLayer": "TPX_BUILDINGS",
        "sourceEntityType": "LWPOLYLINE",
        "sourceHandle": "10C7",
        "contextKind": "building",
        "sourceSceneVersionId": "scv-b67f98b3-a52e-4ff8-b837-45864ccd9201",
        "provenance": "topoexport_dxf_2d"
      },
      "geometry": {
        "type": "Polygon",
        "coordinates": [
          [
            [
              110.43630613285607,
              -6.960626771068668
            ],
            [
              110.43626195193056,
              -6.960631490822736
            ],
            [
              110.43627044307657,
              -6.96070963763508
            ],
            [
              110.43631462399776,
              -6.960704917881013
            ],
            [
              110.43630613285607,
              -6.960626771068668
            ]
          ]
        ]
      }
    },
    {
      "type": "Feature",
      "properties": {
        "sourceLayer": "TPX_BUILDINGS",
        "sourceEntityType": "LWPOLYLINE",
        "sourceHandle": "10CE",
        "contextKind": "building",
        "sourceSceneVersionId": "scv-b67f98b3-a52e-4ff8-b837-45864ccd9201",
        "provenance": "topoexport_dxf_2d"
      },
      "geometry": {
        "type": "Polygon",
        "coordinates": [
          [
            [
              110.43639599340126,
              -6.960533214371735
            ],
            [
              110.43632883768556,
              -6.960553155661427
            ],
            [
              110.43635402908868,
              -6.960635751687432
            ],
            [
              110.43642128476392,
              -6.96061581028637
            ],
            [
              110.43639599340126,
              -6.960533214371735
            ]
          ]
        ]
      }
    },
    {
      "type": "Feature",
      "properties": {
        "sourceLayer": "TPX_BUILDINGS",
        "sourceEntityType": "LWPOLYLINE",
        "sourceHandle": "10D5",
        "contextKind": "building",
        "sourceSceneVersionId": "scv-b67f98b3-a52e-4ff8-b837-45864ccd9201",
        "provenance": "topoexport_dxf_2d"
      },
      "geometry": {
        "type": "Polygon",
        "coordinates": [
          [
            [
              110.43648476146849,
              -6.960529037835939
            ],
            [
              110.43642440200964,
              -6.960547580748834
            ],
            [
              110.43644306692673,
              -6.960606449435806
            ],
            [
              110.43650342626044,
              -6.96058780721896
            ],
            [
              110.43648476146849,
              -6.960529037835939
            ]
          ]
        ]
      }
    },
    {
      "type": "Feature",
      "properties": {
        "sourceLayer": "TPX_BUILDINGS",
        "sourceEntityType": "LWPOLYLINE",
        "sourceHandle": "10E8",
        "contextKind": "building",
        "sourceSceneVersionId": "scv-b67f98b3-a52e-4ff8-b837-45864ccd9201",
        "provenance": "topoexport_dxf_2d"
      },
      "geometry": {
        "type": "Polygon",
        "coordinates": [
          [
            [
              110.43504767268527,
              -6.960591812591121
            ],
            [
              110.4350394249695,
              -6.960633234568077
            ],
            [
              110.43504797202019,
              -6.960674537348594
            ],
            [
              110.43507190686049,
              -6.960709565394165
            ],
            [
              110.43510752404806,
              -6.960732861048218
            ],
            [
              110.43514952102312,
              -6.960740954742158
            ],
            [
              110.43519149819961,
              -6.960732563024994
            ],
            [
              110.43522695910437,
              -6.9607089846183285
            ],
            [
              110.43525060965287,
              -6.960673800936742
            ],
            [
              110.43525885738158,
              -6.960632378968352
            ],
            [
              110.43525031022733,
              -6.960590976871034
            ],
            [
              110.43522637552081,
              -6.960556048129414
            ],
            [
              110.43519075832461,
              -6.9605327524667935
            ],
            [
              110.43514876133227,
              -6.960524658768571
            ],
            [
              110.43510678413854,
              -6.960533050485735
            ],
            [
              110.43507132322515,
              -6.960556628900966
            ],
            [
              110.43504767268527,
              -6.960591812591121
            ]
          ]
        ]
      }
    },
    {
      "type": "Feature",
      "properties": {
        "sourceLayer": "TPX_BUILDINGS",
        "sourceEntityType": "LWPOLYLINE",
        "sourceHandle": "10FB",
        "contextKind": "building",
        "sourceSceneVersionId": "scv-b67f98b3-a52e-4ff8-b837-45864ccd9201",
        "provenance": "topoexport_dxf_2d"
      },
      "geometry": {
        "type": "Polygon",
        "coordinates": [
          [
            [
              110.43536341316725,
              -6.960455483699617
            ],
            [
              110.43535793285172,
              -6.960470485972391
            ],
            [
              110.43535875180886,
              -6.960486473891387
            ],
            [
              110.43536566699962,
              -6.960500865635263
            ],
            [
              110.43537767622637,
              -6.960511576891914
            ],
            [
              110.43539297800778,
              -6.960516921520259
            ],
            [
              110.43540907215117,
              -6.960516107997174
            ],
            [
              110.43542375956801,
              -6.9605093375520495
            ],
            [
              110.43543454208948,
              -6.960497506923168
            ],
            [
              110.43544002240932,
              -6.960482504650393
            ],
            [
              110.43543920345218,
              -6.960466516731397
            ],
            [
              110.43543228826573,
              -6.960452124987522
            ],
            [
              110.43542027903898,
              -6.960441413730869
            ],
            [
              110.43540507722575,
              -6.960436068982587
            ],
            [
              110.43538888310555,
              -6.960436882621327
            ],
            [
              110.4353742956612,
              -6.960443652950797
            ],
            [
              110.43536341316725,
              -6.960455483699617
            ]
          ]
        ]
      }
    },
    {
      "type": "Feature",
      "properties": {
        "sourceLayer": "TPX_BUILDINGS",
        "sourceEntityType": "LWPOLYLINE",
        "sourceHandle": "110E",
        "contextKind": "building",
        "sourceSceneVersionId": "scv-b67f98b3-a52e-4ff8-b837-45864ccd9201",
        "provenance": "topoexport_dxf_2d"
      },
      "geometry": {
        "type": "Polygon",
        "coordinates": [
          [
            [
              110.43556728217436,
              -6.960397841429077
            ],
            [
              110.43556650280576,
              -6.960414824336569
            ],
            [
              110.43557242008399,
              -6.960430706911905
            ],
            [
              110.43558403157408,
              -6.960443206217946
            ],
            [
              110.43559963552988,
              -6.960450437381488
            ],
            [
              110.43561683112705,
              -6.960451112214011
            ],
            [
              110.4356330192835,
              -6.960445333099289
            ],
            [
              110.43564570159309,
              -6.9604337981591335
            ],
            [
              110.43565288092319,
              -6.9604183966401845
            ],
            [
              110.43565366041695,
              -6.960401513045211
            ],
            [
              110.4356477430222,
              -6.960385531157356
            ],
            [
              110.4356361315321,
              -6.960373031847031
            ],
            [
              110.43562052769713,
              -6.960365899991724
            ],
            [
              110.43560333209565,
              -6.960365225159201
            ],
            [
              110.43558714393488,
              -6.960371004278207
            ],
            [
              110.43557446150879,
              -6.960382439910128
            ],
            [
              110.43556728217436,
              -6.960397841429077
            ]
          ]
        ]
      }
    },
    {
      "type": "Feature",
      "properties": {
        "sourceLayer": "TPX_BUILDINGS",
        "sourceEntityType": "LWPOLYLINE",
        "sourceHandle": "1115",
        "contextKind": "building",
        "sourceSceneVersionId": "scv-b67f98b3-a52e-4ff8-b837-45864ccd9201",
        "provenance": "topoexport_dxf_2d"
      },
      "geometry": {
        "type": "Polygon",
        "coordinates": [
          [
            [
              110.43637139360816,
              -6.9604437652636815
            ],
            [
              110.43630223587064,
              -6.960461524102426
            ],
            [
              110.43632322510616,
              -6.960541245107064
            ],
            [
              110.43639238283507,
              -6.960523486272604
            ],
            [
              110.43637139360816,
              -6.9604437652636815
            ]
          ]
        ]
      }
    },
    {
      "type": "Feature",
      "properties": {
        "sourceLayer": "TPX_BUILDINGS",
        "sourceEntityType": "LWPOLYLINE",
        "sourceHandle": "111C",
        "contextKind": "building",
        "sourceSceneVersionId": "scv-b67f98b3-a52e-4ff8-b837-45864ccd9201",
        "provenance": "topoexport_dxf_2d"
      },
      "geometry": {
        "type": "Polygon",
        "coordinates": [
          [
            [
              110.43646045386419,
              -6.96043313324287
            ],
            [
              110.43639739497534,
              -6.960451480721923
            ],
            [
              110.43642128331399,
              -6.960531198308343
            ],
            [
              110.43648434218989,
              -6.96051285082929
            ],
            [
              110.43646045386419,
              -6.96043313324287
            ]
          ]
        ]
      }
    },
    {
      "type": "Feature",
      "properties": {
        "sourceLayer": "TPX_BUILDINGS",
        "sourceEntityType": "LWPOLYLINE",
        "sourceHandle": "1123",
        "contextKind": "building",
        "sourceSceneVersionId": "scv-b67f98b3-a52e-4ff8-b837-45864ccd9201",
        "provenance": "topoexport_dxf_2d"
      },
      "geometry": {
        "type": "Polygon",
        "coordinates": [
          [
            [
              110.43634024197665,
              -6.96030943584993
            ],
            [
              110.43629137185046,
              -6.96032200661301
            ],
            [
              110.4363119590729,
              -6.960399940519191
            ],
            [
              110.43636082918614,
              -6.960387369756111
            ],
            [
              110.43634024197665,
              -6.96030943584993
            ]
          ]
        ]
      }
    },
    {
      "type": "Feature",
      "properties": {
        "sourceLayer": "TPX_BUILDINGS",
        "sourceEntityType": "LWPOLYLINE",
        "sourceHandle": "1129",
        "contextKind": "building",
        "sourceSceneVersionId": "scv-b67f98b3-a52e-4ff8-b837-45864ccd9201",
        "provenance": "topoexport_dxf_2d"
      },
      "geometry": {
        "type": "Polygon",
        "coordinates": [
          [
            [
              110.43652549640254,
              -6.960383365651862
            ],
            [
              110.43651967915721,
              -6.960385791824338
            ],
            [
              110.43652549640254,
              -6.960399347428345
            ],
            [
              110.43652549640254,
              -6.960383365651862
            ]
          ]
        ]
      }
    },
    {
      "type": "Feature",
      "properties": {
        "sourceLayer": "TPX_BUILDINGS",
        "sourceEntityType": "LWPOLYLINE",
        "sourceHandle": "1131",
        "contextKind": "building",
        "sourceSceneVersionId": "scv-b67f98b3-a52e-4ff8-b837-45864ccd9201",
        "provenance": "topoexport_dxf_2d"
      },
      "geometry": {
        "type": "Polygon",
        "coordinates": [
          [
            [
              110.43651898579975,
              -6.960391155372821
            ],
            [
              110.43647161914907,
              -6.96040700156855
            ],
            [
              110.43649890644036,
              -6.960486715145631
            ],
            [
              110.43652549640117,
              -6.9604777826689155
            ],
            [
              110.43652549640117,
              -6.960410081631608
            ],
            [
              110.43651898579975,
              -6.960391155372821
            ]
          ]
        ]
      }
    },
    {
      "type": "Feature",
      "properties": {
        "sourceLayer": "TPX_BUILDINGS",
        "sourceEntityType": "LWPOLYLINE",
        "sourceHandle": "1138",
        "contextKind": "building",
        "sourceSceneVersionId": "scv-b67f98b3-a52e-4ff8-b837-45864ccd9201",
        "provenance": "topoexport_dxf_2d"
      },
      "geometry": {
        "type": "Polygon",
        "coordinates": [
          [
            [
              110.4365254964025,
              -6.960483062839431
            ],
            [
              110.43648412320799,
              -6.9604969615160375
            ],
            [
              110.43649204829485,
              -6.960519892727203
            ],
            [
              110.4365254964025,
              -6.960508702885733
            ],
            [
              110.4365254964025,
              -6.960483062839431
            ]
          ]
        ]
      }
    },
    {
      "type": "Feature",
      "properties": {
        "sourceLayer": "TPX_BUILDINGS",
        "sourceEntityType": "LWPOLYLINE",
        "sourceHandle": "113F",
        "contextKind": "building",
        "sourceSceneVersionId": "scv-b67f98b3-a52e-4ff8-b837-45864ccd9201",
        "provenance": "topoexport_dxf_2d"
      },
      "geometry": {
        "type": "Polygon",
        "coordinates": [
          [
            [
              110.43652549639881,
              -6.960517216386558
            ],
            [
              110.43648756359244,
              -6.960531517273508
            ],
            [
              110.43650932458009,
              -6.960587899562254
            ],
            [
              110.43652549639881,
              -6.960581802694592
            ],
            [
              110.43652549639881,
              -6.960517216386558
            ]
          ]
        ]
      }
    },
    {
      "type": "Feature",
      "properties": {
        "sourceLayer": "TPX_BUILDINGS",
        "sourceEntityType": "LWPOLYLINE",
        "sourceHandle": "1146",
        "contextKind": "building",
        "sourceSceneVersionId": "scv-b67f98b3-a52e-4ff8-b837-45864ccd9201",
        "provenance": "topoexport_dxf_2d"
      },
      "geometry": {
        "type": "Polygon",
        "coordinates": [
          [
            [
              110.43652549640015,
              -6.960624153677295
            ],
            [
              110.4364731027732,
              -6.9606439530852295
            ],
            [
              110.43648884619078,
              -6.9606841549767395
            ],
            [
              110.43652549640015,
              -6.960670278604221
            ],
            [
              110.43652549640015,
              -6.960624153677295
            ]
          ]
        ]
      }
    },
    {
      "type": "Feature",
      "properties": {
        "sourceLayer": "TPX_BUILDINGS",
        "sourceEntityType": "LWPOLYLINE",
        "sourceHandle": "114D",
        "contextKind": "building",
        "sourceSceneVersionId": "scv-b67f98b3-a52e-4ff8-b837-45864ccd9201",
        "provenance": "topoexport_dxf_2d"
      },
      "geometry": {
        "type": "Polygon",
        "coordinates": [
          [
            [
              110.43652549639981,
              -6.960122992229795
            ],
            [
              110.43647100705299,
              -6.96014651259957
            ],
            [
              110.4364885491038,
              -6.960186017200264
            ],
            [
              110.43652549639981,
              -6.960170110530344
            ],
            [
              110.43652549639981,
              -6.960122992229795
            ]
          ]
        ]
      }
    },
    {
      "type": "Feature",
      "properties": {
        "sourceLayer": "TPX_BUILDINGS",
        "sourceEntityType": "LWPOLYLINE",
        "sourceHandle": "1154",
        "contextKind": "building",
        "sourceSceneVersionId": "scv-b67f98b3-a52e-4ff8-b837-45864ccd9201",
        "provenance": "topoexport_dxf_2d"
      },
      "geometry": {
        "type": "Polygon",
        "coordinates": [
          [
            [
              110.43652549639947,
              -6.960242393603506
            ],
            [
              110.43646645178153,
              -6.9602660870173665
            ],
            [
              110.43648219270919,
              -6.960304203405965
            ],
            [
              110.43652549639947,
              -6.96028682650813
            ],
            [
              110.43652549639947,
              -6.960242393603506
            ]
          ]
        ]
      }
    },
    {
      "type": "Feature",
      "properties": {
        "sourceLayer": "TPX_BUILDINGS",
        "sourceEntityType": "LWPOLYLINE",
        "sourceHandle": "115B",
        "contextKind": "building",
        "sourceSceneVersionId": "scv-b67f98b3-a52e-4ff8-b837-45864ccd9201",
        "provenance": "topoexport_dxf_2d"
      },
      "geometry": {
        "type": "Polygon",
        "coordinates": [
          [
            [
              110.43652549640089,
              -6.960305178801816
            ],
            [
              110.43649860354937,
              -6.96031739223687
            ],
            [
              110.43652065350658,
              -6.960364637679716
            ],
            [
              110.43652549640089,
              -6.960362438270466
            ],
            [
              110.43652549640089,
              -6.960305178801816
            ]
          ]
        ]
      }
    },
    {
      "type": "Feature",
      "properties": {
        "sourceLayer": "TPX_BUILDINGS",
        "sourceEntityType": "LWPOLYLINE",
        "sourceHandle": "1162",
        "contextKind": "building",
        "sourceSceneVersionId": "scv-b67f98b3-a52e-4ff8-b837-45864ccd9201",
        "provenance": "topoexport_dxf_2d"
      },
      "geometry": {
        "type": "Polygon",
        "coordinates": [
          [
            [
              110.43640158972924,
              -6.9602813580186345
            ],
            [
              110.43634962149568,
              -6.960294726914251
            ],
            [
              110.43637231759533,
              -6.9603806031190025
            ],
            [
              110.43642438578844,
              -6.960367234107731
            ],
            [
              110.43640158972924,
              -6.9602813580186345
            ]
          ]
        ]
      }
    },
    {
      "type": "Feature",
      "properties": {
        "sourceLayer": "TPX_BUILDINGS",
        "sourceEntityType": "LWPOLYLINE",
        "sourceHandle": "1169",
        "contextKind": "building",
        "sourceSceneVersionId": "scv-b67f98b3-a52e-4ff8-b837-45864ccd9201",
        "provenance": "topoexport_dxf_2d"
      },
      "geometry": {
        "type": "Polygon",
        "coordinates": [
          [
            [
              110.4363768277241,
              -6.960223390323439
            ],
            [
              110.43627349094524,
              -6.960250028103948
            ],
            [
              110.43628313160016,
              -6.960286364114872
            ],
            [
              110.43638646849124,
              -6.9602598256425985
            ],
            [
              110.4363768277241,
              -6.960223390323439
            ]
          ]
        ]
      }
    },
    {
      "type": "Feature",
      "properties": {
        "sourceLayer": "TPX_BUILDINGS",
        "sourceEntityType": "LWPOLYLINE",
        "sourceHandle": "1170",
        "contextKind": "building",
        "sourceSceneVersionId": "scv-b67f98b3-a52e-4ff8-b837-45864ccd9201",
        "provenance": "topoexport_dxf_2d"
      },
      "geometry": {
        "type": "Polygon",
        "coordinates": [
          [
            [
              110.43652549640194,
              -6.960199294001029
            ],
            [
              110.43645790771087,
              -6.960227167651613
            ],
            [
              110.43646993809985,
              -6.960255556056733
            ],
            [
              110.43652549640194,
              -6.960232572098777
            ],
            [
              110.43652549640194,
              -6.960199294001029
            ]
          ]
        ]
      }
    },
    {
      "type": "Feature",
      "properties": {
        "sourceLayer": "TPX_BUILDINGS",
        "sourceEntityType": "LWPOLYLINE",
        "sourceHandle": "1177",
        "contextKind": "building",
        "sourceSceneVersionId": "scv-b67f98b3-a52e-4ff8-b837-45864ccd9201",
        "provenance": "topoexport_dxf_2d"
      },
      "geometry": {
        "type": "Polygon",
        "coordinates": [
          [
            [
              110.43642907183032,
              -6.960189960517628
            ],
            [
              110.43637871214545,
              -6.960210875057146
            ],
            [
              110.43639364963809,
              -6.9602459137857196
            ],
            [
              110.43644400931865,
              -6.960224999250485
            ],
            [
              110.43642907183032,
              -6.960189960517628
            ]
          ]
        ]
      }
    },
    {
      "type": "Feature",
      "properties": {
        "sourceLayer": "TPX_BUILDINGS",
        "sourceEntityType": "LWPOLYLINE",
        "sourceHandle": "117E",
        "contextKind": "building",
        "sourceSceneVersionId": "scv-b67f98b3-a52e-4ff8-b837-45864ccd9201",
        "provenance": "topoexport_dxf_2d"
      },
      "geometry": {
        "type": "Polygon",
        "coordinates": [
          [
            [
              110.43635727353642,
              -6.960173261947637
            ],
            [
              110.43630431535637,
              -6.960194775424952
            ],
            [
              110.43631674730102,
              -6.960224553691308
            ],
            [
              110.43636970536024,
              -6.9602029409057575
            ],
            [
              110.43635727353642,
              -6.960173261947637
            ]
          ]
        ]
      }
    },
    {
      "type": "Feature",
      "properties": {
        "sourceLayer": "TPX_BUILDINGS",
        "sourceEntityType": "LWPOLYLINE",
        "sourceHandle": "1185",
        "contextKind": "building",
        "sourceSceneVersionId": "scv-b67f98b3-a52e-4ff8-b837-45864ccd9201",
        "provenance": "topoexport_dxf_2d"
      },
      "geometry": {
        "type": "Polygon",
        "coordinates": [
          [
            [
              110.4362099713164,
              -6.960217628826677
            ],
            [
              110.43618328395502,
              -6.9602214341302675
            ],
            [
              110.43618973511752,
              -6.960265718693644
            ],
            [
              110.43621632262725,
              -6.960262012818226
            ],
            [
              110.4362099713164,
              -6.960217628826677
            ]
          ]
        ]
      }
    },
    {
      "type": "Feature",
      "properties": {
        "sourceLayer": "TPX_BUILDINGS",
        "sourceEntityType": "LWPOLYLINE",
        "sourceHandle": "1198",
        "contextKind": "building",
        "sourceSceneVersionId": "scv-b67f98b3-a52e-4ff8-b837-45864ccd9201",
        "provenance": "topoexport_dxf_2d"
      },
      "geometry": {
        "type": "Polygon",
        "coordinates": [
          [
            [
              110.4349197209105,
              -6.960266922917359
            ],
            [
              110.43491887274311,
              -6.960309825779532
            ],
            [
              110.43493471603826,
              -6.9603498288918
            ],
            [
              110.43496484412005,
              -6.960380777897897
            ],
            [
              110.43500475275007,
              -6.96039801055806
            ],
            [
              110.43504834068037,
              -6.9603989520544385
            ],
            [
              110.43508890959838,
              -6.960383312378203
            ],
            [
              110.4351202642603,
              -6.960353482307422
            ],
            [
              110.43513781166209,
              -6.9603141348333954
            ],
            [
              110.43513865985105,
              -6.960271231971222
            ],
            [
              110.43512281657317,
              -6.960231228850387
            ],
            [
              110.43509258852319,
              -6.960200279955662
            ],
            [
              110.43505267988022,
              -6.9601830472869315
            ],
            [
              110.43500919189653,
              -6.960182105670616
            ],
            [
              110.43496862296558,
              -6.960197745351135
            ],
            [
              110.43493716833547,
              -6.96022757555042
            ],
            [
              110.4349197209105,
              -6.960266922917359
            ]
          ]
        ]
      }
    },
    {
      "type": "Feature",
      "properties": {
        "sourceLayer": "TPX_BUILDINGS",
        "sourceEntityType": "LWPOLYLINE",
        "sourceHandle": "11AB",
        "contextKind": "building",
        "sourceSceneVersionId": "scv-b67f98b3-a52e-4ff8-b837-45864ccd9201",
        "provenance": "topoexport_dxf_2d"
      },
      "geometry": {
        "type": "Polygon",
        "coordinates": [
          [
            [
              110.4352695531483,
              -6.960132142568662
            ],
            [
              110.43525870595347,
              -6.960173368996123
            ],
            [
              110.43526465485421,
              -6.960215568643425
            ],
            [
              110.4352864923607,
              -6.960252287447671
            ],
            [
              110.43532091279548,
              -6.960277967968588
            ],
            [
              110.4353627129714,
              -6.960288643976471
            ],
            [
              110.43540549304349,
              -6.960282833386727
            ],
            [
              110.43544265586272,
              -6.9602612391872025
            ],
            [
              110.43546870715357,
              -6.960227244398751
            ],
            [
              110.43547965445036,
              -6.9601861171681545
            ],
            [
              110.43547370557121,
              -6.960143917520852
            ],
            [
              110.43545176810517,
              -6.960107198827976
            ],
            [
              110.43541734766607,
              -6.960081518294208
            ],
            [
              110.43537554735637,
              -6.960070742973808
            ],
            [
              110.43533286735172,
              -6.960076652751849
            ],
            [
              110.43529560455137,
              -6.9600982470841615
            ],
            [
              110.4352695531483,
              -6.960132142568662
            ]
          ]
        ]
      }
    },
    {
      "type": "Feature",
      "properties": {
        "sourceLayer": "TPX_BUILDINGS",
        "sourceEntityType": "LWPOLYLINE",
        "sourceHandle": "11BE",
        "contextKind": "building",
        "sourceSceneVersionId": "scv-b67f98b3-a52e-4ff8-b837-45864ccd9201",
        "provenance": "topoexport_dxf_2d"
      },
      "geometry": {
        "type": "Polygon",
        "coordinates": [
          [
            [
              110.43566008918737,
              -6.960010621882521
            ],
            [
              110.43563856129916,
              -6.960065267754962
            ],
            [
              110.43563993122484,
              -6.960123858945154
            ],
            [
              110.43566388844859,
              -6.960177557242957
            ],
            [
              110.4357068241605,
              -6.96021812419846
            ],
            [
              110.43576223282966,
              -6.960239310991777
            ],
            [
              110.43582171331421,
              -6.960238048949629
            ],
            [
              110.43587616839326,
              -6.960214348832121
            ],
            [
              110.43591720514993,
              -6.960171994332679
            ],
            [
              110.43593873306405,
              -6.960117348473088
            ],
            [
              110.43593746314536,
              -6.960058757167242
            ],
            [
              110.43591350594752,
              -6.960005058860872
            ],
            [
              110.43587057035643,
              -6.959964591196471
            ],
            [
              110.43581506157669,
              -6.959943305197722
            ],
            [
              110.43575568102148,
              -6.95994456711565
            ],
            [
              110.43570122591653,
              -6.959968267246008
            ],
            [
              110.43566008918737,
              -6.960010621882521
            ]
          ]
        ]
      }
    },
    {
      "type": "Feature",
      "properties": {
        "sourceLayer": "TPX_BUILDINGS",
        "sourceEntityType": "LWPOLYLINE",
        "sourceHandle": "11C5",
        "contextKind": "building",
        "sourceSceneVersionId": "scv-b67f98b3-a52e-4ff8-b837-45864ccd9201",
        "provenance": "topoexport_dxf_2d"
      },
      "geometry": {
        "type": "Polygon",
        "coordinates": [
          [
            [
              110.43631377624463,
              -6.9600811537956355
            ],
            [
              110.43625141853121,
              -6.9601006921853426
            ],
            [
              110.43627570154696,
              -6.960176039665438
            ],
            [
              110.43633805925175,
              -6.960156501280014
            ],
            [
              110.43631377624463,
              -6.9600811537956355
            ]
          ]
        ]
      }
    },
    {
      "type": "Feature",
      "properties": {
        "sourceLayer": "TPX_BUILDINGS",
        "sourceEntityType": "LWPOLYLINE",
        "sourceHandle": "11CC",
        "contextKind": "building",
        "sourceSceneVersionId": "scv-b67f98b3-a52e-4ff8-b837-45864ccd9201",
        "provenance": "topoexport_dxf_2d"
      },
      "geometry": {
        "type": "Polygon",
        "coordinates": [
          [
            [
              110.43644195861596,
              -6.96009877886982
            ],
            [
              110.43641577966565,
              -6.960109733869418
            ],
            [
              110.43644294760877,
              -6.960173260080039
            ],
            [
              110.43646922652293,
              -6.960162304964786
            ],
            [
              110.43644195861596,
              -6.96009877886982
            ]
          ]
        ]
      }
    },
    {
      "type": "Feature",
      "properties": {
        "sourceLayer": "TPX_BUILDINGS",
        "sourceEntityType": "LWPOLYLINE",
        "sourceHandle": "11D3",
        "contextKind": "building",
        "sourceSceneVersionId": "scv-b67f98b3-a52e-4ff8-b837-45864ccd9201",
        "provenance": "topoexport_dxf_2d"
      },
      "geometry": {
        "type": "Polygon",
        "coordinates": [
          [
            [
              110.43639067955264,
              -6.960103308373057
            ],
            [
              110.43634311722481,
              -6.960122729965075
            ],
            [
              110.43636387045673,
              -6.960172360369022
            ],
            [
              110.43641153286926,
              -6.960153037969585
            ],
            [
              110.43639067955264,
              -6.960103308373057
            ]
          ]
        ]
      }
    },
    {
      "type": "Feature",
      "properties": {
        "sourceLayer": "TPX_BUILDINGS",
        "sourceEntityType": "LWPOLYLINE",
        "sourceHandle": "11DB",
        "contextKind": "building",
        "sourceSceneVersionId": "scv-b67f98b3-a52e-4ff8-b837-45864ccd9201",
        "provenance": "topoexport_dxf_2d"
      },
      "geometry": {
        "type": "Polygon",
        "coordinates": [
          [
            [
              110.43652322071156,
              -6.960087659525888
            ],
            [
              110.43646896410168,
              -6.960110167610469
            ],
            [
              110.43647888894483,
              -6.960133394394707
            ],
            [
              110.43652549640092,
              -6.960114094980431
            ],
            [
              110.43652549640092,
              -6.960092932110358
            ],
            [
              110.43652322071156,
              -6.960087659525888
            ]
          ]
        ]
      }
    },
    {
      "type": "Feature",
      "properties": {
        "sourceLayer": "TPX_BUILDINGS",
        "sourceEntityType": "LWPOLYLINE",
        "sourceHandle": "11E2",
        "contextKind": "building",
        "sourceSceneVersionId": "scv-b67f98b3-a52e-4ff8-b837-45864ccd9201",
        "provenance": "topoexport_dxf_2d"
      },
      "geometry": {
        "type": "Polygon",
        "coordinates": [
          [
            [
              110.43651028809255,
              -6.9600571866758765
            ],
            [
              110.43645603159916,
              -6.960079794072976
            ],
            [
              110.43646896410107,
              -6.960110167610469
            ],
            [
              110.43652322071095,
              -6.960087659525888
            ],
            [
              110.43651028809255,
              -6.9600571866758765
            ]
          ]
        ]
      }
    },
    {
      "type": "Feature",
      "properties": {
        "sourceLayer": "TPX_BUILDINGS",
        "sourceEntityType": "LWPOLYLINE",
        "sourceHandle": "11E9",
        "contextKind": "building",
        "sourceSceneVersionId": "scv-b67f98b3-a52e-4ff8-b837-45864ccd9201",
        "provenance": "topoexport_dxf_2d"
      },
      "geometry": {
        "type": "Polygon",
        "coordinates": [
          [
            [
              110.43636961939089,
              -6.960047819048844
            ],
            [
              110.43632265651827,
              -6.960066942000817
            ],
            [
              110.43633789547327,
              -6.960103271402328
            ],
            [
              110.4363848584624,
              -6.960084247758591
            ],
            [
              110.43636961939089,
              -6.960047819048844
            ]
          ]
        ]
      }
    },
    {
      "type": "Feature",
      "properties": {
        "sourceLayer": "TPX_BUILDINGS",
        "sourceEntityType": "LWPOLYLINE",
        "sourceHandle": "11F0",
        "contextKind": "building",
        "sourceSceneVersionId": "scv-b67f98b3-a52e-4ff8-b837-45864ccd9201",
        "provenance": "topoexport_dxf_2d"
      },
      "geometry": {
        "type": "Polygon",
        "coordinates": [
          [
            [
              110.43649444862076,
              -6.960020262123164
            ],
            [
              110.43644019200224,
              -6.960042770212029
            ],
            [
              110.43645603159916,
              -6.960079794072976
            ],
            [
              110.43651028809255,
              -6.9600571866758765
            ],
            [
              110.43649444862076,
              -6.960020262123164
            ]
          ]
        ]
      }
    },
    {
      "type": "Feature",
      "properties": {
        "sourceLayer": "TPX_BUILDINGS",
        "sourceEntityType": "LWPOLYLINE",
        "sourceHandle": "11F7",
        "contextKind": "building",
        "sourceSceneVersionId": "scv-b67f98b3-a52e-4ff8-b837-45864ccd9201",
        "provenance": "topoexport_dxf_2d"
      },
      "geometry": {
        "type": "Polygon",
        "coordinates": [
          [
            [
              110.43631646001009,
              -6.959901499133832
            ],
            [
              110.43620662548939,
              -6.959928442532177
            ],
            [
              110.4362406770137,
              -6.960063364372834
            ],
            [
              110.43637319520599,
              -6.960028548715125
            ],
            [
              110.43631646001009,
              -6.959901499133832
            ]
          ]
        ]
      }
    },
    {
      "type": "Feature",
      "properties": {
        "sourceLayer": "TPX_BUILDINGS",
        "sourceEntityType": "LWPOLYLINE",
        "sourceHandle": "11FE",
        "contextKind": "building",
        "sourceSceneVersionId": "scv-b67f98b3-a52e-4ff8-b837-45864ccd9201",
        "provenance": "topoexport_dxf_2d"
      },
      "geometry": {
        "type": "Polygon",
        "coordinates": [
          [
            [
              110.43638942393919,
              -6.959889793711113
            ],
            [
              110.43635225307625,
              -6.95990473408758
            ],
            [
              110.43638513823608,
              -6.959984043805178
            ],
            [
              110.43642230897387,
              -6.95996900412476
            ],
            [
              110.43638942393919,
              -6.959889793711113
            ]
          ]
        ]
      }
    },
    {
      "type": "Feature",
      "properties": {
        "sourceLayer": "TPX_BUILDINGS",
        "sourceEntityType": "LWPOLYLINE",
        "sourceHandle": "1205",
        "contextKind": "building",
        "sourceSceneVersionId": "scv-b67f98b3-a52e-4ff8-b837-45864ccd9201",
        "provenance": "topoexport_dxf_2d"
      },
      "geometry": {
        "type": "Polygon",
        "coordinates": [
          [
            [
              110.43642818574872,
              -6.95986770115422
            ],
            [
              110.43638942393919,
              -6.959889793711113
            ],
            [
              110.43642940574803,
              -6.959968101955025
            ],
            [
              110.43646547646043,
              -6.959952765647798
            ],
            [
              110.43642818574872,
              -6.95986770115422
            ]
          ]
        ]
      }
    },
    {
      "type": "Feature",
      "properties": {
        "sourceLayer": "TPX_BUILDINGS",
        "sourceEntityType": "LWPOLYLINE",
        "sourceHandle": "120C",
        "contextKind": "building",
        "sourceSceneVersionId": "scv-b67f98b3-a52e-4ff8-b837-45864ccd9201",
        "provenance": "topoexport_dxf_2d"
      },
      "geometry": {
        "type": "Polygon",
        "coordinates": [
          [
            [
              110.43627310908889,
              -6.959848121647374
            ],
            [
              110.43622893796773,
              -6.959861084104851
            ],
            [
              110.43624359212225,
              -6.959909927234887
            ],
            [
              110.43628786332378,
              -6.959897063969991
            ],
            [
              110.43627310908889,
              -6.959848121647374
            ]
          ]
        ]
      }
    },
    {
      "type": "Feature",
      "properties": {
        "sourceLayer": "TPX_BUILDINGS",
        "sourceEntityType": "LWPOLYLINE",
        "sourceHandle": "1213",
        "contextKind": "building",
        "sourceSceneVersionId": "scv-b67f98b3-a52e-4ff8-b837-45864ccd9201",
        "provenance": "topoexport_dxf_2d"
      },
      "geometry": {
        "type": "Polygon",
        "coordinates": [
          [
            [
              110.43621674559975,
              -6.959864375733343
            ],
            [
              110.43618496833643,
              -6.959875337355204
            ],
            [
              110.43620121867201,
              -6.9599213979228205
            ],
            [
              110.4362330958992,
              -6.959910436181022
            ],
            [
              110.43621674559975,
              -6.959864375733343
            ]
          ]
        ]
      }
    },
    {
      "type": "Feature",
      "properties": {
        "sourceLayer": "TPX_BUILDINGS",
        "sourceEntityType": "LWPOLYLINE",
        "sourceHandle": "121A",
        "contextKind": "building",
        "sourceSceneVersionId": "scv-b67f98b3-a52e-4ff8-b837-45864ccd9201",
        "provenance": "topoexport_dxf_2d"
      },
      "geometry": {
        "type": "Polygon",
        "coordinates": [
          [
            [
              110.43569414708107,
              -6.959734202311811
            ],
            [
              110.43562769201,
              -6.959754937339187
            ],
            [
              110.43565157586075,
              -6.959830781818789
            ],
            [
              110.43571813088704,
              -6.959810046675758
            ],
            [
              110.43569414708107,
              -6.959734202311811
            ]
          ]
        ]
      }
    },
    {
      "type": "Feature",
      "properties": {
        "sourceLayer": "TPX_BUILDINGS",
        "sourceEntityType": "LWPOLYLINE",
        "sourceHandle": "1221",
        "contextKind": "building",
        "sourceSceneVersionId": "scv-b67f98b3-a52e-4ff8-b837-45864ccd9201",
        "provenance": "topoexport_dxf_2d"
      },
      "geometry": {
        "type": "Polygon",
        "coordinates": [
          [
            [
              110.43625742488581,
              -6.959773955727093
            ],
            [
              110.43618787216911,
              -6.9597958860556925
            ],
            [
              110.436205732978,
              -6.959851081224666
            ],
            [
              110.43627528568607,
              -6.959829150900349
            ],
            [
              110.43625742488581,
              -6.959773955727093
            ]
          ]
        ]
      }
    },
    {
      "type": "Feature",
      "properties": {
        "sourceLayer": "TPX_BUILDINGS",
        "sourceEntityType": "LWPOLYLINE",
        "sourceHandle": "1228",
        "contextKind": "building",
        "sourceSceneVersionId": "scv-b67f98b3-a52e-4ff8-b837-45864ccd9201",
        "provenance": "topoexport_dxf_2d"
      },
      "geometry": {
        "type": "Polygon",
        "coordinates": [
          [
            [
              110.43642112716927,
              -6.959817061476366
            ],
            [
              110.43634408958646,
              -6.959849726081047
            ],
            [
              110.43636123154016,
              -6.9598890325278875
            ],
            [
              110.43643826911865,
              -6.9598563679274905
            ],
            [
              110.43642112716927,
              -6.959817061476366
            ]
          ]
        ]
      }
    },
    {
      "type": "Feature",
      "properties": {
        "sourceLayer": "TPX_BUILDINGS",
        "sourceEntityType": "LWPOLYLINE",
        "sourceHandle": "1230",
        "contextKind": "building",
        "sourceSceneVersionId": "scv-b67f98b3-a52e-4ff8-b837-45864ccd9201",
        "provenance": "topoexport_dxf_2d"
      },
      "geometry": {
        "type": "Polygon",
        "coordinates": [
          [
            [
              110.43645749768694,
              -6.959801625501093
            ],
            [
              110.43642112716927,
              -6.959817061476366
            ],
            [
              110.43643826911865,
              -6.9598563679274905
            ],
            [
              110.43646302934587,
              -6.959912845982032
            ],
            [
              110.43649930000757,
              -6.959897509439214
            ],
            [
              110.43645749768694,
              -6.959801625501093
            ]
          ]
        ]
      }
    },
    {
      "type": "Feature",
      "properties": {
        "sourceLayer": "TPX_BUILDINGS",
        "sourceEntityType": "LWPOLYLINE",
        "sourceHandle": "1237",
        "contextKind": "building",
        "sourceSceneVersionId": "scv-b67f98b3-a52e-4ff8-b837-45864ccd9201",
        "provenance": "topoexport_dxf_2d"
      },
      "geometry": {
        "type": "Polygon",
        "coordinates": [
          [
            [
              110.43641390232571,
              -6.959711106413633
            ],
            [
              110.43636603909218,
              -6.959729733878169
            ],
            [
              110.43640033169059,
              -6.959815596384346
            ],
            [
              110.43644819491549,
              -6.959796968924094
            ],
            [
              110.43641390232571,
              -6.959711106413633
            ]
          ]
        ]
      }
    },
    {
      "type": "Feature",
      "properties": {
        "sourceLayer": "TPX_BUILDINGS",
        "sourceEntityType": "LWPOLYLINE",
        "sourceHandle": "123E",
        "contextKind": "building",
        "sourceSceneVersionId": "scv-b67f98b3-a52e-4ff8-b837-45864ccd9201",
        "provenance": "topoexport_dxf_2d"
      },
      "geometry": {
        "type": "Polygon",
        "coordinates": [
          [
            [
              110.43633854575839,
              -6.959728376010257
            ],
            [
              110.43628698436675,
              -6.959747603706202
            ],
            [
              110.43631997749101,
              -6.9598335670541
            ],
            [
              110.43637143890152,
              -6.9598143394780925
            ],
            [
              110.43633854575839,
              -6.959728376010257
            ]
          ]
        ]
      }
    },
    {
      "type": "Feature",
      "properties": {
        "sourceLayer": "TPX_BUILDINGS",
        "sourceEntityType": "LWPOLYLINE",
        "sourceHandle": "1245",
        "contextKind": "building",
        "sourceSceneVersionId": "scv-b67f98b3-a52e-4ff8-b837-45864ccd9201",
        "provenance": "topoexport_dxf_2d"
      },
      "geometry": {
        "type": "Polygon",
        "coordinates": [
          [
            [
              110.43626003608522,
              -6.959700562675375
            ],
            [
              110.43617308517679,
              -6.959719633570197
            ],
            [
              110.43618574911183,
              -6.959776125905866
            ],
            [
              110.43627280009632,
              -6.959757154203625
            ],
            [
              110.43626003608522,
              -6.959700562675375
            ]
          ]
        ]
      }
    },
    {
      "type": "Feature",
      "properties": {
        "sourceLayer": "TPX_BUILDINGS",
        "sourceEntityType": "LWPOLYLINE",
        "sourceHandle": "124B",
        "contextKind": "building",
        "sourceSceneVersionId": "scv-b67f98b3-a52e-4ff8-b837-45864ccd9201",
        "provenance": "topoexport_dxf_2d"
      },
      "geometry": {
        "type": "Polygon",
        "coordinates": [
          [
            [
              110.43652549640025,
              -6.959969379160697
            ],
            [
              110.43650130011335,
              -6.959981523199069
            ],
            [
              110.43652549640025,
              -6.960028477151
            ],
            [
              110.43652549640025,
              -6.959969379160697
            ]
          ]
        ]
      }
    },
    {
      "type": "Feature",
      "properties": {
        "sourceLayer": "TPX_BUILDINGS",
        "sourceEntityType": "LWPOLYLINE",
        "sourceHandle": "1252",
        "contextKind": "building",
        "sourceSceneVersionId": "scv-b67f98b3-a52e-4ff8-b837-45864ccd9201",
        "provenance": "topoexport_dxf_2d"
      },
      "geometry": {
        "type": "Polygon",
        "coordinates": [
          [
            [
              110.4365254964011,
              -6.959600003484276
            ],
            [
              110.43643720240381,
              -6.95963361723135
            ],
            [
              110.43645545271144,
              -6.959680171992791
            ],
            [
              110.4365254964011,
              -6.959653506181181
            ],
            [
              110.4365254964011,
              -6.959600003484276
            ]
          ]
        ]
      }
    },
    {
      "type": "Feature",
      "properties": {
        "sourceLayer": "TPX_BUILDINGS",
        "sourceEntityType": "LWPOLYLINE",
        "sourceHandle": "1258",
        "contextKind": "building",
        "sourceSceneVersionId": "scv-b67f98b3-a52e-4ff8-b837-45864ccd9201",
        "provenance": "topoexport_dxf_2d"
      },
      "geometry": {
        "type": "Polygon",
        "coordinates": [
          [
            [
              110.436525496399,
              -6.9595294218270904
            ],
            [
              110.43651166105921,
              -6.959534418105588
            ],
            [
              110.436525496399,
              -6.959571764148595
            ],
            [
              110.436525496399,
              -6.9595294218270904
            ]
          ]
        ]
      }
    },
    {
      "type": "Feature",
      "properties": {
        "sourceLayer": "TPX_BUILDINGS",
        "sourceEntityType": "LWPOLYLINE",
        "sourceHandle": "125F",
        "contextKind": "building",
        "sourceSceneVersionId": "scv-b67f98b3-a52e-4ff8-b837-45864ccd9201",
        "provenance": "topoexport_dxf_2d"
      },
      "geometry": {
        "type": "Polygon",
        "coordinates": [
          [
            [
              110.4365254964023,
              -6.959405766112425
            ],
            [
              110.43647193927623,
              -6.959422840754956
            ],
            [
              110.43650364527241,
              -6.959519233163746
            ],
            [
              110.4365254964023,
              -6.959512290192839
            ],
            [
              110.4365254964023,
              -6.959405766112425
            ]
          ]
        ]
      }
    },
    {
      "type": "Feature",
      "properties": {
        "sourceLayer": "TPX_BUILDINGS",
        "sourceEntityType": "LWPOLYLINE",
        "sourceHandle": "1265",
        "contextKind": "building",
        "sourceSceneVersionId": "scv-b67f98b3-a52e-4ff8-b837-45864ccd9201",
        "provenance": "topoexport_dxf_2d"
      },
      "geometry": {
        "type": "Polygon",
        "coordinates": [
          [
            [
              110.43652549640069,
              -6.9591673485142405
            ],
            [
              110.43649493509756,
              -6.9591748369608135
            ],
            [
              110.43652549640069,
              -6.959295663624435
            ],
            [
              110.43652549640069,
              -6.9591673485142405
            ]
          ]
        ]
      }
    },
    {
      "type": "Feature",
      "properties": {
        "sourceLayer": "TPX_BUILDINGS",
        "sourceEntityType": "LWPOLYLINE",
        "sourceHandle": "126C",
        "contextKind": "building",
        "sourceSceneVersionId": "scv-b67f98b3-a52e-4ff8-b837-45864ccd9201",
        "provenance": "topoexport_dxf_2d"
      },
      "geometry": {
        "type": "Polygon",
        "coordinates": [
          [
            [
              110.43641002037478,
              -6.9592246914465274
            ],
            [
              110.43629429937413,
              -6.95926157274036
            ],
            [
              110.43634296315574,
              -6.9594103807070224
            ],
            [
              110.43645868423839,
              -6.959373598729991
            ],
            [
              110.43641002037478,
              -6.9592246914465274
            ]
          ]
        ]
      }
    },
    {
      "type": "Feature",
      "properties": {
        "sourceLayer": "TPX_BUILDINGS",
        "sourceEntityType": "LWPOLYLINE",
        "sourceHandle": "1273",
        "contextKind": "building",
        "sourceSceneVersionId": "scv-b67f98b3-a52e-4ff8-b837-45864ccd9201",
        "provenance": "topoexport_dxf_2d"
      },
      "geometry": {
        "type": "Polygon",
        "coordinates": [
          [
            [
              110.4362483377886,
              -6.959282084851076
            ],
            [
              110.43615538158713,
              -6.959295303554982
            ],
            [
              110.4361654609654,
              -6.959364014054669
            ],
            [
              110.43625841702878,
              -6.959350696042529
            ],
            [
              110.4362483377886,
              -6.959282084851076
            ]
          ]
        ]
      }
    },
    {
      "type": "Feature",
      "properties": {
        "sourceLayer": "TPX_BUILDINGS",
        "sourceEntityType": "LWPOLYLINE",
        "sourceHandle": "127A",
        "contextKind": "building",
        "sourceSceneVersionId": "scv-b67f98b3-a52e-4ff8-b837-45864ccd9201",
        "provenance": "topoexport_dxf_2d"
      },
      "geometry": {
        "type": "Polygon",
        "coordinates": [
          [
            [
              110.43614005041853,
              -6.959348849669255
            ],
            [
              110.43609278137988,
              -6.959362808892872
            ],
            [
              110.43610592934458,
              -6.959406092445178
            ],
            [
              110.4361531983789,
              -6.959392133225846
            ],
            [
              110.43614005041853,
              -6.959348849669255
            ]
          ]
        ]
      }
    },
    {
      "type": "Feature",
      "properties": {
        "sourceLayer": "TPX_BUILDINGS",
        "sourceEntityType": "LWPOLYLINE",
        "sourceHandle": "1281",
        "contextKind": "building",
        "sourceSceneVersionId": "scv-b67f98b3-a52e-4ff8-b837-45864ccd9201",
        "provenance": "topoexport_dxf_2d"
      },
      "geometry": {
        "type": "Polygon",
        "coordinates": [
          [
            [
              110.43607846319283,
              -6.959344056247874
            ],
            [
              110.43603818954043,
              -6.959355921705744
            ],
            [
              110.43605605478544,
              -6.959414791330799
            ],
            [
              110.4360963283127,
              -6.959402826564694
            ],
            [
              110.43607846319283,
              -6.959344056247874
            ]
          ]
        ]
      }
    },
    {
      "type": "Feature",
      "properties": {
        "sourceLayer": "TPX_BUILDINGS",
        "sourceEntityType": "LWPOLYLINE",
        "sourceHandle": "1288",
        "contextKind": "building",
        "sourceSceneVersionId": "scv-b67f98b3-a52e-4ff8-b837-45864ccd9201",
        "provenance": "topoexport_dxf_2d"
      },
      "geometry": {
        "type": "Polygon",
        "coordinates": [
          [
            [
              110.43607994731855,
              -6.959247823265981
            ],
            [
              110.43601159416824,
              -6.959269752193882
            ],
            [
              110.43602624299336,
              -6.959314126380542
            ],
            [
              110.43609459613937,
              -6.9592921974526405
            ],
            [
              110.43607994731855,
              -6.959247823265981
            ]
          ]
        ]
      }
    },
    {
      "type": "Feature",
      "properties": {
        "sourceLayer": "TPX_BUILDINGS",
        "sourceEntityType": "LWPOLYLINE",
        "sourceHandle": "128F",
        "contextKind": "building",
        "sourceSceneVersionId": "scv-b67f98b3-a52e-4ff8-b837-45864ccd9201",
        "provenance": "topoexport_dxf_2d"
      },
      "geometry": {
        "type": "Polygon",
        "coordinates": [
          [
            [
              110.43624733508177,
              -6.959196183031106
            ],
            [
              110.43621195755287,
              -6.959206056490182
            ],
            [
              110.43622410461884,
              -6.9592483481338165
            ],
            [
              110.43625938217525,
              -6.959238474790395
            ],
            [
              110.43624733508177,
              -6.959196183031106
            ]
          ]
        ]
      }
    },
    {
      "type": "Feature",
      "properties": {
        "sourceLayer": "TPX_BUILDINGS",
        "sourceEntityType": "LWPOLYLINE",
        "sourceHandle": "1296",
        "contextKind": "building",
        "sourceSceneVersionId": "scv-b67f98b3-a52e-4ff8-b837-45864ccd9201",
        "provenance": "topoexport_dxf_2d"
      },
      "geometry": {
        "type": "Polygon",
        "coordinates": [
          [
            [
              110.43615099501395,
              -6.959222018078618
            ],
            [
              110.43609064646847,
              -6.959249796820103
            ],
            [
              110.43610958851397,
              -6.95928959768351
            ],
            [
              110.43616983708694,
              -6.959261819066246
            ],
            [
              110.43615099501395,
              -6.959222018078618
            ]
          ]
        ]
      }
    },
    {
      "type": "Feature",
      "properties": {
        "sourceLayer": "TPX_BUILDINGS",
        "sourceEntityType": "LWPOLYLINE",
        "sourceHandle": "129E",
        "contextKind": "building",
        "sourceSceneVersionId": "scv-b67f98b3-a52e-4ff8-b837-45864ccd9201",
        "provenance": "topoexport_dxf_2d"
      },
      "geometry": {
        "type": "Polygon",
        "coordinates": [
          [
            [
              110.43648475626249,
              -6.959189944071797
            ],
            [
              110.43642549415357,
              -6.959206698095739
            ],
            [
              110.43646986455084,
              -6.959359980081704
            ],
            [
              110.43652549639856,
              -6.959344371850506
            ],
            [
              110.43652549639856,
              -6.959330459119797
            ],
            [
              110.43648475626249,
              -6.959189944071797
            ]
          ]
        ]
      }
    },
    {
      "type": "Feature",
      "properties": {
        "sourceLayer": "TPX_BUILDINGS",
        "sourceEntityType": "LWPOLYLINE",
        "sourceHandle": "12A5",
        "contextKind": "building",
        "sourceSceneVersionId": "scv-b67f98b3-a52e-4ff8-b837-45864ccd9201",
        "provenance": "topoexport_dxf_2d"
      },
      "geometry": {
        "type": "Polygon",
        "coordinates": [
          [
            [
              110.43613968134841,
              -6.95912440987643
            ],
            [
              110.43611130146697,
              -6.959134076460485
            ],
            [
              110.43613216651687,
              -6.959193538401075
            ],
            [
              110.43616054639399,
              -6.9591838718213035
            ],
            [
              110.43613968134841,
              -6.95912440987643
            ]
          ]
        ]
      }
    },
    {
      "type": "Feature",
      "properties": {
        "sourceLayer": "TPX_BUILDINGS",
        "sourceEntityType": "LWPOLYLINE",
        "sourceHandle": "12AC",
        "contextKind": "building",
        "sourceSceneVersionId": "scv-b67f98b3-a52e-4ff8-b837-45864ccd9201",
        "provenance": "topoexport_dxf_2d"
      },
      "geometry": {
        "type": "Polygon",
        "coordinates": [
          [
            [
              110.43629664742238,
              -6.959052026222839
            ],
            [
              110.43622449681034,
              -6.9590751513215094
            ],
            [
              110.43627897804441,
              -6.95923994129168
            ],
            [
              110.43635102866239,
              -6.959216816321514
            ],
            [
              110.43629664742238,
              -6.959052026222839
            ]
          ]
        ]
      }
    },
    {
      "type": "Feature",
      "properties": {
        "sourceLayer": "TPX_BUILDINGS",
        "sourceEntityType": "LWPOLYLINE",
        "sourceHandle": "12B3",
        "contextKind": "building",
        "sourceSceneVersionId": "scv-b67f98b3-a52e-4ff8-b837-45864ccd9201",
        "provenance": "topoexport_dxf_2d"
      },
      "geometry": {
        "type": "Polygon",
        "coordinates": [
          [
            [
              110.43637340415269,
              -6.95903515221858
            ],
            [
              110.43631533797667,
              -6.95904882623515
            ],
            [
              110.43634156008426,
              -6.959157241605424
            ],
            [
              110.43639972609901,
              -6.959143468160682
            ],
            [
              110.43637340415269,
              -6.95903515221858
            ]
          ]
        ]
      }
    },
    {
      "type": "Feature",
      "properties": {
        "sourceLayer": "TPX_BUILDINGS",
        "sourceEntityType": "LWPOLYLINE",
        "sourceHandle": "12BA",
        "contextKind": "building",
        "sourceSceneVersionId": "scv-b67f98b3-a52e-4ff8-b837-45864ccd9201",
        "provenance": "topoexport_dxf_2d"
      },
      "geometry": {
        "type": "Polygon",
        "coordinates": [
          [
            [
              110.43644621041808,
              -6.958975182424143
            ],
            [
              110.4363965397956,
              -6.958987257558431
            ],
            [
              110.43643431042446,
              -6.959139057691112
            ],
            [
              110.43648398114621,
              -6.9591270818650575
            ],
            [
              110.43644621041808,
              -6.958975182424143
            ]
          ]
        ]
      }
    },
    {
      "type": "Feature",
      "properties": {
        "sourceLayer": "TPX_BUILDINGS",
        "sourceEntityType": "LWPOLYLINE",
        "sourceHandle": "12C3",
        "contextKind": "building",
        "sourceSceneVersionId": "scv-b67f98b3-a52e-4ff8-b837-45864ccd9201",
        "provenance": "topoexport_dxf_2d"
      },
      "geometry": {
        "type": "Polygon",
        "coordinates": [
          [
            [
              110.43620401025517,
              -6.959081233419727
            ],
            [
              110.43614115053457,
              -6.959099084134865
            ],
            [
              110.43615931972755,
              -6.959161329935769
            ],
            [
              110.43618990013881,
              -6.959152653855405
            ],
            [
              110.43620074105057,
              -6.9591894849982365
            ],
            [
              110.43623302047212,
              -6.959180409675981
            ],
            [
              110.43620401025517,
              -6.959081233419727
            ]
          ]
        ]
      }
    },
    {
      "type": "Feature",
      "properties": {
        "sourceLayer": "TPX_BUILDINGS",
        "sourceEntityType": "LWPOLYLINE",
        "sourceHandle": "12CA",
        "contextKind": "building",
        "sourceSceneVersionId": "scv-b67f98b3-a52e-4ff8-b837-45864ccd9201",
        "provenance": "topoexport_dxf_2d"
      },
      "geometry": {
        "type": "Polygon",
        "coordinates": [
          [
            [
              110.43581308954617,
              -6.959049518951208
            ],
            [
              110.43578991190681,
              -6.9590623573205095
            ],
            [
              110.43581716172837,
              -6.959110688998573
            ],
            [
              110.43584023939525,
              -6.959097850753492
            ],
            [
              110.43581308954617,
              -6.959049518951208
            ]
          ]
        ]
      }
    },
    {
      "type": "Feature",
      "properties": {
        "sourceLayer": "TPX_BUILDINGS",
        "sourceEntityType": "LWPOLYLINE",
        "sourceHandle": "12D1",
        "contextKind": "building",
        "sourceSceneVersionId": "scv-b67f98b3-a52e-4ff8-b837-45864ccd9201",
        "provenance": "topoexport_dxf_2d"
      },
      "geometry": {
        "type": "Polygon",
        "coordinates": [
          [
            [
              110.4360934558695,
              -6.959091592934014
            ],
            [
              110.43604029275166,
              -6.959109034966468
            ],
            [
              110.43607931951182,
              -6.9592244861949455
            ],
            [
              110.4361324825002,
              -6.959206944854257
            ],
            [
              110.4360934558695,
              -6.959091592934014
            ]
          ]
        ]
      }
    },
    {
      "type": "Feature",
      "properties": {
        "sourceLayer": "TPX_BUILDINGS",
        "sourceEntityType": "LWPOLYLINE",
        "sourceHandle": "12D8",
        "contextKind": "building",
        "sourceSceneVersionId": "scv-b67f98b3-a52e-4ff8-b837-45864ccd9201",
        "provenance": "topoexport_dxf_2d"
      },
      "geometry": {
        "type": "Polygon",
        "coordinates": [
          [
            [
              110.43602771608056,
              -6.9591253366419155
            ],
            [
              110.43594977427033,
              -6.959154327904219
            ],
            [
              110.43598998866076,
              -6.959259747428964
            ],
            [
              110.43606793045804,
              -6.959230756170944
            ],
            [
              110.43602771608056,
              -6.9591253366419155
            ]
          ]
        ]
      }
    },
    {
      "type": "Feature",
      "properties": {
        "sourceLayer": "TPX_BUILDINGS",
        "sourceEntityType": "LWPOLYLINE",
        "sourceHandle": "12EB",
        "contextKind": "building",
        "sourceSceneVersionId": "scv-b67f98b3-a52e-4ff8-b837-45864ccd9201",
        "provenance": "topoexport_dxf_2d"
      },
      "geometry": {
        "type": "Polygon",
        "coordinates": [
          [
            [
              110.4350521377796,
              -6.959149331642855
            ],
            [
              110.43504080265842,
              -6.959200489634818
            ],
            [
              110.43505026174289,
              -6.959252020251118
            ],
            [
              110.43507890607872,
              -6.95929607992315
            ],
            [
              110.43512252882914,
              -6.959325920556996
            ],
            [
              110.43517442663705,
              -6.959337081150855
            ],
            [
              110.43522669987583,
              -6.959327882785594
            ],
            [
              110.43527135238999,
              -6.9592995266436555
            ],
            [
              110.43530169170127,
              -6.959256588892526
            ],
            [
              110.43531302684836,
              -6.9592054309091305
            ],
            [
              110.43530366776227,
              -6.95915390016861
            ],
            [
              110.43527492347121,
              -6.959109840603665
            ],
            [
              110.43523130059565,
              -6.95907990064445
            ],
            [
              110.43517940275754,
              -6.959068740042024
            ],
            [
              110.43512722958187,
              -6.959078037599866
            ],
            [
              110.43508247696144,
              -6.959106294566357
            ],
            [
              110.4350521377796,
              -6.959149331642855
            ]
          ]
        ]
      }
    },
    {
      "type": "Feature",
      "properties": {
        "sourceLayer": "TPX_BUILDINGS",
        "sourceEntityType": "LWPOLYLINE",
        "sourceHandle": "12FE",
        "contextKind": "building",
        "sourceSceneVersionId": "scv-b67f98b3-a52e-4ff8-b837-45864ccd9201",
        "provenance": "topoexport_dxf_2d"
      },
      "geometry": {
        "type": "Polygon",
        "coordinates": [
          [
            [
              110.43548614710878,
              -6.959265606507719
            ],
            [
              110.43546312072057,
              -6.959321147944768
            ],
            [
              110.4354633926663,
              -6.959381130769556
            ],
            [
              110.43548685212049,
              -6.959436517919885
            ],
            [
              110.43553008984713,
              -6.959478772772696
            ],
            [
              110.43558630015183,
              -6.959501448251451
            ],
            [
              110.43564718162358,
              -6.959501276946459
            ],
            [
              110.43570333686509,
              -6.959478071356888
            ],
            [
              110.43574617289364,
              -6.959435516099236
            ],
            [
              110.43576919930773,
              -6.959379974675039
            ],
            [
              110.43576892740084,
              -6.959319991854533
            ],
            [
              110.43574546797686,
              -6.959264604695638
            ],
            [
              110.43570223025453,
              -6.959222349821409
            ],
            [
              110.43564601991963,
              -6.959199674325521
            ],
            [
              110.43558513841334,
              -6.9591998456262285
            ],
            [
              110.43552898314164,
              -6.95922305122865
            ],
            [
              110.43548614710878,
              -6.959265606507719
            ]
          ]
        ]
      }
    },
    {
      "type": "Feature",
      "properties": {
        "sourceLayer": "TPX_BUILDINGS",
        "sourceEntityType": "LWPOLYLINE",
        "sourceHandle": "1305",
        "contextKind": "building",
        "sourceSceneVersionId": "scv-b67f98b3-a52e-4ff8-b837-45864ccd9201",
        "provenance": "topoexport_dxf_2d"
      },
      "geometry": {
        "type": "Polygon",
        "coordinates": [
          [
            [
              110.43625972544854,
              -6.959358043425491
            ],
            [
              110.43617526538587,
              -6.959370159681201
            ],
            [
              110.43618776427373,
              -6.959455749993547
            ],
            [
              110.43627232428732,
              -6.959443633622183
            ],
            [
              110.43625972544854,
              -6.959358043425491
            ]
          ]
        ]
      }
    },
    {
      "type": "Feature",
      "properties": {
        "sourceLayer": "TPX_BUILDINGS",
        "sourceEntityType": "LWPOLYLINE",
        "sourceHandle": "130C",
        "contextKind": "building",
        "sourceSceneVersionId": "scv-b67f98b3-a52e-4ff8-b837-45864ccd9201",
        "provenance": "topoexport_dxf_2d"
      },
      "geometry": {
        "type": "Polygon",
        "coordinates": [
          [
            [
              110.43645703259283,
              -6.959413523231808
            ],
            [
              110.4364317497615,
              -6.959421497870663
            ],
            [
              110.43645733630777,
              -6.959500121044699
            ],
            [
              110.43648261913478,
              -6.959492146405844
            ],
            [
              110.43645703259283,
              -6.959413523231808
            ]
          ]
        ]
      }
    },
    {
      "type": "Feature",
      "properties": {
        "sourceLayer": "TPX_BUILDINGS",
        "sourceEntityType": "LWPOLYLINE",
        "sourceHandle": "1313",
        "contextKind": "building",
        "sourceSceneVersionId": "scv-b67f98b3-a52e-4ff8-b837-45864ccd9201",
        "provenance": "topoexport_dxf_2d"
      },
      "geometry": {
        "type": "Polygon",
        "coordinates": [
          [
            [
              110.43614162724548,
              -6.959413299891083
            ],
            [
              110.4360837659425,
              -6.959431045399633
            ],
            [
              110.43610855290731,
              -6.959509768815703
            ],
            [
              110.43616641420165,
              -6.9594920233071536
            ],
            [
              110.43614162724548,
              -6.959413299891083
            ]
          ]
        ]
      }
    },
    {
      "type": "Feature",
      "properties": {
        "sourceLayer": "TPX_BUILDINGS",
        "sourceEntityType": "LWPOLYLINE",
        "sourceHandle": "131A",
        "contextKind": "building",
        "sourceSceneVersionId": "scv-b67f98b3-a52e-4ff8-b837-45864ccd9201",
        "provenance": "topoexport_dxf_2d"
      },
      "geometry": {
        "type": "Polygon",
        "coordinates": [
          [
            [
              110.43630224786716,
              -6.959470809172373
            ],
            [
              110.43627217065841,
              -6.9594822653264545
            ],
            [
              110.43628781379712,
              -6.9595221694046305
            ],
            [
              110.43631789100155,
              -6.95951071325055
            ],
            [
              110.43630224786716,
              -6.959470809172373
            ]
          ]
        ]
      }
    },
    {
      "type": "Feature",
      "properties": {
        "sourceLayer": "TPX_BUILDINGS",
        "sourceEntityType": "LWPOLYLINE",
        "sourceHandle": "1321",
        "contextKind": "building",
        "sourceSceneVersionId": "scv-b67f98b3-a52e-4ff8-b837-45864ccd9201",
        "provenance": "topoexport_dxf_2d"
      },
      "geometry": {
        "type": "Polygon",
        "coordinates": [
          [
            [
              110.43642866379305,
              -6.959432425597334
            ],
            [
              110.43639288854045,
              -6.95944408709295
            ],
            [
              110.43641777054538,
              -6.959518738704346
            ],
            [
              110.43645354578935,
              -6.9595070772087295
            ],
            [
              110.43642866379305,
              -6.959432425597334
            ]
          ]
        ]
      }
    },
    {
      "type": "Feature",
      "properties": {
        "sourceLayer": "TPX_BUILDINGS",
        "sourceEntityType": "LWPOLYLINE",
        "sourceHandle": "1328",
        "contextKind": "building",
        "sourceSceneVersionId": "scv-b67f98b3-a52e-4ff8-b837-45864ccd9201",
        "provenance": "topoexport_dxf_2d"
      },
      "geometry": {
        "type": "Polygon",
        "coordinates": [
          [
            [
              110.43634722699755,
              -6.959464698152089
            ],
            [
              110.4363114497254,
              -6.9594746713863
            ],
            [
              110.4363242996627,
              -6.959519544255873
            ],
            [
              110.43636007692623,
              -6.959509571017379
            ],
            [
              110.43634722699755,
              -6.959464698152089
            ]
          ]
        ]
      }
    },
    {
      "type": "Feature",
      "properties": {
        "sourceLayer": "TPX_BUILDINGS",
        "sourceEntityType": "LWPOLYLINE",
        "sourceHandle": "132F",
        "contextKind": "building",
        "sourceSceneVersionId": "scv-b67f98b3-a52e-4ff8-b837-45864ccd9201",
        "provenance": "topoexport_dxf_2d"
      },
      "geometry": {
        "type": "Polygon",
        "coordinates": [
          [
            [
              110.43638019321594,
              -6.9594447972513445
            ],
            [
              110.43635121507461,
              -6.959455755553507
            ],
            [
              110.4364160942724,
              -6.95962152635955
            ],
            [
              110.4364450724008,
              -6.959610568057387
            ],
            [
              110.43638019321594,
              -6.9594447972513445
            ]
          ]
        ]
      }
    },
    {
      "type": "Feature",
      "properties": {
        "sourceLayer": "TPX_BUILDINGS",
        "sourceEntityType": "LWPOLYLINE",
        "sourceHandle": "1336",
        "contextKind": "building",
        "sourceSceneVersionId": "scv-b67f98b3-a52e-4ff8-b837-45864ccd9201",
        "provenance": "topoexport_dxf_2d"
      },
      "geometry": {
        "type": "Polygon",
        "coordinates": [
          [
            [
              110.43626889142075,
              -6.959498754631241
            ],
            [
              110.43621992469231,
              -6.959514205495896
            ],
            [
              110.43624771917777,
              -6.959599976361271
            ],
            [
              110.43629668589327,
              -6.959584525500899
            ],
            [
              110.43626889142075,
              -6.959498754631241
            ]
          ]
        ]
      }
    },
    {
      "type": "Feature",
      "properties": {
        "sourceLayer": "TPX_BUILDINGS",
        "sourceEntityType": "LWPOLYLINE",
        "sourceHandle": "133D",
        "contextKind": "building",
        "sourceSceneVersionId": "scv-b67f98b3-a52e-4ff8-b837-45864ccd9201",
        "provenance": "topoexport_dxf_2d"
      },
      "geometry": {
        "type": "Polygon",
        "coordinates": [
          [
            [
              110.43633236925592,
              -6.959579617175127
            ],
            [
              110.43624912970608,
              -6.959609111202502
            ],
            [
              110.4362633862448,
              -6.9596598416858795
            ],
            [
              110.43635412113397,
              -6.959628352614155
            ],
            [
              110.43633236925592,
              -6.959579617175127
            ]
          ]
        ]
      }
    },
    {
      "type": "Feature",
      "properties": {
        "sourceLayer": "TPX_BUILDINGS",
        "sourceEntityType": "LWPOLYLINE",
        "sourceHandle": "1344",
        "contextKind": "building",
        "sourceSceneVersionId": "scv-b67f98b3-a52e-4ff8-b837-45864ccd9201",
        "provenance": "topoexport_dxf_2d"
      },
      "geometry": {
        "type": "Polygon",
        "coordinates": [
          [
            [
              110.43621807860808,
              -6.959558698484915
            ],
            [
              110.4361611104983,
              -6.959570980892589
            ],
            [
              110.43618071092442,
              -6.959659641420269
            ],
            [
              110.43623757917388,
              -6.959647458440768
            ],
            [
              110.43621807860808,
              -6.959558698484915
            ]
          ]
        ]
      }
    },
    {
      "type": "Feature",
      "properties": {
        "sourceLayer": "TPX_BUILDINGS",
        "sourceEntityType": "LWPOLYLINE",
        "sourceHandle": "134B",
        "contextKind": "building",
        "sourceSceneVersionId": "scv-b67f98b3-a52e-4ff8-b837-45864ccd9201",
        "provenance": "topoexport_dxf_2d"
      },
      "geometry": {
        "type": "Polygon",
        "coordinates": [
          [
            [
              110.43615871991847,
              -6.9595782333321825
            ],
            [
              110.43612753733765,
              -6.959584923933212
            ],
            [
              110.43614553075132,
              -6.9596673298368925
            ],
            [
              110.43617671344865,
              -6.959660738548381
            ],
            [
              110.43615871991847,
              -6.9595782333321825
            ]
          ]
        ]
      }
    },
    {
      "type": "Feature",
      "properties": {
        "sourceLayer": "TPX_BUILDINGS",
        "sourceEntityType": "LWPOLYLINE",
        "sourceHandle": "1352",
        "contextKind": "building",
        "sourceSceneVersionId": "scv-b67f98b3-a52e-4ff8-b837-45864ccd9201",
        "provenance": "topoexport_dxf_2d"
      },
      "geometry": {
        "type": "Polygon",
        "coordinates": [
          [
            [
              110.43635837021316,
              -6.959670355653941
            ],
            [
              110.4362781252467,
              -6.959696072365993
            ],
            [
              110.4362889612606,
              -6.959728831811238
            ],
            [
              110.43636920622274,
              -6.959703115103468
            ],
            [
              110.43635837021316,
              -6.959670355653941
            ]
          ]
        ]
      }
    },
    {
      "type": "Feature",
      "properties": {
        "sourceLayer": "TPX_BUILDINGS",
        "sourceEntityType": "LWPOLYLINE",
        "sourceHandle": "1359",
        "contextKind": "building",
        "sourceSceneVersionId": "scv-b67f98b3-a52e-4ff8-b837-45864ccd9201",
        "provenance": "topoexport_dxf_2d"
      },
      "geometry": {
        "type": "Polygon",
        "coordinates": [
          [
            [
              110.43624987497522,
              -6.959647046678261
            ],
            [
              110.43616052347113,
              -6.959665028001033
            ],
            [
              110.43616846704474,
              -6.959703352211302
            ],
            [
              110.4362578186567,
              -6.959685470201048
            ],
            [
              110.43624987497522,
              -6.959647046678261
            ]
          ]
        ]
      }
    },
    {
      "type": "Feature",
      "properties": {
        "sourceLayer": "TPX_BUILDINGS",
        "sourceEntityType": "LWPOLYLINE",
        "sourceHandle": "1360",
        "contextKind": "building",
        "sourceSceneVersionId": "scv-b67f98b3-a52e-4ff8-b837-45864ccd9201",
        "provenance": "topoexport_dxf_2d"
      },
      "geometry": {
        "type": "Polygon",
        "coordinates": [
          [
            [
              110.43592476186575,
              -6.959637797763635
            ],
            [
              110.43566014045311,
              -6.959720140524514
            ],
            [
              110.43566716526968,
              -6.959742576239675
            ],
            [
              110.43593178666937,
              -6.9596602334830795
            ],
            [
              110.43592476186575,
              -6.959637797763635
            ]
          ]
        ]
      }
    },
    {
      "type": "Feature",
      "properties": {
        "sourceLayer": "TPX_BUILDINGS",
        "sourceEntityType": "LWPOLYLINE",
        "sourceHandle": "1373",
        "contextKind": "building",
        "sourceSceneVersionId": "scv-b67f98b3-a52e-4ff8-b837-45864ccd9201",
        "provenance": "topoexport_dxf_2d"
      },
      "geometry": {
        "type": "Polygon",
        "coordinates": [
          [
            [
              110.43517762564038,
              -6.9595035206768925
            ],
            [
              110.43516867869971,
              -6.959545440021734
            ],
            [
              110.43517662688637,
              -6.95958753799632
            ],
            [
              110.4352003627785,
              -6.959623360760493
            ],
            [
              110.43523628101849,
              -6.95964754985883
            ],
            [
              110.4352786788027,
              -6.9596563382692125
            ],
            [
              110.43532135645984,
              -6.959648442292211
            ],
            [
              110.43535781739162,
              -6.959625061341192
            ],
            [
              110.43538226753022,
              -6.959589678109337
            ],
            [
              110.43539121449245,
              -6.959547758768779
            ],
            [
              110.43538316635488,
              -6.959505660909847
            ],
            [
              110.43535943047138,
              -6.959469838137107
            ],
            [
              110.43532361219525,
              -6.959445648910266
            ],
            [
              110.4352811144256,
              -6.959436860615537
            ],
            [
              110.4352384367469,
              -6.959444756592538
            ],
            [
              110.43520207577465,
              -6.95946813743647
            ],
            [
              110.43517762564038,
              -6.9595035206768925
            ]
          ]
        ]
      }
    },
    {
      "type": "Feature",
      "properties": {
        "sourceLayer": "TPX_BUILDINGS",
        "sourceEntityType": "LWPOLYLINE",
        "sourceHandle": "1389",
        "contextKind": "building",
        "sourceSceneVersionId": "scv-b67f98b3-a52e-4ff8-b837-45864ccd9201",
        "provenance": "topoexport_dxf_2d"
      },
      "geometry": {
        "type": "Polygon",
        "coordinates": [
          [
            [
              110.43469229152302,
              -6.95943686251312
            ],
            [
              110.4346898376421,
              -6.959474603167573
            ],
            [
              110.43470017834183,
              -6.9595110376386025
            ],
            [
              110.43472130813954,
              -6.959541103497904
            ],
            [
              110.43475102554311,
              -6.959563015780197
            ],
            [
              110.4347863285943,
              -6.959574394604586
            ],
            [
              110.43482341702212,
              -6.95957405275278
            ],
            [
              110.43485849196668,
              -6.959561994726717
            ],
            [
              110.43488775613888,
              -6.959539516048236
            ],
            [
              110.43490831327505,
              -6.959509003580304
            ],
            [
              110.43491776791909,
              -6.959473638077778
            ],
            [
              110.43491532472714,
              -6.959437094943391
            ],
            [
              110.43490108832361,
              -6.959403247138323
            ],
            [
              110.43487576195093,
              -6.959374973817499
            ],
            [
              110.43484224974819,
              -6.959356442555674
            ],
            [
              110.4348045531353,
              -6.959349833430746
            ],
            [
              110.43476667185787,
              -6.959355936192478
            ],
            [
              110.43473300375638,
              -6.959374050461665
            ],
            [
              110.43470724521097,
              -6.95940208634911
            ],
            [
              110.43469229152302,
              -6.95943686251312
            ]
          ]
        ]
      }
    },
    {
      "type": "Feature",
      "properties": {
        "sourceLayer": "TPX_BUILDINGS",
        "sourceEntityType": "LWPOLYLINE",
        "sourceHandle": "139C",
        "contextKind": "building",
        "sourceSceneVersionId": "scv-b67f98b3-a52e-4ff8-b837-45864ccd9201",
        "provenance": "topoexport_dxf_2d"
      },
      "geometry": {
        "type": "Polygon",
        "coordinates": [
          [
            [
              110.43417196750698,
              -6.9592869253350695
            ],
            [
              110.43415884210698,
              -6.95934563302739
            ],
            [
              110.43416951012634,
              -6.959404809062725
            ],
            [
              110.43420236116081,
              -6.959455418147955
            ],
            [
              110.43425228755098,
              -6.959489819490201
            ],
            [
              110.43431188519587,
              -6.959502758439931
            ],
            [
              110.43437185452593,
              -6.95949225982815
            ],
            [
              110.43442320005776,
              -6.9594598239656635
            ],
            [
              110.43445813037083,
              -6.959410624188677
            ],
            [
              110.43447125580103,
              -6.9593519165049225
            ],
            [
              110.43446058782051,
              -6.9592927404695875
            ],
            [
              110.43442773668679,
              -6.959242032054707
            ],
            [
              110.43437771031981,
              -6.959207630815264
            ],
            [
              110.43431821260859,
              -6.959194691732746
            ],
            [
              110.434258143388,
              -6.959205289776983
            ],
            [
              110.43420679771809,
              -6.959237626348368
            ],
            [
              110.43417196750698,
              -6.9592869253350695
            ]
          ]
        ]
      }
    },
    {
      "type": "Feature",
      "properties": {
        "sourceLayer": "TPX_BUILDINGS",
        "sourceEntityType": "LWPOLYLINE",
        "sourceHandle": "13AF",
        "contextKind": "building",
        "sourceSceneVersionId": "scv-b67f98b3-a52e-4ff8-b837-45864ccd9201",
        "provenance": "topoexport_dxf_2d"
      },
      "geometry": {
        "type": "Polygon",
        "coordinates": [
          [
            [
              110.43454474756868,
              -6.9590308599559645
            ],
            [
              110.43453392201938,
              -6.959090061460881
            ],
            [
              110.43454688870276,
              -6.959148738226466
            ],
            [
              110.43458173767245,
              -6.9591981532526805
            ],
            [
              110.43463296127555,
              -6.959230566901032
            ],
            [
              110.43469295607451,
              -6.959241221303033
            ],
            [
              110.43475252281755,
              -6.959228439090174
            ],
            [
              110.43480256652771,
              -6.959194117926134
            ],
            [
              110.43483549582872,
              -6.959143530215479
            ],
            [
              110.43484632141686,
              -6.959084328723413
            ],
            [
              110.43483335477234,
              -6.959025651953545
            ],
            [
              110.4347985059364,
              -6.95897633621843
            ],
            [
              110.43474718223135,
              -6.958943823364648
            ],
            [
              110.43468728736605,
              -6.958933168834141
            ],
            [
              110.43462772058417,
              -6.958945951047001
            ],
            [
              110.43457767685675,
              -6.958980272228175
            ],
            [
              110.43454474756868,
              -6.9590308599559645
            ]
          ]
        ]
      }
    },
    {
      "type": "Feature",
      "properties": {
        "sourceLayer": "TPX_BUILDINGS",
        "sourceEntityType": "LWPOLYLINE",
        "sourceHandle": "13B6",
        "contextKind": "building",
        "sourceSceneVersionId": "scv-b67f98b3-a52e-4ff8-b837-45864ccd9201",
        "provenance": "topoexport_dxf_2d"
      },
      "geometry": {
        "type": "Polygon",
        "coordinates": [
          [
            [
              110.43376720912363,
              -6.9592205698078295
            ],
            [
              110.4337319234674,
              -6.959223690276969
            ],
            [
              110.43373759711689,
              -6.959286248767737
            ],
            [
              110.43377288264365,
              -6.95928302898608
            ],
            [
              110.43376720912363,
              -6.9592205698078295
            ]
          ]
        ]
      }
    },
    {
      "type": "Feature",
      "properties": {
        "sourceLayer": "TPX_BUILDINGS",
        "sourceEntityType": "LWPOLYLINE",
        "sourceHandle": "13BD",
        "contextKind": "building",
        "sourceSceneVersionId": "scv-b67f98b3-a52e-4ff8-b837-45864ccd9201",
        "provenance": "topoexport_dxf_2d"
      },
      "geometry": {
        "type": "Polygon",
        "coordinates": [
          [
            [
              110.43369374813699,
              -6.959234659656214
            ],
            [
              110.43355544296688,
              -6.959278917362162
            ],
            [
              110.43361193303231,
              -6.959450755724003
            ],
            [
              110.43375023815928,
              -6.959406498030906
            ],
            [
              110.43369374813699,
              -6.959234659656214
            ]
          ]
        ]
      }
    },
    {
      "type": "Feature",
      "properties": {
        "sourceLayer": "TPX_BUILDINGS",
        "sourceEntityType": "LWPOLYLINE",
        "sourceHandle": "13C3",
        "contextKind": "building",
        "sourceSceneVersionId": "scv-b67f98b3-a52e-4ff8-b837-45864ccd9201",
        "provenance": "topoexport_dxf_2d"
      },
      "geometry": {
        "type": "Polygon",
        "coordinates": [
          [
            [
              110.43346257462092,
              -6.959296542076534
            ],
            [
              110.43346257462092,
              -6.959375839200695
            ],
            [
              110.4334860715923,
              -6.959368378592468
            ],
            [
              110.43346257462092,
              -6.959296542076534
            ]
          ]
        ]
      }
    },
    {
      "type": "Feature",
      "properties": {
        "sourceLayer": "TPX_BUILDINGS",
        "sourceEntityType": "LWPOLYLINE",
        "sourceHandle": "13CA",
        "contextKind": "building",
        "sourceSceneVersionId": "scv-b67f98b3-a52e-4ff8-b837-45864ccd9201",
        "provenance": "topoexport_dxf_2d"
      },
      "geometry": {
        "type": "Polygon",
        "coordinates": [
          [
            [
              110.43346257462005,
              -6.95973467629617
            ],
            [
              110.43346257462005,
              -6.9597769815612756
            ],
            [
              110.4335274478239,
              -6.959773911037531
            ],
            [
              110.43352539758294,
              -6.959731706768352
            ],
            [
              110.43346257462005,
              -6.95973467629617
            ]
          ]
        ]
      }
    },
    {
      "type": "Feature",
      "properties": {
        "sourceLayer": "TPX_BUILDINGS",
        "sourceEntityType": "LWPOLYLINE",
        "sourceHandle": "13D1",
        "contextKind": "building",
        "sourceSceneVersionId": "scv-b67f98b3-a52e-4ff8-b837-45864ccd9201",
        "provenance": "topoexport_dxf_2d"
      },
      "geometry": {
        "type": "Polygon",
        "coordinates": [
          [
            [
              110.43406020274944,
              -6.959703662759426
            ],
            [
              110.4340066398797,
              -6.959721105502938
            ],
            [
              110.4340679414327,
              -6.959903862283445
            ],
            [
              110.43412150428087,
              -6.959886419544217
            ],
            [
              110.43406020274944,
              -6.959703662759426
            ]
          ]
        ]
      }
    },
    {
      "type": "Feature",
      "properties": {
        "sourceLayer": "TPX_BUILDINGS",
        "sourceEntityType": "LWPOLYLINE",
        "sourceHandle": "13E4",
        "contextKind": "building",
        "sourceSceneVersionId": "scv-b67f98b3-a52e-4ff8-b837-45864ccd9201",
        "provenance": "topoexport_dxf_2d"
      },
      "geometry": {
        "type": "Polygon",
        "coordinates": [
          [
            [
              110.43484686942942,
              -6.9597067029561215
            ],
            [
              110.4348342210165,
              -6.959746441876103
            ],
            [
              110.43483796978873,
              -6.95978794895727
            ],
            [
              110.4348575082817,
              -6.959824869089428
            ],
            [
              110.43489003065879,
              -6.959851644241187
            ],
            [
              110.43493033348692,
              -6.959864109562087
            ],
            [
              110.43497241631484,
              -6.959860385271981
            ],
            [
              110.4350098818047,
              -6.959841074802041
            ],
            [
              110.43503693517667,
              -6.959809065004607
            ],
            [
              110.43504958360253,
              -6.959769326088909
            ],
            [
              110.43504583485188,
              -6.959727819003459
            ],
            [
              110.43502619639938,
              -6.959690898986954
            ],
            [
              110.43499377399046,
              -6.95966412370669
            ],
            [
              110.43495347126589,
              -6.959651757689742
            ],
            [
              110.4349113882999,
              -6.959655382671613
            ],
            [
              110.43487392279707,
              -6.959674693145837
            ],
            [
              110.43484686942942,
              -6.9597067029561215
            ]
          ]
        ]
      }
    },
    {
      "type": "Feature",
      "properties": {
        "sourceLayer": "TPX_BUILDINGS",
        "sourceEntityType": "LWPOLYLINE",
        "sourceHandle": "13F7",
        "contextKind": "building",
        "sourceSceneVersionId": "scv-b67f98b3-a52e-4ff8-b837-45864ccd9201",
        "provenance": "topoexport_dxf_2d"
      },
      "geometry": {
        "type": "Polygon",
        "coordinates": [
          [
            [
              110.43438773792315,
              -6.959731776404911
            ],
            [
              110.43437251231535,
              -6.959789791411158
            ],
            [
              110.43438098120305,
              -6.959849168675886
            ],
            [
              110.43441183398726,
              -6.95990077324221
            ],
            [
              110.43446036276912,
              -6.959936864520703
            ],
            [
              110.43451916310238,
              -6.959951889945695
            ],
            [
              110.43457943491323,
              -6.959943575815232
            ],
            [
              110.43463178249165,
              -6.959913124978032
            ],
            [
              110.43466831396992,
              -6.959865313657298
            ],
            [
              110.4346835394914,
              -6.959807199355666
            ],
            [
              110.43467507075906,
              -6.959747921399172
            ],
            [
              110.43464431784808,
              -6.959696217387543
            ],
            [
              110.43459568921025,
              -6.959660225515804
            ],
            [
              110.43453688884678,
              -6.959645200077962
            ],
            [
              110.43447671696526,
              -6.959653514097054
            ],
            [
              110.43442426939278,
              -6.9596839650627595
            ],
            [
              110.43438773792315,
              -6.959731776404911
            ]
          ]
        ]
      }
    },
    {
      "type": "Feature",
      "properties": {
        "sourceLayer": "TPX_BUILDINGS",
        "sourceEntityType": "LWPOLYLINE",
        "sourceHandle": "13FF",
        "contextKind": "building",
        "sourceSceneVersionId": "scv-b67f98b3-a52e-4ff8-b837-45864ccd9201",
        "provenance": "topoexport_dxf_2d"
      },
      "geometry": {
        "type": "Polygon",
        "coordinates": [
          [
            [
              110.43346257462186,
              -6.959824225641975
            ],
            [
              110.43346257462186,
              -6.959858068640977
            ],
            [
              110.43348697465984,
              -6.959952021697018
            ],
            [
              110.4335907112726,
              -6.959925382828506
            ],
            [
              110.43355806978897,
              -6.959799794569769
            ],
            [
              110.43346257462186,
              -6.959824225641975
            ]
          ]
        ]
      }
    },
    {
      "type": "Feature",
      "properties": {
        "sourceLayer": "TPX_BUILDINGS",
        "sourceEntityType": "LWPOLYLINE",
        "sourceHandle": "1406",
        "contextKind": "building",
        "sourceSceneVersionId": "scv-b67f98b3-a52e-4ff8-b837-45864ccd9201",
        "provenance": "topoexport_dxf_2d"
      },
      "geometry": {
        "type": "Polygon",
        "coordinates": [
          [
            [
              110.43398341947142,
              -6.960113605669775
            ],
            [
              110.43389848088542,
              -6.960143300763772
            ],
            [
              110.43392997716677,
              -6.960231152642968
            ],
            [
              110.43401491573552,
              -6.960201457553255
            ],
            [
              110.43398341947142,
              -6.960113605669775
            ]
          ]
        ]
      }
    },
    {
      "type": "Feature",
      "properties": {
        "sourceLayer": "TPX_BUILDINGS",
        "sourceEntityType": "LWPOLYLINE",
        "sourceHandle": "140D",
        "contextKind": "building",
        "sourceSceneVersionId": "scv-b67f98b3-a52e-4ff8-b837-45864ccd9201",
        "provenance": "topoexport_dxf_2d"
      },
      "geometry": {
        "type": "Polygon",
        "coordinates": [
          [
            [
              110.43413822216597,
              -6.959905467218286
            ],
            [
              110.43407016897197,
              -6.9599272967737
            ],
            [
              110.43420983536814,
              -6.96034979398571
            ],
            [
              110.43427778853786,
              -6.960327964563084
            ],
            [
              110.43413822216597,
              -6.959905467218286
            ]
          ]
        ]
      }
    },
    {
      "type": "Feature",
      "properties": {
        "sourceLayer": "TPX_BUILDINGS",
        "sourceEntityType": "LWPOLYLINE",
        "sourceHandle": "1414",
        "contextKind": "building",
        "sourceSceneVersionId": "scv-b67f98b3-a52e-4ff8-b837-45864ccd9201",
        "provenance": "topoexport_dxf_2d"
      },
      "geometry": {
        "type": "Polygon",
        "coordinates": [
          [
            [
              110.43400213002278,
              -6.960210112678829
            ],
            [
              110.43393038732717,
              -6.960239692804182
            ],
            [
              110.43397570247681,
              -6.960346695101034
            ],
            [
              110.43404744515517,
              -6.960317114979965
            ],
            [
              110.43400213002278,
              -6.960210112678829
            ]
          ]
        ]
      }
    },
    {
      "type": "Feature",
      "properties": {
        "sourceLayer": "TPX_BUILDINGS",
        "sourceEntityType": "LWPOLYLINE",
        "sourceHandle": "141B",
        "contextKind": "building",
        "sourceSceneVersionId": "scv-b67f98b3-a52e-4ff8-b837-45864ccd9201",
        "provenance": "topoexport_dxf_2d"
      },
      "geometry": {
        "type": "Polygon",
        "coordinates": [
          [
            [
              110.433841222067,
              -6.960163131355451
            ],
            [
              110.43380055869146,
              -6.9601833395017545
            ],
            [
              110.43383683320239,
              -6.960254303031314
            ],
            [
              110.43387749669446,
              -6.960234194193244
            ],
            [
              110.433841222067,
              -6.960163131355451
            ]
          ]
        ]
      }
    },
    {
      "type": "Feature",
      "properties": {
        "sourceLayer": "TPX_BUILDINGS",
        "sourceEntityType": "LWPOLYLINE",
        "sourceHandle": "1422",
        "contextKind": "building",
        "sourceSceneVersionId": "scv-b67f98b3-a52e-4ff8-b837-45864ccd9201",
        "provenance": "topoexport_dxf_2d"
      },
      "geometry": {
        "type": "Polygon",
        "coordinates": [
          [
            [
              110.43499618298367,
              -6.958257595402041
            ],
            [
              110.43492623163274,
              -6.958280718089112
            ],
            [
              110.43495071118008,
              -6.958352986679823
            ],
            [
              110.43502066263457,
              -6.958329963309554
            ],
            [
              110.43499618298367,
              -6.958257595402041
            ]
          ]
        ]
      }
    },
    {
      "type": "Feature",
      "properties": {
        "sourceLayer": "TPX_BUILDINGS",
        "sourceEntityType": "LWPOLYLINE",
        "sourceHandle": "1429",
        "contextKind": "building",
        "sourceSceneVersionId": "scv-b67f98b3-a52e-4ff8-b837-45864ccd9201",
        "provenance": "topoexport_dxf_2d"
      },
      "geometry": {
        "type": "Polygon",
        "coordinates": [
          [
            [
              110.43371887166911,
              -6.958762312079199
            ],
            [
              110.43368878526016,
              -6.958766121550617
            ],
            [
              110.43369322495465,
              -6.95880017956754
            ],
            [
              110.43372321139113,
              -6.958796370216059
            ],
            [
              110.43371887166911,
              -6.958762312079199
            ]
          ]
        ]
      }
    },
    {
      "type": "Feature",
      "properties": {
        "sourceLayer": "TPX_BUILDINGS",
        "sourceEntityType": "LWPOLYLINE",
        "sourceHandle": "1430",
        "contextKind": "building",
        "sourceSceneVersionId": "scv-b67f98b3-a52e-4ff8-b837-45864ccd9201",
        "provenance": "topoexport_dxf_2d"
      },
      "geometry": {
        "type": "Polygon",
        "coordinates": [
          [
            [
              110.43389788730762,
              -6.958902821819965
            ],
            [
              110.43384351574252,
              -6.95891291660653
            ],
            [
              110.43386786220178,
              -6.959040600224467
            ],
            [
              110.43392223374961,
              -6.959030505442187
            ],
            [
              110.43389788730762,
              -6.958902821819965
            ]
          ]
        ]
      }
    },
    {
      "type": "Feature",
      "properties": {
        "sourceLayer": "TPX_BUILDINGS",
        "sourceEntityType": "LWPOLYLINE",
        "sourceHandle": "1437",
        "contextKind": "building",
        "sourceSceneVersionId": "scv-b67f98b3-a52e-4ff8-b837-45864ccd9201",
        "provenance": "topoexport_dxf_2d"
      },
      "geometry": {
        "type": "Polygon",
        "coordinates": [
          [
            [
              110.43396881061025,
              -6.958856757238727
            ],
            [
              110.43392474012614,
              -6.9588703156441305
            ],
            [
              110.43394782130567,
              -6.958943479649527
            ],
            [
              110.43399189190197,
              -6.958930020552358
            ],
            [
              110.43396881061025,
              -6.958856757238727
            ]
          ]
        ]
      }
    },
    {
      "type": "Feature",
      "properties": {
        "sourceLayer": "TPX_BUILDINGS",
        "sourceEntityType": "LWPOLYLINE",
        "sourceHandle": "143E",
        "contextKind": "building",
        "sourceSceneVersionId": "scv-b67f98b3-a52e-4ff8-b837-45864ccd9201",
        "provenance": "topoexport_dxf_2d"
      },
      "geometry": {
        "type": "Polygon",
        "coordinates": [
          [
            [
              110.43426098267247,
              -6.958740019689328
            ],
            [
              110.43423550383602,
              -6.958751271902572
            ],
            [
              110.43428612364701,
              -6.958863432055127
            ],
            [
              110.43431160247916,
              -6.958852179841883
            ],
            [
              110.43426098267247,
              -6.958740019689328
            ]
          ]
        ]
      }
    },
    {
      "type": "Feature",
      "properties": {
        "sourceLayer": "TPX_BUILDINGS",
        "sourceEntityType": "LWPOLYLINE",
        "sourceHandle": "1445",
        "contextKind": "building",
        "sourceSceneVersionId": "scv-b67f98b3-a52e-4ff8-b837-45864ccd9201",
        "provenance": "topoexport_dxf_2d"
      },
      "geometry": {
        "type": "Polygon",
        "coordinates": [
          [
            [
              110.4348381317289,
              -6.958758105546182
            ],
            [
              110.43481294288475,
              -6.95876111466622
            ],
            [
              110.43482001035804,
              -6.958819003943719
            ],
            [
              110.43484509922969,
              -6.958815994939335
            ],
            [
              110.4348381317289,
              -6.958758105546182
            ]
          ]
        ]
      }
    },
    {
      "type": "Feature",
      "properties": {
        "sourceLayer": "TPX_BUILDINGS",
        "sourceEntityType": "LWPOLYLINE",
        "sourceHandle": "144C",
        "contextKind": "building",
        "sourceSceneVersionId": "scv-b67f98b3-a52e-4ff8-b837-45864ccd9201",
        "provenance": "topoexport_dxf_2d"
      },
      "geometry": {
        "type": "Polygon",
        "coordinates": [
          [
            [
              110.43446536845802,
              -6.958612760174607
            ],
            [
              110.43441570487809,
              -6.958630694794581
            ],
            [
              110.43443215333329,
              -6.958675066813799
            ],
            [
              110.43448181691322,
              -6.958657132193825
            ],
            [
              110.43446536845802,
              -6.958612760174607
            ]
          ]
        ]
      }
    },
    {
      "type": "Feature",
      "properties": {
        "sourceLayer": "TPX_BUILDINGS",
        "sourceEntityType": "LWPOLYLINE",
        "sourceHandle": "1455",
        "contextKind": "building",
        "sourceSceneVersionId": "scv-b67f98b3-a52e-4ff8-b837-45864ccd9201",
        "provenance": "topoexport_dxf_2d"
      },
      "geometry": {
        "type": "Polygon",
        "coordinates": [
          [
            [
              110.43439086502931,
              -6.958591397522958
            ],
            [
              110.43436168287366,
              -6.958598979649271
            ],
            [
              110.43437162456806,
              -6.958636109757692
            ],
            [
              110.43446346819091,
              -6.958612067257226
            ],
            [
              110.43443956833904,
              -6.958523113936452
            ],
            [
              110.43437690673807,
              -6.958539475002371
            ],
            [
              110.43439086502931,
              -6.958591397522958
            ]
          ]
        ]
      }
    },
    {
      "type": "Feature",
      "properties": {
        "sourceLayer": "TPX_BUILDINGS",
        "sourceEntityType": "LWPOLYLINE",
        "sourceHandle": "145C",
        "contextKind": "building",
        "sourceSceneVersionId": "scv-b67f98b3-a52e-4ff8-b837-45864ccd9201",
        "provenance": "topoexport_dxf_2d"
      },
      "geometry": {
        "type": "Polygon",
        "coordinates": [
          [
            [
              110.43426868297117,
              -6.958659073022149
            ],
            [
              110.4341901320265,
              -6.958680319128835
            ],
            [
              110.43420429015485,
              -6.95873214209703
            ],
            [
              110.43428284109521,
              -6.958710895990344
            ],
            [
              110.43426868297117,
              -6.958659073022149
            ]
          ]
        ]
      }
    },
    {
      "type": "Feature",
      "properties": {
        "sourceLayer": "TPX_BUILDINGS",
        "sourceEntityType": "LWPOLYLINE",
        "sourceHandle": "1463",
        "contextKind": "building",
        "sourceSceneVersionId": "scv-b67f98b3-a52e-4ff8-b837-45864ccd9201",
        "provenance": "topoexport_dxf_2d"
      },
      "geometry": {
        "type": "Polygon",
        "coordinates": [
          [
            [
              110.43448607671591,
              -6.958541629782028
            ],
            [
              110.43445889275874,
              -6.958548216435812
            ],
            [
              110.4344681346586,
              -6.958585347375228
            ],
            [
              110.43449521852246,
              -6.958578661528864
            ],
            [
              110.43448607671591,
              -6.958541629782028
            ]
          ]
        ]
      }
    },
    {
      "type": "Feature",
      "properties": {
        "sourceLayer": "TPX_BUILDINGS",
        "sourceEntityType": "LWPOLYLINE",
        "sourceHandle": "146A",
        "contextKind": "building",
        "sourceSceneVersionId": "scv-b67f98b3-a52e-4ff8-b837-45864ccd9201",
        "provenance": "topoexport_dxf_2d"
      },
      "geometry": {
        "type": "Polygon",
        "coordinates": [
          [
            [
              110.43552421050036,
              -6.958495016409708
            ],
            [
              110.43549443672607,
              -6.958509451545251
            ],
            [
              110.43552730697655,
              -6.958576148885746
            ],
            [
              110.43555708074221,
              -6.958561713750203
            ],
            [
              110.43552421050036,
              -6.958495016409708
            ]
          ]
        ]
      }
    },
    {
      "type": "Feature",
      "properties": {
        "sourceLayer": "TPX_BUILDINGS",
        "sourceEntityType": "LWPOLYLINE",
        "sourceHandle": "1471",
        "contextKind": "building",
        "sourceSceneVersionId": "scv-b67f98b3-a52e-4ff8-b837-45864ccd9201",
        "provenance": "topoexport_dxf_2d"
      },
      "geometry": {
        "type": "Polygon",
        "coordinates": [
          [
            [
              110.43562265851763,
              -6.958392908791456
            ],
            [
              110.43556480198306,
              -6.958414726057562
            ],
            [
              110.43562216238357,
              -6.958562629896939
            ],
            [
              110.43568001890088,
              -6.9585408126393995
            ],
            [
              110.43562265851763,
              -6.958392908791456
            ]
          ]
        ]
      }
    },
    {
      "type": "Feature",
      "properties": {
        "sourceLayer": "TPX_BUILDINGS",
        "sourceEntityType": "LWPOLYLINE",
        "sourceHandle": "1478",
        "contextKind": "building",
        "sourceSceneVersionId": "scv-b67f98b3-a52e-4ff8-b837-45864ccd9201",
        "provenance": "topoexport_dxf_2d"
      },
      "geometry": {
        "type": "Polygon",
        "coordinates": [
          [
            [
              110.4354797906541,
              -6.958384139845213
            ],
            [
              110.4354462217095,
              -6.95840165807652
            ],
            [
              110.43549211083686,
              -6.958487308199118
            ],
            [
              110.43552567977714,
              -6.958469789972096
            ],
            [
              110.4354797906541,
              -6.958384139845213
            ]
          ]
        ]
      }
    },
    {
      "type": "Feature",
      "properties": {
        "sourceLayer": "TPX_BUILDINGS",
        "sourceEntityType": "LWPOLYLINE",
        "sourceHandle": "147F",
        "contextKind": "building",
        "sourceSceneVersionId": "scv-b67f98b3-a52e-4ff8-b837-45864ccd9201",
        "provenance": "topoexport_dxf_2d"
      },
      "geometry": {
        "type": "Polygon",
        "coordinates": [
          [
            [
              110.43577180684777,
              -6.958386972507232
            ],
            [
              110.43568076181816,
              -6.958410120012794
            ],
            [
              110.43570436259834,
              -6.95849996751461
            ],
            [
              110.43579530764251,
              -6.958476820128985
            ],
            [
              110.43577180684777,
              -6.958386972507232
            ]
          ]
        ]
      }
    },
    {
      "type": "Feature",
      "properties": {
        "sourceLayer": "TPX_BUILDINGS",
        "sourceEntityType": "LWPOLYLINE",
        "sourceHandle": "1486",
        "contextKind": "building",
        "sourceSceneVersionId": "scv-b67f98b3-a52e-4ff8-b837-45864ccd9201",
        "provenance": "topoexport_dxf_2d"
      },
      "geometry": {
        "type": "Polygon",
        "coordinates": [
          [
            [
              110.4358561238756,
              -6.9583388068868945
            ],
            [
              110.43576918451488,
              -6.958367709498265
            ],
            [
              110.43581693760909,
              -6.958507183377557
            ],
            [
              110.43590387682738,
              -6.958478181466518
            ],
            [
              110.4358561238756,
              -6.9583388068868945
            ]
          ]
        ]
      }
    },
    {
      "type": "Feature",
      "properties": {
        "sourceLayer": "TPX_BUILDINGS",
        "sourceEntityType": "LWPOLYLINE",
        "sourceHandle": "148D",
        "contextKind": "building",
        "sourceSceneVersionId": "scv-b67f98b3-a52e-4ff8-b837-45864ccd9201",
        "provenance": "topoexport_dxf_2d"
      },
      "geometry": {
        "type": "Polygon",
        "coordinates": [
          [
            [
              110.43648033301535,
              -6.958335090302772
            ],
            [
              110.43644245628194,
              -6.958345065999985
            ],
            [
              110.4364815172581,
              -6.9584891184455095
            ],
            [
              110.43651939397856,
              -6.958479142748297
            ],
            [
              110.43648033301535,
              -6.958335090302772
            ]
          ]
        ]
      }
    },
    {
      "type": "Feature",
      "properties": {
        "sourceLayer": "TPX_BUILDINGS",
        "sourceEntityType": "LWPOLYLINE",
        "sourceHandle": "1494",
        "contextKind": "building",
        "sourceSceneVersionId": "scv-b67f98b3-a52e-4ff8-b837-45864ccd9201",
        "provenance": "topoexport_dxf_2d"
      },
      "geometry": {
        "type": "Polygon",
        "coordinates": [
          [
            [
              110.43644245628194,
              -6.958345065999985
            ],
            [
              110.43639698421512,
              -6.958357036865767
            ],
            [
              110.43643604520423,
              -6.958501089307008
            ],
            [
              110.4364815172581,
              -6.9584891184455095
            ],
            [
              110.43644245628194,
              -6.958345065999985
            ]
          ]
        ]
      }
    },
    {
      "type": "Feature",
      "properties": {
        "sourceLayer": "TPX_BUILDINGS",
        "sourceEntityType": "LWPOLYLINE",
        "sourceHandle": "149B",
        "contextKind": "building",
        "sourceSceneVersionId": "scv-b67f98b3-a52e-4ff8-b837-45864ccd9201",
        "provenance": "topoexport_dxf_2d"
      },
      "geometry": {
        "type": "Polygon",
        "coordinates": [
          [
            [
              110.43640978131593,
              -6.958441236490166
            ],
            [
              110.43638499720784,
              -6.958448316750939
            ],
            [
              110.43640587569558,
              -6.958519000693378
            ],
            [
              110.43643065979504,
              -6.958511920436889
            ],
            [
              110.43640978131593,
              -6.958441236490166
            ]
          ]
        ]
      }
    },
    {
      "type": "Feature",
      "properties": {
        "sourceLayer": "TPX_BUILDINGS",
        "sourceEntityType": "LWPOLYLINE",
        "sourceHandle": "14A4",
        "contextKind": "building",
        "sourceSceneVersionId": "scv-b67f98b3-a52e-4ff8-b837-45864ccd9201",
        "provenance": "topoexport_dxf_2d"
      },
      "geometry": {
        "type": "Polygon",
        "coordinates": [
          [
            [
              110.4363560124641,
              -6.958370392756733
            ],
            [
              110.43622239816901,
              -6.958408586209448
            ],
            [
              110.43625552337157,
              -6.958521263746596
            ],
            [
              110.4362974964701,
              -6.9585092969972395
            ],
            [
              110.43631355748495,
              -6.958564196366115
            ],
            [
              110.43640519875488,
              -6.95853806897956
            ],
            [
              110.4363560124641,
              -6.958370392756733
            ]
          ]
        ]
      }
    },
    {
      "type": "Feature",
      "properties": {
        "sourceLayer": "TPX_BUILDINGS",
        "sourceEntityType": "LWPOLYLINE",
        "sourceHandle": "14AB",
        "contextKind": "building",
        "sourceSceneVersionId": "scv-b67f98b3-a52e-4ff8-b837-45864ccd9201",
        "provenance": "topoexport_dxf_2d"
      },
      "geometry": {
        "type": "Polygon",
        "coordinates": [
          [
            [
              110.43618871876141,
              -6.95841736525614
            ],
            [
              110.43612615921722,
              -6.9584355135404525
            ],
            [
              110.43617594457484,
              -6.958602493868878
            ],
            [
              110.43623850409315,
              -6.958584345588848
            ],
            [
              110.43618871876141,
              -6.95841736525614
            ]
          ]
        ]
      }
    },
    {
      "type": "Feature",
      "properties": {
        "sourceLayer": "TPX_BUILDINGS",
        "sourceEntityType": "LWPOLYLINE",
        "sourceHandle": "14B2",
        "contextKind": "building",
        "sourceSceneVersionId": "scv-b67f98b3-a52e-4ff8-b837-45864ccd9201",
        "provenance": "topoexport_dxf_2d"
      },
      "geometry": {
        "type": "Polygon",
        "coordinates": [
          [
            [
              110.43600263870917,
              -6.958471013767038
            ],
            [
              110.43593847941949,
              -6.958488965345314
            ],
            [
              110.43598465830182,
              -6.958649594093135
            ],
            [
              110.4360489175381,
              -6.9586316423992045
            ],
            [
              110.43600263870917,
              -6.958471013767038
            ]
          ]
        ]
      }
    },
    {
      "type": "Feature",
      "properties": {
        "sourceLayer": "TPX_BUILDINGS",
        "sourceEntityType": "LWPOLYLINE",
        "sourceHandle": "14B9",
        "contextKind": "building",
        "sourceSceneVersionId": "scv-b67f98b3-a52e-4ff8-b837-45864ccd9201",
        "provenance": "topoexport_dxf_2d"
      },
      "geometry": {
        "type": "Polygon",
        "coordinates": [
          [
            [
              110.43606678395257,
              -6.958441343650022
            ],
            [
              110.43602650938531,
              -6.958452513933116
            ],
            [
              110.43605291258868,
              -6.958545138814339
            ],
            [
              110.43609328711979,
              -6.9585339684155905
            ],
            [
              110.43606678395257,
              -6.958441343650022
            ]
          ]
        ]
      }
    },
    {
      "type": "Feature",
      "properties": {
        "sourceLayer": "TPX_BUILDINGS",
        "sourceEntityType": "LWPOLYLINE",
        "sourceHandle": "14C0",
        "contextKind": "building",
        "sourceSceneVersionId": "scv-b67f98b3-a52e-4ff8-b837-45864ccd9201",
        "provenance": "topoexport_dxf_2d"
      },
      "geometry": {
        "type": "Polygon",
        "coordinates": [
          [
            [
              110.43594122922626,
              -6.958531168779214
            ],
            [
              110.43587786947056,
              -6.958548920802939
            ],
            [
              110.43590939106114,
              -6.958658124372357
            ],
            [
              110.43597275080388,
              -6.958640372348632
            ],
            [
              110.43594122922626,
              -6.958531168779214
            ]
          ]
        ]
      }
    },
    {
      "type": "Feature",
      "properties": {
        "sourceLayer": "TPX_BUILDINGS",
        "sourceEntityType": "LWPOLYLINE",
        "sourceHandle": "14C9",
        "contextKind": "building",
        "sourceSceneVersionId": "scv-b67f98b3-a52e-4ff8-b837-45864ccd9201",
        "provenance": "topoexport_dxf_2d"
      },
      "geometry": {
        "type": "Polygon",
        "coordinates": [
          [
            [
              110.43580561739293,
              -6.958570854361284
            ],
            [
              110.43574166044755,
              -6.95859079192863
            ],
            [
              110.43576845262318,
              -6.958674279831165
            ],
            [
              110.43579813261744,
              -6.958665008933711
            ],
            [
              110.4358115788598,
              -6.958706901793787
            ],
            [
              110.43584575582982,
              -6.958696235243831
            ],
            [
              110.43580561739293,
              -6.958570854361284
            ]
          ]
        ]
      }
    },
    {
      "type": "Feature",
      "properties": {
        "sourceLayer": "TPX_BUILDINGS",
        "sourceEntityType": "LWPOLYLINE",
        "sourceHandle": "14D0",
        "contextKind": "building",
        "sourceSceneVersionId": "scv-b67f98b3-a52e-4ff8-b837-45864ccd9201",
        "provenance": "topoexport_dxf_2d"
      },
      "geometry": {
        "type": "Polygon",
        "coordinates": [
          [
            [
              110.43586148857135,
              -6.958560758032666
            ],
            [
              110.43581831894011,
              -6.958575308291057
            ],
            [
              110.43585543623726,
              -6.958682320427067
            ],
            [
              110.43589860598071,
              -6.958667869481194
            ],
            [
              110.43586148857135,
              -6.958560758032666
            ]
          ]
        ]
      }
    },
    {
      "type": "Feature",
      "properties": {
        "sourceLayer": "TPX_BUILDINGS",
        "sourceEntityType": "LWPOLYLINE",
        "sourceHandle": "14D7",
        "contextKind": "building",
        "sourceSceneVersionId": "scv-b67f98b3-a52e-4ff8-b837-45864ccd9201",
        "provenance": "topoexport_dxf_2d"
      },
      "geometry": {
        "type": "Polygon",
        "coordinates": [
          [
            [
              110.43607381690778,
              -6.958553952694302
            ],
            [
              110.43603913888428,
              -6.958563626714481
            ],
            [
              110.43605841313432,
              -6.958630340152299
            ],
            [
              110.43609299118532,
              -6.958620666247774
            ],
            [
              110.43607381690778,
              -6.958553952694302
            ]
          ]
        ]
      }
    },
    {
      "type": "Feature",
      "properties": {
        "sourceLayer": "TPX_BUILDINGS",
        "sourceEntityType": "LWPOLYLINE",
        "sourceHandle": "14DE",
        "contextKind": "building",
        "sourceSceneVersionId": "scv-b67f98b3-a52e-4ff8-b837-45864ccd9201",
        "provenance": "topoexport_dxf_2d"
      },
      "geometry": {
        "type": "Polygon",
        "coordinates": [
          [
            [
              110.43638299185461,
              -6.9586101941378935
            ],
            [
              110.43634161810343,
              -6.958621762930403
            ],
            [
              110.43636571109937,
              -6.958705353358067
            ],
            [
              110.43640698486942,
              -6.958693784681211
            ],
            [
              110.43638299185461,
              -6.9586101941378935
            ]
          ]
        ]
      }
    },
    {
      "type": "Feature",
      "properties": {
        "sourceLayer": "TPX_BUILDINGS",
        "sourceEntityType": "LWPOLYLINE",
        "sourceHandle": "14E7",
        "contextKind": "building",
        "sourceSceneVersionId": "scv-b67f98b3-a52e-4ff8-b837-45864ccd9201",
        "provenance": "topoexport_dxf_2d"
      },
      "geometry": {
        "type": "Polygon",
        "coordinates": [
          [
            [
              110.43647073547456,
              -6.958585064464128
            ],
            [
              110.43639128590803,
              -6.9586073043599335
            ],
            [
              110.43643395055886,
              -6.95875532493703
            ],
            [
              110.4364782222394,
              -6.9587427596311064
            ],
            [
              110.43646938454911,
              -6.958709104034418
            ],
            [
              110.43650355819635,
              -6.958695656862461
            ],
            [
              110.43647073547456,
              -6.958585064464128
            ]
          ]
        ]
      }
    },
    {
      "type": "Feature",
      "properties": {
        "sourceLayer": "TPX_BUILDINGS",
        "sourceEntityType": "LWPOLYLINE",
        "sourceHandle": "14EE",
        "contextKind": "building",
        "sourceSceneVersionId": "scv-b67f98b3-a52e-4ff8-b837-45864ccd9201",
        "provenance": "topoexport_dxf_2d"
      },
      "geometry": {
        "type": "Polygon",
        "coordinates": [
          [
            [
              110.43633072352232,
              -6.958623563371906
            ],
            [
              110.43625707114793,
              -6.958644902657164
            ],
            [
              110.43629952911759,
              -6.958787262810527
            ],
            [
              110.43637318134957,
              -6.9587658242213175
            ],
            [
              110.43633072352232,
              -6.958623563371906
            ]
          ]
        ]
      }
    },
    {
      "type": "Feature",
      "properties": {
        "sourceLayer": "TPX_BUILDINGS",
        "sourceEntityType": "LWPOLYLINE",
        "sourceHandle": "14F7",
        "contextKind": "building",
        "sourceSceneVersionId": "scv-b67f98b3-a52e-4ff8-b837-45864ccd9201",
        "provenance": "topoexport_dxf_2d"
      },
      "geometry": {
        "type": "Polygon",
        "coordinates": [
          [
            [
              110.43622839667839,
              -6.958659038518706
            ],
            [
              110.43615274563085,
              -6.958680976039271
            ],
            [
              110.43618034820209,
              -6.958773400886192
            ],
            [
              110.43621252732316,
              -6.958764027754887
            ],
            [
              110.43620208866618,
              -6.958729182331265
            ],
            [
              110.43624556057969,
              -6.958716617950572
            ],
            [
              110.43622839667839,
              -6.958659038518706
            ]
          ]
        ]
      }
    },
    {
      "type": "Feature",
      "properties": {
        "sourceLayer": "TPX_BUILDINGS",
        "sourceEntityType": "LWPOLYLINE",
        "sourceHandle": "14FE",
        "contextKind": "building",
        "sourceSceneVersionId": "scv-b67f98b3-a52e-4ff8-b837-45864ccd9201",
        "provenance": "topoexport_dxf_2d"
      },
      "geometry": {
        "type": "Polygon",
        "coordinates": [
          [
            [
              110.4357028383835,
              -6.958562733137409
            ],
            [
              110.43563528633364,
              -6.958585852881728
            ],
            [
              110.43564983119462,
              -6.958626850652664
            ],
            [
              110.43571728326769,
              -6.958603731023999
            ],
            [
              110.4357028383835,
              -6.958562733137409
            ]
          ]
        ]
      }
    },
    {
      "type": "Feature",
      "properties": {
        "sourceLayer": "TPX_BUILDINGS",
        "sourceEntityType": "LWPOLYLINE",
        "sourceHandle": "1511",
        "contextKind": "building",
        "sourceSceneVersionId": "scv-b67f98b3-a52e-4ff8-b837-45864ccd9201",
        "provenance": "topoexport_dxf_2d"
      },
      "geometry": {
        "type": "Polygon",
        "coordinates": [
          [
            [
              110.43491729694321,
              -6.9587488753118185
            ],
            [
              110.43491026220146,
              -6.958801418551707
            ],
            [
              110.4349241196183,
              -6.958852646030306
            ],
            [
              110.43495676040284,
              -6.958894714765847
            ],
            [
              110.43500327826473,
              -6.958921175432963
            ],
            [
              110.43505657069046,
              -6.9589281633547255
            ],
            [
              110.43510843872282,
              -6.958914496512988
            ],
            [
              110.4351510872258,
              -6.95888226965013
            ],
            [
              110.43517802411927,
              -6.958836455935267
            ],
            [
              110.43518505889122,
              -6.958783912699662
            ],
            [
              110.43517120149595,
              -6.95873268521678
            ],
            [
              110.43513856084517,
              -6.958690715772339
            ],
            [
              110.43509204285384,
              -6.958664155784138
            ],
            [
              110.43503885036608,
              -6.958657167742438
            ],
            [
              110.43498688233534,
              -6.9586708347041135
            ],
            [
              110.43494423382371,
              -6.958703061579822
            ],
            [
              110.43491729694321,
              -6.9587488753118185
            ]
          ]
        ]
      }
    },
    {
      "type": "Feature",
      "properties": {
        "sourceLayer": "TPX_BUILDINGS",
        "sourceEntityType": "LWPOLYLINE",
        "sourceHandle": "1518",
        "contextKind": "building",
        "sourceSceneVersionId": "scv-b67f98b3-a52e-4ff8-b837-45864ccd9201",
        "provenance": "topoexport_dxf_2d"
      },
      "geometry": {
        "type": "Polygon",
        "coordinates": [
          [
            [
              110.43571356435731,
              -6.958837014235677
            ],
            [
              110.43568178739606,
              -6.958848273816509
            ],
            [
              110.43570345322277,
              -6.958908529272042
            ],
            [
              110.43573513033235,
              -6.958897369123666
            ],
            [
              110.43571356435731,
              -6.958837014235677
            ]
          ]
        ]
      }
    },
    {
      "type": "Feature",
      "properties": {
        "sourceLayer": "TPX_BUILDINGS",
        "sourceEntityType": "LWPOLYLINE",
        "sourceHandle": "152B",
        "contextKind": "building",
        "sourceSceneVersionId": "scv-b67f98b3-a52e-4ff8-b837-45864ccd9201",
        "provenance": "topoexport_dxf_2d"
      },
      "geometry": {
        "type": "Polygon",
        "coordinates": [
          [
            [
              110.43526480301131,
              -6.958840524270322
            ],
            [
              110.43525507751332,
              -6.9589001216845805
            ],
            [
              110.43526904392596,
              -6.958958896589009
            ],
            [
              110.43530489193016,
              -6.959007813934646
            ],
            [
              110.43535701450897,
              -6.9590396307312545
            ],
            [
              110.43541740799394,
              -6.95904929165683
            ],
            [
              110.43547707343646,
              -6.959035417014839
            ],
            [
              110.43552671614329,
              -6.959000103308171
            ],
            [
              110.43555894479104,
              -6.958948722005469
            ],
            [
              110.43556877029604,
              -6.958889124479839
            ],
            [
              110.43555470395407,
              -6.958830349686781
            ],
            [
              110.43551885584199,
              -6.958781333015777
            ],
            [
              110.43546683333925,
              -6.958749615390331
            ],
            [
              110.43540633984725,
              -6.958739954576126
            ],
            [
              110.43534677433838,
              -6.958753829106747
            ],
            [
              110.43529703164612,
              -6.958789142946202
            ],
            [
              110.43526480301131,
              -6.958840524270322
            ]
          ]
        ]
      }
    },
    {
      "type": "Feature",
      "properties": {
        "sourceLayer": "TPX_BUILDINGS",
        "sourceEntityType": "LWPOLYLINE",
        "sourceHandle": "1532",
        "contextKind": "building",
        "sourceSceneVersionId": "scv-b67f98b3-a52e-4ff8-b837-45864ccd9201",
        "provenance": "topoexport_dxf_2d"
      },
      "geometry": {
        "type": "Polygon",
        "coordinates": [
          [
            [
              110.43581815658567,
              -6.958856653257214
            ],
            [
              110.4357858863255,
              -6.958873375450605
            ],
            [
              110.43582145569528,
              -6.958940069621324
            ],
            [
              110.43585382592362,
              -6.958923347307995
            ],
            [
              110.43581815658567,
              -6.958856653257214
            ]
          ]
        ]
      }
    },
    {
      "type": "Feature",
      "properties": {
        "sourceLayer": "TPX_BUILDINGS",
        "sourceEntityType": "LWPOLYLINE",
        "sourceHandle": "1539",
        "contextKind": "building",
        "sourceSceneVersionId": "scv-b67f98b3-a52e-4ff8-b837-45864ccd9201",
        "provenance": "topoexport_dxf_2d"
      },
      "geometry": {
        "type": "Polygon",
        "coordinates": [
          [
            [
              110.43589983854616,
              -6.95886201875468
            ],
            [
              110.43584418938548,
              -6.958890487140968
            ],
            [
              110.4358624253577,
              -6.958925025408982
            ],
            [
              110.4359179745502,
              -6.958896557146917
            ],
            [
              110.43589983854616,
              -6.95886201875468
            ]
          ]
        ]
      }
    },
    {
      "type": "Feature",
      "properties": {
        "sourceLayer": "TPX_BUILDINGS",
        "sourceEntityType": "LWPOLYLINE",
        "sourceHandle": "1540",
        "contextKind": "building",
        "sourceSceneVersionId": "scv-b67f98b3-a52e-4ff8-b837-45864ccd9201",
        "provenance": "topoexport_dxf_2d"
      },
      "geometry": {
        "type": "Polygon",
        "coordinates": [
          [
            [
              110.43592719048061,
              -6.958912137899581
            ],
            [
              110.43584496851243,
              -6.95895662657085
            ],
            [
              110.43588123598943,
              -6.9590219295824385
            ],
            [
              110.43596345794899,
              -6.9589774409154534
            ],
            [
              110.43592719048061,
              -6.958912137899581
            ]
          ]
        ]
      }
    },
    {
      "type": "Feature",
      "properties": {
        "sourceLayer": "TPX_BUILDINGS",
        "sourceEntityType": "LWPOLYLINE",
        "sourceHandle": "1547",
        "contextKind": "building",
        "sourceSceneVersionId": "scv-b67f98b3-a52e-4ff8-b837-45864ccd9201",
        "provenance": "topoexport_dxf_2d"
      },
      "geometry": {
        "type": "Polygon",
        "coordinates": [
          [
            [
              110.43596528229708,
              -6.958998194516005
            ],
            [
              110.43590293671826,
              -6.959027961833782
            ],
            [
              110.43593680931308,
              -6.959096942141401
            ],
            [
              110.43599915500408,
              -6.959067274136142
            ],
            [
              110.43596528229708,
              -6.958998194516005
            ]
          ]
        ]
      }
    },
    {
      "type": "Feature",
      "properties": {
        "sourceLayer": "TPX_BUILDINGS",
        "sourceEntityType": "LWPOLYLINE",
        "sourceHandle": "154E",
        "contextKind": "building",
        "sourceSceneVersionId": "scv-b67f98b3-a52e-4ff8-b837-45864ccd9201",
        "provenance": "topoexport_dxf_2d"
      },
      "geometry": {
        "type": "Polygon",
        "coordinates": [
          [
            [
              110.43606441418109,
              -6.958966198922596
            ],
            [
              110.43603543482716,
              -6.958976164146696
            ],
            [
              110.43606422430369,
              -6.959057961436193
            ],
            [
              110.43609320365331,
              -6.959047996212093
            ],
            [
              110.43606441418109,
              -6.958966198922596
            ]
          ]
        ]
      }
    },
    {
      "type": "Feature",
      "properties": {
        "sourceLayer": "TPX_BUILDINGS",
        "sourceEntityType": "LWPOLYLINE",
        "sourceHandle": "1555",
        "contextKind": "building",
        "sourceSceneVersionId": "scv-b67f98b3-a52e-4ff8-b837-45864ccd9201",
        "provenance": "topoexport_dxf_2d"
      },
      "geometry": {
        "type": "Polygon",
        "coordinates": [
          [
            [
              110.43598411860052,
              -6.958949808364907
            ],
            [
              110.43596413522629,
              -6.958958670553975
            ],
            [
              110.436010344005,
              -6.959060905083216
            ],
            [
              110.43603042746824,
              -6.95905214208673
            ],
            [
              110.43598411860052,
              -6.958949808364907
            ]
          ]
        ]
      }
    },
    {
      "type": "Feature",
      "properties": {
        "sourceLayer": "TPX_BUILDINGS",
        "sourceEntityType": "LWPOLYLINE",
        "sourceHandle": "155C",
        "contextKind": "building",
        "sourceSceneVersionId": "scv-b67f98b3-a52e-4ff8-b837-45864ccd9201",
        "provenance": "topoexport_dxf_2d"
      },
      "geometry": {
        "type": "Polygon",
        "coordinates": [
          [
            [
              110.43608159089882,
              -6.9589510835359265
            ],
            [
              110.43606480500895,
              -6.958958650914212
            ],
            [
              110.43609236805206,
              -6.959018104938929
            ],
            [
              110.43610915393762,
              -6.959010537560642
            ],
            [
              110.43608159089882,
              -6.9589510835359265
            ]
          ]
        ]
      }
    },
    {
      "type": "Feature",
      "properties": {
        "sourceLayer": "TPX_BUILDINGS",
        "sourceEntityType": "LWPOLYLINE",
        "sourceHandle": "1563",
        "contextKind": "building",
        "sourceSceneVersionId": "scv-b67f98b3-a52e-4ff8-b837-45864ccd9201",
        "provenance": "topoexport_dxf_2d"
      },
      "geometry": {
        "type": "Polygon",
        "coordinates": [
          [
            [
              110.43612481641317,
              -6.958899788592494
            ],
            [
              110.4360770537908,
              -6.9589190118164845
            ],
            [
              110.4361264815872,
              -6.959037926603833
            ],
            [
              110.43617424420094,
              -6.959018703384126
            ],
            [
              110.43612481641317,
              -6.958899788592494
            ]
          ]
        ]
      }
    },
    {
      "type": "Feature",
      "properties": {
        "sourceLayer": "TPX_BUILDINGS",
        "sourceEntityType": "LWPOLYLINE",
        "sourceHandle": "156A",
        "contextKind": "building",
        "sourceSceneVersionId": "scv-b67f98b3-a52e-4ff8-b837-45864ccd9201",
        "provenance": "topoexport_dxf_2d"
      },
      "geometry": {
        "type": "Polygon",
        "coordinates": [
          [
            [
              110.43621155563038,
              -6.9588707869727315
            ],
            [
              110.43614620413622,
              -6.958894897143638
            ],
            [
              110.43619002907991,
              -6.95901004478465
            ],
            [
              110.43625528059295,
              -6.958985934729397
            ],
            [
              110.43621155563038,
              -6.9588707869727315
            ]
          ]
        ]
      }
    },
    {
      "type": "Feature",
      "properties": {
        "sourceLayer": "TPX_BUILDINGS",
        "sourceEntityType": "LWPOLYLINE",
        "sourceHandle": "1571",
        "contextKind": "building",
        "sourceSceneVersionId": "scv-b67f98b3-a52e-4ff8-b837-45864ccd9201",
        "provenance": "topoexport_dxf_2d"
      },
      "geometry": {
        "type": "Polygon",
        "coordinates": [
          [
            [
              110.43629815703426,
              -6.958810205000256
            ],
            [
              110.43624359299395,
              -6.958826556257001
            ],
            [
              110.43629477583043,
              -6.95899184667488
            ],
            [
              110.43634923976447,
              -6.958975396234121
            ],
            [
              110.43629815703426,
              -6.958810205000256
            ]
          ]
        ]
      }
    },
    {
      "type": "Feature",
      "properties": {
        "sourceLayer": "TPX_BUILDINGS",
        "sourceEntityType": "LWPOLYLINE",
        "sourceHandle": "157C",
        "contextKind": "building",
        "sourceSceneVersionId": "scv-b67f98b3-a52e-4ff8-b837-45864ccd9201",
        "provenance": "topoexport_dxf_2d"
      },
      "geometry": {
        "type": "Polygon",
        "coordinates": [
          [
            [
              110.43636159139281,
              -6.958854720203409
            ],
            [
              110.43632571505437,
              -6.958865488032
            ],
            [
              110.43635793024269,
              -6.958969626003339
            ],
            [
              110.43639120830605,
              -6.958959655724731
            ],
            [
              110.43638739469215,
              -6.958947345808539
            ],
            [
              110.43643226509863,
              -6.958933886000311
            ],
            [
              110.4364154043513,
              -6.958878987569518
            ],
            [
              110.43637303235099,
              -6.958891749260218
            ],
            [
              110.43636159139281,
              -6.958854720203409
            ]
          ]
        ]
      }
    },
    {
      "type": "Feature",
      "properties": {
        "sourceLayer": "TPX_BUILDINGS",
        "sourceEntityType": "LWPOLYLINE",
        "sourceHandle": "1583",
        "contextKind": "building",
        "sourceSceneVersionId": "scv-b67f98b3-a52e-4ff8-b837-45864ccd9201",
        "provenance": "topoexport_dxf_2d"
      },
      "geometry": {
        "type": "Polygon",
        "coordinates": [
          [
            [
              110.43648644559099,
              -6.958764300154324
            ],
            [
              110.43640549150466,
              -6.958782370813386
            ],
            [
              110.43643584081018,
              -6.958914516358358
            ],
            [
              110.43651679487061,
              -6.958896445707863
            ],
            [
              110.43648644559099,
              -6.958764300154324
            ]
          ]
        ]
      }
    },
    {
      "type": "Feature",
      "properties": {
        "sourceLayer": "TPX_BUILDINGS",
        "sourceEntityType": "LWPOLYLINE",
        "sourceHandle": "158A",
        "contextKind": "building",
        "sourceSceneVersionId": "scv-b67f98b3-a52e-4ff8-b837-45864ccd9201",
        "provenance": "topoexport_dxf_2d"
      },
      "geometry": {
        "type": "Polygon",
        "coordinates": [
          [
            [
              110.4362329868991,
              -6.958818822615381
            ],
            [
              110.43620610594483,
              -6.9588279908720505
            ],
            [
              110.4362418179654,
              -6.95893033712734
            ],
            [
              110.43626859905935,
              -6.958921268298842
            ],
            [
              110.4362329868991,
              -6.958818822615381
            ]
          ]
        ]
      }
    },
    {
      "type": "Feature",
      "properties": {
        "sourceLayer": "TPX_BUILDINGS",
        "sourceEntityType": "LWPOLYLINE",
        "sourceHandle": "1591",
        "contextKind": "building",
        "sourceSceneVersionId": "scv-b67f98b3-a52e-4ff8-b837-45864ccd9201",
        "provenance": "topoexport_dxf_2d"
      },
      "geometry": {
        "type": "Polygon",
        "coordinates": [
          [
            [
              110.43612297051881,
              -6.958861059940187
            ],
            [
              110.43609658680333,
              -6.958868042794591
            ],
            [
              110.43610462047171,
              -6.958898124185796
            ],
            [
              110.43613100418719,
              -6.9588911413271095
            ],
            [
              110.43612297051881,
              -6.958861059940187
            ]
          ]
        ]
      }
    },
    {
      "type": "Feature",
      "properties": {
        "sourceLayer": "TPX_BUILDINGS",
        "sourceEntityType": "LWPOLYLINE",
        "sourceHandle": "1598",
        "contextKind": "building",
        "sourceSceneVersionId": "scv-b67f98b3-a52e-4ff8-b837-45864ccd9201",
        "provenance": "topoexport_dxf_2d"
      },
      "geometry": {
        "type": "Polygon",
        "coordinates": [
          [
            [
              110.43597957879543,
              -6.958832131572241
            ],
            [
              110.43591522593013,
              -6.958855346812497
            ],
            [
              110.43593528470556,
              -6.958909347661163
            ],
            [
              110.43599963756222,
              -6.958886132420909
            ],
            [
              110.43597957879543,
              -6.958832131572241
            ]
          ]
        ]
      }
    },
    {
      "type": "Feature",
      "properties": {
        "sourceLayer": "TPX_BUILDINGS",
        "sourceEntityType": "LWPOLYLINE",
        "sourceHandle": "159F",
        "contextKind": "building",
        "sourceSceneVersionId": "scv-b67f98b3-a52e-4ff8-b837-45864ccd9201",
        "provenance": "topoexport_dxf_2d"
      },
      "geometry": {
        "type": "Polygon",
        "coordinates": [
          [
            [
              110.4357757497005,
              -6.958756996304385
            ],
            [
              110.43573967783593,
              -6.958771438871769
            ],
            [
              110.43577888021144,
              -6.958866531355301
            ],
            [
              110.4358149520717,
              -6.9588520887922005
            ],
            [
              110.4357757497005,
              -6.958756996304385
            ]
          ]
        ]
      }
    },
    {
      "type": "Feature",
      "properties": {
        "sourceLayer": "TPX_BUILDINGS",
        "sourceEntityType": "LWPOLYLINE",
        "sourceHandle": "15A6",
        "contextKind": "building",
        "sourceSceneVersionId": "scv-b67f98b3-a52e-4ff8-b837-45864ccd9201",
        "provenance": "topoexport_dxf_2d"
      },
      "geometry": {
        "type": "Polygon",
        "coordinates": [
          [
            [
              110.43584701300972,
              -6.958744200410086
            ],
            [
              110.43580004858792,
              -6.958762131693227
            ],
            [
              110.4358267220713,
              -6.958830028095842
            ],
            [
              110.4358735865163,
              -6.958812096932638
            ],
            [
              110.43584701300972,
              -6.958744200410086
            ]
          ]
        ]
      }
    },
    {
      "type": "Feature",
      "properties": {
        "sourceLayer": "TPX_BUILDINGS",
        "sourceEntityType": "LWPOLYLINE",
        "sourceHandle": "15AD",
        "contextKind": "building",
        "sourceSceneVersionId": "scv-b67f98b3-a52e-4ff8-b837-45864ccd9201",
        "provenance": "topoexport_dxf_2d"
      },
      "geometry": {
        "type": "Polygon",
        "coordinates": [
          [
            [
              110.43595005222295,
              -6.95871925118226
            ],
            [
              110.43587510241125,
              -6.958742379634897
            ],
            [
              110.43590920343632,
              -6.958835094721956
            ],
            [
              110.43598485052243,
              -6.958809879939696
            ],
            [
              110.43595005222295,
              -6.95871925118226
            ]
          ]
        ]
      }
    },
    {
      "type": "Feature",
      "properties": {
        "sourceLayer": "TPX_BUILDINGS",
        "sourceEntityType": "LWPOLYLINE",
        "sourceHandle": "15B4",
        "contextKind": "building",
        "sourceSceneVersionId": "scv-b67f98b3-a52e-4ff8-b837-45864ccd9201",
        "provenance": "topoexport_dxf_2d"
      },
      "geometry": {
        "type": "Polygon",
        "coordinates": [
          [
            [
              110.43603569596307,
              -6.9586937266657385
            ],
            [
              110.43597304209078,
              -6.958716542646968
            ],
            [
              110.43601195510834,
              -6.958820474068831
            ],
            [
              110.4360745089995,
              -6.958797658207538
            ],
            [
              110.43603569596307,
              -6.9586937266657385
            ]
          ]
        ]
      }
    },
    {
      "type": "Feature",
      "properties": {
        "sourceLayer": "TPX_BUILDINGS",
        "sourceEntityType": "LWPOLYLINE",
        "sourceHandle": "15BB",
        "contextKind": "building",
        "sourceSceneVersionId": "scv-b67f98b3-a52e-4ff8-b837-45864ccd9201",
        "provenance": "topoexport_dxf_2d"
      },
      "geometry": {
        "type": "Polygon",
        "coordinates": [
          [
            [
              110.43610405753685,
              -6.95867874942563
            ],
            [
              110.43605239606484,
              -6.958697977258646
            ],
            [
              110.43609010228357,
              -6.958795951518595
            ],
            [
              110.43614166365795,
              -6.958776624497282
            ],
            [
              110.43610405753685,
              -6.95867874942563
            ]
          ]
        ]
      }
    },
    {
      "type": "Feature",
      "properties": {
        "sourceLayer": "TPX_BUILDINGS",
        "sourceEntityType": "LWPOLYLINE",
        "sourceHandle": "15C2",
        "contextKind": "building",
        "sourceSceneVersionId": "scv-b67f98b3-a52e-4ff8-b837-45864ccd9201",
        "provenance": "topoexport_dxf_2d"
      },
      "geometry": {
        "type": "Polygon",
        "coordinates": [
          [
            [
              110.4361349396737,
              -6.958671562638957
            ],
            [
              110.43611275646873,
              -6.958680030178025
            ],
            [
              110.43616449941788,
              -6.958812150441889
            ],
            [
              110.43618668261854,
              -6.95880368290282
            ],
            [
              110.4361349396737,
              -6.958671562638957
            ]
          ]
        ]
      }
    },
    {
      "type": "Feature",
      "properties": {
        "sourceLayer": "TPX_BUILDINGS",
        "sourceEntityType": "LWPOLYLINE",
        "sourceHandle": "15C9",
        "contextKind": "building",
        "sourceSceneVersionId": "scv-b67f98b3-a52e-4ff8-b837-45864ccd9201",
        "provenance": "topoexport_dxf_2d"
      },
      "geometry": {
        "type": "Polygon",
        "coordinates": [
          [
            [
              110.43622013348798,
              -6.958771069768453
            ],
            [
              110.43618595806716,
              -6.958783027312608
            ],
            [
              110.43619759338632,
              -6.958815388578264
            ],
            [
              110.43623176880715,
              -6.958803431029826
            ],
            [
              110.43622013348798,
              -6.958771069768453
            ]
          ]
        ]
      }
    },
    {
      "type": "Feature",
      "properties": {
        "sourceLayer": "TPX_BUILDINGS",
        "sourceEntityType": "LWPOLYLINE",
        "sourceHandle": "15CF",
        "contextKind": "building",
        "sourceSceneVersionId": "scv-b67f98b3-a52e-4ff8-b837-45864ccd9201",
        "provenance": "topoexport_dxf_2d"
      },
      "geometry": {
        "type": "Polygon",
        "coordinates": [
          [
            [
              110.43652549639917,
              -6.958730190050267
            ],
            [
              110.43649181195995,
              -6.958737579475599
            ],
            [
              110.43652549639917,
              -6.958886348072784
            ],
            [
              110.43652549639917,
              -6.958730190050267
            ]
          ]
        ]
      }
    },
    {
      "type": "Feature",
      "properties": {
        "sourceLayer": "TPX_BUILDINGS",
        "sourceEntityType": "LWPOLYLINE",
        "sourceHandle": "15D6",
        "contextKind": "building",
        "sourceSceneVersionId": "scv-b67f98b3-a52e-4ff8-b837-45864ccd9201",
        "provenance": "topoexport_dxf_2d"
      },
      "geometry": {
        "type": "Polygon",
        "coordinates": [
          [
            [
              110.43652549639933,
              -6.958975734444968
            ],
            [
              110.43646981853759,
              -6.958987866206881
            ],
            [
              110.43649373927981,
              -6.959094596031477
            ],
            [
              110.43652549639933,
              -6.959087676409826
            ],
            [
              110.43652549639933,
              -6.958975734444968
            ]
          ]
        ]
      }
    },
    {
      "type": "Feature",
      "properties": {
        "sourceLayer": "TPX_BUILDINGS",
        "sourceEntityType": "LWPOLYLINE",
        "sourceHandle": "15DE",
        "contextKind": "building",
        "sourceSceneVersionId": "scv-b67f98b3-a52e-4ff8-b837-45864ccd9201",
        "provenance": "topoexport_dxf_2d"
      },
      "geometry": {
        "type": "Polygon",
        "coordinates": [
          [
            [
              110.43651600925054,
              -6.958574484174922
            ],
            [
              110.4364819298494,
              -6.958583164363145
            ],
            [
              110.43650693670882,
              -6.958678571584046
            ],
            [
              110.43652549640171,
              -6.958673844342453
            ],
            [
              110.43652549640171,
              -6.95861067996608
            ],
            [
              110.43651600925054,
              -6.958574484174922
            ]
          ]
        ]
      }
    },
    {
      "type": "Feature",
      "properties": {
        "sourceLayer": "TPX_BUILDINGS",
        "sourceEntityType": "LWPOLYLINE",
        "sourceHandle": "15E5",
        "contextKind": "building",
        "sourceSceneVersionId": "scv-b67f98b3-a52e-4ff8-b837-45864ccd9201",
        "provenance": "topoexport_dxf_2d"
      },
      "geometry": {
        "type": "Polygon",
        "coordinates": [
          [
            [
              110.43652549639918,
              -6.958372038791579
            ],
            [
              110.43649608160585,
              -6.958379562512622
            ],
            [
              110.43652510606759,
              -6.958490655945501
            ],
            [
              110.43652549639918,
              -6.958490556298871
            ],
            [
              110.43652549639918,
              -6.958372038791579
            ]
          ]
        ]
      }
    },
    {
      "type": "Feature",
      "properties": {
        "sourceLayer": "TPX_BUILDINGS",
        "sourceEntityType": "LWPOLYLINE",
        "sourceHandle": "15EC",
        "contextKind": "building",
        "sourceSceneVersionId": "scv-b67f98b3-a52e-4ff8-b837-45864ccd9201",
        "provenance": "topoexport_dxf_2d"
      },
      "geometry": {
        "type": "Polygon",
        "coordinates": [
          [
            [
              110.4365254963992,
              -6.958128092987883
            ],
            [
              110.436492091574,
              -6.958136556080698
            ],
            [
              110.43651378432814,
              -6.958219354869582
            ],
            [
              110.4365254963992,
              -6.958216358372964
            ],
            [
              110.4365254963992,
              -6.958128092987883
            ]
          ]
        ]
      }
    },
    {
      "type": "Feature",
      "properties": {
        "sourceLayer": "TPX_BUILDINGS",
        "sourceEntityType": "LWPOLYLINE",
        "sourceHandle": "15F3",
        "contextKind": "building",
        "sourceSceneVersionId": "scv-b67f98b3-a52e-4ff8-b837-45864ccd9201",
        "provenance": "topoexport_dxf_2d"
      },
      "geometry": {
        "type": "Polygon",
        "coordinates": [
          [
            [
              110.43652549640076,
              -6.958314790948297
            ],
            [
              110.43649551191481,
              -6.9583212683176185
            ],
            [
              110.43650626724127,
              -6.95837011605668
            ],
            [
              110.43652549640076,
              -6.958366019069419
            ],
            [
              110.43652549640076,
              -6.958314790948297
            ]
          ]
        ]
      }
    },
    {
      "type": "Feature",
      "properties": {
        "sourceLayer": "TPX_BUILDINGS",
        "sourceEntityType": "LWPOLYLINE",
        "sourceHandle": "15FA",
        "contextKind": "building",
        "sourceSceneVersionId": "scv-b67f98b3-a52e-4ff8-b837-45864ccd9201",
        "provenance": "topoexport_dxf_2d"
      },
      "geometry": {
        "type": "Polygon",
        "coordinates": [
          [
            [
              110.43629876499493,
              -6.958316535121987
            ],
            [
              110.43625678985526,
              -6.9583268136056535
            ],
            [
              110.43627235888306,
              -6.95838826800337
            ],
            [
              110.4363143340184,
              -6.958377989519703
            ],
            [
              110.43629876499493,
              -6.958316535121987
            ]
          ]
        ]
      }
    },
    {
      "type": "Feature",
      "properties": {
        "sourceLayer": "TPX_BUILDINGS",
        "sourceEntityType": "LWPOLYLINE",
        "sourceHandle": "1601",
        "contextKind": "building",
        "sourceSceneVersionId": "scv-b67f98b3-a52e-4ff8-b837-45864ccd9201",
        "provenance": "topoexport_dxf_2d"
      },
      "geometry": {
        "type": "Polygon",
        "coordinates": [
          [
            [
              110.4364258829334,
              -6.958279739699107
            ],
            [
              110.43638081300053,
              -6.958293596980148
            ],
            [
              110.43639696921947,
              -6.958344523844017
            ],
            [
              110.43644203903152,
              -6.958330567259025
            ],
            [
              110.4364258829334,
              -6.958279739699107
            ]
          ]
        ]
      }
    },
    {
      "type": "Feature",
      "properties": {
        "sourceLayer": "TPX_BUILDINGS",
        "sourceEntityType": "LWPOLYLINE",
        "sourceHandle": "1608",
        "contextKind": "building",
        "sourceSceneVersionId": "scv-b67f98b3-a52e-4ff8-b837-45864ccd9201",
        "provenance": "topoexport_dxf_2d"
      },
      "geometry": {
        "type": "Polygon",
        "coordinates": [
          [
            [
              110.43633239942848,
              -6.958270217022896
            ],
            [
              110.43629532090858,
              -6.958278900762125
            ],
            [
              110.43631702237965,
              -6.958368949150656
            ],
            [
              110.43635410089523,
              -6.958360265411427
            ],
            [
              110.43633239942848,
              -6.958270217022896
            ]
          ]
        ]
      }
    },
    {
      "type": "Feature",
      "properties": {
        "sourceLayer": "TPX_BUILDINGS",
        "sourceEntityType": "LWPOLYLINE",
        "sourceHandle": "160F",
        "contextKind": "building",
        "sourceSceneVersionId": "scv-b67f98b3-a52e-4ff8-b837-45864ccd9201",
        "provenance": "topoexport_dxf_2d"
      },
      "geometry": {
        "type": "Polygon",
        "coordinates": [
          [
            [
              110.43648283704867,
              -6.958255639487295
            ],
            [
              110.43643636550718,
              -6.958267810147504
            ],
            [
              110.43645122675284,
              -6.958322611625977
            ],
            [
              110.4364975983175,
              -6.958310441085706
            ],
            [
              110.43648283704867,
              -6.958255639487295
            ]
          ]
        ]
      }
    },
    {
      "type": "Feature",
      "properties": {
        "sourceLayer": "TPX_BUILDINGS",
        "sourceEntityType": "LWPOLYLINE",
        "sourceHandle": "1616",
        "contextKind": "building",
        "sourceSceneVersionId": "scv-b67f98b3-a52e-4ff8-b837-45864ccd9201",
        "provenance": "topoexport_dxf_2d"
      },
      "geometry": {
        "type": "Polygon",
        "coordinates": [
          [
            [
              110.43627294891799,
              -6.958213283385832
            ],
            [
              110.43621928226966,
              -6.958227746689548
            ],
            [
              110.43624468419888,
              -6.958319081733111
            ],
            [
              110.43629825086177,
              -6.958304618549332
            ],
            [
              110.43627294891799,
              -6.958213283385832
            ]
          ]
        ]
      }
    },
    {
      "type": "Feature",
      "properties": {
        "sourceLayer": "TPX_BUILDINGS",
        "sourceEntityType": "LWPOLYLINE",
        "sourceHandle": "161D",
        "contextKind": "building",
        "sourceSceneVersionId": "scv-b67f98b3-a52e-4ff8-b837-45864ccd9201",
        "provenance": "topoexport_dxf_2d"
      },
      "geometry": {
        "type": "Polygon",
        "coordinates": [
          [
            [
              110.43620369266223,
              -6.958232531976599
            ],
            [
              110.4361228434592,
              -6.958254773560097
            ],
            [
              110.43615878547216,
              -6.95838214561901
            ],
            [
              110.43623973473831,
              -6.958360003228092
            ],
            [
              110.43620369266223,
              -6.958232531976599
            ]
          ]
        ]
      }
    },
    {
      "type": "Feature",
      "properties": {
        "sourceLayer": "TPX_BUILDINGS",
        "sourceEntityType": "LWPOLYLINE",
        "sourceHandle": "1624",
        "contextKind": "building",
        "sourceSceneVersionId": "scv-b67f98b3-a52e-4ff8-b837-45864ccd9201",
        "provenance": "topoexport_dxf_2d"
      },
      "geometry": {
        "type": "Polygon",
        "coordinates": [
          [
            [
              110.4360607581446,
              -6.958251569678723
            ],
            [
              110.43603247710504,
              -6.958260342355878
            ],
            [
              110.43607151285399,
              -6.958383241813322
            ],
            [
              110.4360997938849,
              -6.958374469136166
            ],
            [
              110.4360607581446,
              -6.958251569678723
            ]
          ]
        ]
      }
    },
    {
      "type": "Feature",
      "properties": {
        "sourceLayer": "TPX_BUILDINGS",
        "sourceEntityType": "LWPOLYLINE",
        "sourceHandle": "162B",
        "contextKind": "building",
        "sourceSceneVersionId": "scv-b67f98b3-a52e-4ff8-b837-45864ccd9201",
        "provenance": "topoexport_dxf_2d"
      },
      "geometry": {
        "type": "Polygon",
        "coordinates": [
          [
            [
              110.43610854417315,
              -6.958251811159991
            ],
            [
              110.43606986720668,
              -6.958261390592332
            ],
            [
              110.43608292486515,
              -6.958312718351515
            ],
            [
              110.43612170179979,
              -6.958303138799238
            ],
            [
              110.43610854417315,
              -6.958251811159991
            ]
          ]
        ]
      }
    },
    {
      "type": "Feature",
      "properties": {
        "sourceLayer": "TPX_BUILDINGS",
        "sourceEntityType": "LWPOLYLINE",
        "sourceHandle": "1632",
        "contextKind": "building",
        "sourceSceneVersionId": "scv-b67f98b3-a52e-4ff8-b837-45864ccd9201",
        "provenance": "topoexport_dxf_2d"
      },
      "geometry": {
        "type": "Polygon",
        "coordinates": [
          [
            [
              110.4360233750726,
              -6.958256380718064
            ],
            [
              110.4359407315387,
              -6.958282894778776
            ],
            [
              110.43599581562412,
              -6.958450067452654
            ],
            [
              110.43607845912783,
              -6.958423553396225
            ],
            [
              110.4360233750726,
              -6.958256380718064
            ]
          ]
        ]
      }
    },
    {
      "type": "Feature",
      "properties": {
        "sourceLayer": "TPX_BUILDINGS",
        "sourceEntityType": "LWPOLYLINE",
        "sourceHandle": "1639",
        "contextKind": "building",
        "sourceSceneVersionId": "scv-b67f98b3-a52e-4ff8-b837-45864ccd9201",
        "provenance": "topoexport_dxf_2d"
      },
      "geometry": {
        "type": "Polygon",
        "coordinates": [
          [
            [
              110.43594937767291,
              -6.958323502285998
            ],
            [
              110.43590860622506,
              -6.958337155908912
            ],
            [
              110.43594622574948,
              -6.958446153652761
            ],
            [
              110.43598699718439,
              -6.958432500029846
            ],
            [
              110.43594937767291,
              -6.958323502285998
            ]
          ]
        ]
      }
    },
    {
      "type": "Feature",
      "properties": {
        "sourceLayer": "TPX_BUILDINGS",
        "sourceEntityType": "LWPOLYLINE",
        "sourceHandle": "1640",
        "contextKind": "building",
        "sourceSceneVersionId": "scv-b67f98b3-a52e-4ff8-b837-45864ccd9201",
        "provenance": "topoexport_dxf_2d"
      },
      "geometry": {
        "type": "Polygon",
        "coordinates": [
          [
            [
              110.43590860622506,
              -6.958337155908912
            ],
            [
              110.43586923388293,
              -6.958350410645464
            ],
            [
              110.43590685341597,
              -6.958459408389312
            ],
            [
              110.43594622574948,
              -6.958446153652761
            ],
            [
              110.43590860622506,
              -6.958337155908912
            ]
          ]
        ]
      }
    },
    {
      "type": "Feature",
      "properties": {
        "sourceLayer": "TPX_BUILDINGS",
        "sourceEntityType": "LWPOLYLINE",
        "sourceHandle": "1647",
        "contextKind": "building",
        "sourceSceneVersionId": "scv-b67f98b3-a52e-4ff8-b837-45864ccd9201",
        "provenance": "topoexport_dxf_2d"
      },
      "geometry": {
        "type": "Polygon",
        "coordinates": [
          [
            [
              110.43554086014767,
              -6.958290617064887
            ],
            [
              110.43547261756822,
              -6.958321483815288
            ],
            [
              110.43550068152675,
              -6.958381731701911
            ],
            [
              110.43556882412507,
              -6.958350865071447
            ],
            [
              110.43554086014767,
              -6.958290617064887
            ]
          ]
        ]
      }
    },
    {
      "type": "Feature",
      "properties": {
        "sourceLayer": "TPX_BUILDINGS",
        "sourceEntityType": "LWPOLYLINE",
        "sourceHandle": "164E",
        "contextKind": "building",
        "sourceSceneVersionId": "scv-b67f98b3-a52e-4ff8-b837-45864ccd9201",
        "provenance": "topoexport_dxf_2d"
      },
      "geometry": {
        "type": "Polygon",
        "coordinates": [
          [
            [
              110.43539325353521,
              -6.9583317072819195
            ],
            [
              110.43536467784715,
              -6.958344849984013
            ],
            [
              110.43537780801555,
              -6.9583732370698215
            ],
            [
              110.4354063836993,
              -6.958360094367728
            ],
            [
              110.43539325353521,
              -6.9583317072819195
            ]
          ]
        ]
      }
    },
    {
      "type": "Feature",
      "properties": {
        "sourceLayer": "TPX_BUILDINGS",
        "sourceEntityType": "LWPOLYLINE",
        "sourceHandle": "1655",
        "contextKind": "building",
        "sourceSceneVersionId": "scv-b67f98b3-a52e-4ff8-b837-45864ccd9201",
        "provenance": "topoexport_dxf_2d"
      },
      "geometry": {
        "type": "Polygon",
        "coordinates": [
          [
            [
              110.43543565166895,
              -6.958340694334472
            ],
            [
              110.43540397762324,
              -6.958354436552634
            ],
            [
              110.43542152029977,
              -6.9583943383605655
            ],
            [
              110.43545319434118,
              -6.958380596142404
            ],
            [
              110.43543565166895,
              -6.958340694334472
            ]
          ]
        ]
      }
    },
    {
      "type": "Feature",
      "properties": {
        "sourceLayer": "TPX_BUILDINGS",
        "sourceEntityType": "LWPOLYLINE",
        "sourceHandle": "165C",
        "contextKind": "building",
        "sourceSceneVersionId": "scv-b67f98b3-a52e-4ff8-b837-45864ccd9201",
        "provenance": "topoexport_dxf_2d"
      },
      "geometry": {
        "type": "Polygon",
        "coordinates": [
          [
            [
              110.43525782468345,
              -6.958357290807682
            ],
            [
              110.43522654539682,
              -6.958366762249171
            ],
            [
              110.43523507623492,
              -6.958394558912743
            ],
            [
              110.43526635540073,
              -6.9583849881630195
            ],
            [
              110.43525782468345,
              -6.958357290807682
            ]
          ]
        ]
      }
    },
    {
      "type": "Feature",
      "properties": {
        "sourceLayer": "TPX_BUILDINGS",
        "sourceEntityType": "LWPOLYLINE",
        "sourceHandle": "1663",
        "contextKind": "building",
        "sourceSceneVersionId": "scv-b67f98b3-a52e-4ff8-b837-45864ccd9201",
        "provenance": "topoexport_dxf_2d"
      },
      "geometry": {
        "type": "Polygon",
        "coordinates": [
          [
            [
              110.43519084787134,
              -6.958359952104741
            ],
            [
              110.43509091268608,
              -6.958389068838784
            ],
            [
              110.4351090813267,
              -6.958450718751729
            ],
            [
              110.43520911647153,
              -6.958421601906315
            ],
            [
              110.43519084787134,
              -6.958359952104741
            ]
          ]
        ]
      }
    },
    {
      "type": "Feature",
      "properties": {
        "sourceLayer": "TPX_BUILDINGS",
        "sourceEntityType": "LWPOLYLINE",
        "sourceHandle": "166A",
        "contextKind": "building",
        "sourceSceneVersionId": "scv-b67f98b3-a52e-4ff8-b837-45864ccd9201",
        "provenance": "topoexport_dxf_2d"
      },
      "geometry": {
        "type": "Polygon",
        "coordinates": [
          [
            [
              110.43515778644887,
              -6.958300603937702
            ],
            [
              110.4351202144143,
              -6.958314551775826
            ],
            [
              110.43513947008266,
              -6.958365673563803
            ],
            [
              110.43517704211291,
              -6.958351725725679
            ],
            [
              110.43515778644887,
              -6.958300603937702
            ]
          ]
        ]
      }
    },
    {
      "type": "Feature",
      "properties": {
        "sourceLayer": "TPX_BUILDINGS",
        "sourceEntityType": "LWPOLYLINE",
        "sourceHandle": "1671",
        "contextKind": "building",
        "sourceSceneVersionId": "scv-b67f98b3-a52e-4ff8-b837-45864ccd9201",
        "provenance": "topoexport_dxf_2d"
      },
      "geometry": {
        "type": "Polygon",
        "coordinates": [
          [
            [
              110.4352014582038,
              -6.958287939914664
            ],
            [
              110.43519319599297,
              -6.9583173454024765
            ],
            [
              110.43524039746269,
              -6.958330299147352
            ],
            [
              110.43524875965035,
              -6.958300893539602
            ],
            [
              110.4352014582038,
              -6.958287939914664
            ]
          ]
        ]
      }
    },
    {
      "type": "Feature",
      "properties": {
        "sourceLayer": "TPX_BUILDINGS",
        "sourceEntityType": "LWPOLYLINE",
        "sourceHandle": "1678",
        "contextKind": "building",
        "sourceSceneVersionId": "scv-b67f98b3-a52e-4ff8-b837-45864ccd9201",
        "provenance": "topoexport_dxf_2d"
      },
      "geometry": {
        "type": "Polygon",
        "coordinates": [
          [
            [
              110.43537451819678,
              -6.9582143452094884
            ],
            [
              110.43534244760112,
              -6.9582308685765195
            ],
            [
              110.43537741630738,
              -6.958296768949585
            ],
            [
              110.4354094868944,
              -6.958280245582554
            ],
            [
              110.43537451819678,
              -6.9582143452094884
            ]
          ]
        ]
      }
    },
    {
      "type": "Feature",
      "properties": {
        "sourceLayer": "TPX_BUILDINGS",
        "sourceEntityType": "LWPOLYLINE",
        "sourceHandle": "167F",
        "contextKind": "building",
        "sourceSceneVersionId": "scv-b67f98b3-a52e-4ff8-b837-45864ccd9201",
        "provenance": "topoexport_dxf_2d"
      },
      "geometry": {
        "type": "Polygon",
        "coordinates": [
          [
            [
              110.43551349335998,
              -6.958228183536124
            ],
            [
              110.4354404540038,
              -6.958260545611358
            ],
            [
              110.43546340792952,
              -6.9583111664847275
            ],
            [
              110.43553654737039,
              -6.958278903602074
            ],
            [
              110.43551349335998,
              -6.958228183536124
            ]
          ]
        ]
      }
    },
    {
      "type": "Feature",
      "properties": {
        "sourceLayer": "TPX_BUILDINGS",
        "sourceEntityType": "LWPOLYLINE",
        "sourceHandle": "1686",
        "contextKind": "building",
        "sourceSceneVersionId": "scv-b67f98b3-a52e-4ff8-b837-45864ccd9201",
        "provenance": "topoexport_dxf_2d"
      },
      "geometry": {
        "type": "Polygon",
        "coordinates": [
          [
            [
              110.43557214943716,
              -6.958206166702616
            ],
            [
              110.43552468702572,
              -6.958225687551466
            ],
            [
              110.43557621821027,
              -6.95834777772647
            ],
            [
              110.43562368060877,
              -6.9583282568776195
            ],
            [
              110.43557214943716,
              -6.958206166702616
            ]
          ]
        ]
      }
    },
    {
      "type": "Feature",
      "properties": {
        "sourceLayer": "TPX_BUILDINGS",
        "sourceEntityType": "LWPOLYLINE",
        "sourceHandle": "168D",
        "contextKind": "building",
        "sourceSceneVersionId": "scv-b67f98b3-a52e-4ff8-b837-45864ccd9201",
        "provenance": "topoexport_dxf_2d"
      },
      "geometry": {
        "type": "Polygon",
        "coordinates": [
          [
            [
              110.43560271786485,
              -6.958187460310651
            ],
            [
              110.4355758395084,
              -6.958198813412734
            ],
            [
              110.43562696543906,
              -6.958316435124112
            ],
            [
              110.43565384379119,
              -6.958305082026311
            ],
            [
              110.43560271786485,
              -6.958187460310651
            ]
          ]
        ]
      }
    },
    {
      "type": "Feature",
      "properties": {
        "sourceLayer": "TPX_BUILDINGS",
        "sourceEntityType": "LWPOLYLINE",
        "sourceHandle": "1694",
        "contextKind": "building",
        "sourceSceneVersionId": "scv-b67f98b3-a52e-4ff8-b837-45864ccd9201",
        "provenance": "topoexport_dxf_2d"
      },
      "geometry": {
        "type": "Polygon",
        "coordinates": [
          [
            [
              110.43551346568165,
              -6.958121822729174
            ],
            [
              110.43547559586136,
              -6.958137558466765
            ],
            [
              110.43550807781706,
              -6.958213889322838
            ],
            [
              110.43554594774956,
              -6.958198252897764
            ],
            [
              110.43551346568165,
              -6.958121822729174
            ]
          ]
        ]
      }
    },
    {
      "type": "Feature",
      "properties": {
        "sourceLayer": "TPX_BUILDINGS",
        "sourceEntityType": "LWPOLYLINE",
        "sourceHandle": "169C",
        "contextKind": "building",
        "sourceSceneVersionId": "scv-b67f98b3-a52e-4ff8-b837-45864ccd9201",
        "provenance": "topoexport_dxf_2d"
      },
      "geometry": {
        "type": "Polygon",
        "coordinates": [
          [
            [
              110.43547761838516,
              -6.958156822182506
            ],
            [
              110.43541367593485,
              -6.958188875572931
            ],
            [
              110.4354450411822,
              -6.95825100643946
            ],
            [
              110.43550798845588,
              -6.958222728004159
            ],
            [
              110.4354953532521,
              -6.95819026862536
            ],
            [
              110.43547761838516,
              -6.958156822182506
            ]
          ]
        ]
      }
    },
    {
      "type": "Feature",
      "properties": {
        "sourceLayer": "TPX_BUILDINGS",
        "sourceEntityType": "LWPOLYLINE",
        "sourceHandle": "16A3",
        "contextKind": "building",
        "sourceSceneVersionId": "scv-b67f98b3-a52e-4ff8-b837-45864ccd9201",
        "provenance": "topoexport_dxf_2d"
      },
      "geometry": {
        "type": "Polygon",
        "coordinates": [
          [
            [
              110.43544754262203,
              -6.958086248454045
            ],
            [
              110.43539938148626,
              -6.95810666392942
            ],
            [
              110.4354129146344,
              -6.958137632596696
            ],
            [
              110.43546107577018,
              -6.9581172171213215
            ],
            [
              110.43544754262203,
              -6.958086248454045
            ]
          ]
        ]
      }
    },
    {
      "type": "Feature",
      "properties": {
        "sourceLayer": "TPX_BUILDINGS",
        "sourceEntityType": "LWPOLYLINE",
        "sourceHandle": "16AA",
        "contextKind": "building",
        "sourceSceneVersionId": "scv-b67f98b3-a52e-4ff8-b837-45864ccd9201",
        "provenance": "topoexport_dxf_2d"
      },
      "geometry": {
        "type": "Polygon",
        "coordinates": [
          [
            [
              110.43546299248288,
              -6.958131614780685
            ],
            [
              110.43539585122775,
              -6.958163870574176
            ],
            [
              110.43540717550027,
              -6.958186897067104
            ],
            [
              110.4354744167236,
              -6.9581546411536745
            ],
            [
              110.43546299248288,
              -6.958131614780685
            ]
          ]
        ]
      }
    },
    {
      "type": "Feature",
      "properties": {
        "sourceLayer": "TPX_BUILDINGS",
        "sourceEntityType": "LWPOLYLINE",
        "sourceHandle": "16B1",
        "contextKind": "building",
        "sourceSceneVersionId": "scv-b67f98b3-a52e-4ff8-b837-45864ccd9201",
        "provenance": "topoexport_dxf_2d"
      },
      "geometry": {
        "type": "Polygon",
        "coordinates": [
          [
            [
              110.435542442701,
              -6.958109871284697
            ],
            [
              110.43551346568165,
              -6.958121822729174
            ],
            [
              110.43554594774956,
              -6.958198252897764
            ],
            [
              110.4355749247646,
              -6.958186301453288
            ],
            [
              110.435542442701,
              -6.958109871284697
            ]
          ]
        ]
      }
    },
    {
      "type": "Feature",
      "properties": {
        "sourceLayer": "TPX_BUILDINGS",
        "sourceEntityType": "LWPOLYLINE",
        "sourceHandle": "16B8",
        "contextKind": "building",
        "sourceSceneVersionId": "scv-b67f98b3-a52e-4ff8-b837-45864ccd9201",
        "provenance": "topoexport_dxf_2d"
      },
      "geometry": {
        "type": "Polygon",
        "coordinates": [
          [
            [
              110.4355889142425,
              -6.958097700534535
            ],
            [
              110.43555704023453,
              -6.958111442979721
            ],
            [
              110.43559052080614,
              -6.958186878870874
            ],
            [
              110.43562239480549,
              -6.958173136429972
            ],
            [
              110.4355889142425,
              -6.958097700534535
            ]
          ]
        ]
      }
    },
    {
      "type": "Feature",
      "properties": {
        "sourceLayer": "TPX_BUILDINGS",
        "sourceEntityType": "LWPOLYLINE",
        "sourceHandle": "16BF",
        "contextKind": "building",
        "sourceSceneVersionId": "scv-b67f98b3-a52e-4ff8-b837-45864ccd9201",
        "provenance": "topoexport_dxf_2d"
      },
      "geometry": {
        "type": "Polygon",
        "coordinates": [
          [
            [
              110.43568086001277,
              -6.958075346428262
            ],
            [
              110.43563639418268,
              -6.958092778218912
            ],
            [
              110.43566898156541,
              -6.958173677210942
            ],
            [
              110.43571334741436,
              -6.9581562455445125
            ],
            [
              110.43568086001277,
              -6.958075346428262
            ]
          ]
        ]
      }
    },
    {
      "type": "Feature",
      "properties": {
        "sourceLayer": "TPX_BUILDINGS",
        "sourceEntityType": "LWPOLYLINE",
        "sourceHandle": "16C6",
        "contextKind": "building",
        "sourceSceneVersionId": "scv-b67f98b3-a52e-4ff8-b837-45864ccd9201",
        "provenance": "topoexport_dxf_2d"
      },
      "geometry": {
        "type": "Polygon",
        "coordinates": [
          [
            [
              110.43578016330903,
              -6.958019416920642
            ],
            [
              110.4357044218517,
              -6.958049398708054
            ],
            [
              110.43574182124847,
              -6.958141514030602
            ],
            [
              110.43581766254452,
              -6.958111432819303
            ],
            [
              110.43578016330903,
              -6.958019416920642
            ]
          ]
        ]
      }
    },
    {
      "type": "Feature",
      "properties": {
        "sourceLayer": "TPX_BUILDINGS",
        "sourceEntityType": "LWPOLYLINE",
        "sourceHandle": "16CD",
        "contextKind": "building",
        "sourceSceneVersionId": "scv-b67f98b3-a52e-4ff8-b837-45864ccd9201",
        "provenance": "topoexport_dxf_2d"
      },
      "geometry": {
        "type": "Polygon",
        "coordinates": [
          [
            [
              110.4359591579795,
              -6.9580594258798625
            ],
            [
              110.43587611227282,
              -6.958084053538166
            ],
            [
              110.43588825641304,
              -6.958123862433101
            ],
            [
              110.4359713022319,
              -6.958099334083031
            ],
            [
              110.4359591579795,
              -6.9580594258798625
            ]
          ]
        ]
      }
    },
    {
      "type": "Feature",
      "properties": {
        "sourceLayer": "TPX_BUILDINGS",
        "sourceEntityType": "LWPOLYLINE",
        "sourceHandle": "16D4",
        "contextKind": "building",
        "sourceSceneVersionId": "scv-b67f98b3-a52e-4ff8-b837-45864ccd9201",
        "provenance": "topoexport_dxf_2d"
      },
      "geometry": {
        "type": "Polygon",
        "coordinates": [
          [
            [
              110.43586258546385,
              -6.95805834827586
            ],
            [
              110.4358097265529,
              -6.958079464430284
            ],
            [
              110.43582657071656,
              -6.958120459485492
            ],
            [
              110.4358794296275,
              -6.958099343335352
            ],
            [
              110.43586258546385,
              -6.95805834827586
            ]
          ]
        ]
      }
    },
    {
      "type": "Feature",
      "properties": {
        "sourceLayer": "TPX_BUILDINGS",
        "sourceEntityType": "LWPOLYLINE",
        "sourceHandle": "16DB",
        "contextKind": "building",
        "sourceSceneVersionId": "scv-b67f98b3-a52e-4ff8-b837-45864ccd9201",
        "provenance": "topoexport_dxf_2d"
      },
      "geometry": {
        "type": "Polygon",
        "coordinates": [
          [
            [
              110.43609751774244,
              -6.958060255517406
            ],
            [
              110.43603975921691,
              -6.958080483646151
            ],
            [
              110.43605640973159,
              -6.958126742359054
            ],
            [
              110.43611416813198,
              -6.958106414922074
            ],
            [
              110.43609751774244,
              -6.958060255517406
            ]
          ]
        ]
      }
    },
    {
      "type": "Feature",
      "properties": {
        "sourceLayer": "TPX_BUILDINGS",
        "sourceEntityType": "LWPOLYLINE",
        "sourceHandle": "16E2",
        "contextKind": "building",
        "sourceSceneVersionId": "scv-b67f98b3-a52e-4ff8-b837-45864ccd9201",
        "provenance": "topoexport_dxf_2d"
      },
      "geometry": {
        "type": "Polygon",
        "coordinates": [
          [
            [
              110.43587178183735,
              -6.958140963192019
            ],
            [
              110.43578773954725,
              -6.958168174102348
            ],
            [
              110.43582616625237,
              -6.958283328095763
            ],
            [
              110.43591020840869,
              -6.958256017881482
            ],
            [
              110.43587178183735,
              -6.958140963192019
            ]
          ]
        ]
      }
    },
    {
      "type": "Feature",
      "properties": {
        "sourceLayer": "TPX_BUILDINGS",
        "sourceEntityType": "LWPOLYLINE",
        "sourceHandle": "16E9",
        "contextKind": "building",
        "sourceSceneVersionId": "scv-b67f98b3-a52e-4ff8-b837-45864ccd9201",
        "provenance": "topoexport_dxf_2d"
      },
      "geometry": {
        "type": "Polygon",
        "coordinates": [
          [
            [
              110.4359676764586,
              -6.958160314607759
            ],
            [
              110.43589102885353,
              -6.958184934705718
            ],
            [
              110.43592002547729,
              -6.958272690335086
            ],
            [
              110.43599677292107,
              -6.958247970808955
            ],
            [
              110.4359676764586,
              -6.958160314607759
            ]
          ]
        ]
      }
    },
    {
      "type": "Feature",
      "properties": {
        "sourceLayer": "TPX_BUILDINGS",
        "sourceEntityType": "LWPOLYLINE",
        "sourceHandle": "16F0",
        "contextKind": "building",
        "sourceSceneVersionId": "scv-b67f98b3-a52e-4ff8-b837-45864ccd9201",
        "provenance": "topoexport_dxf_2d"
      },
      "geometry": {
        "type": "Polygon",
        "coordinates": [
          [
            [
              110.43603678023764,
              -6.95809727052868
            ],
            [
              110.43596802370196,
              -6.958116419250077
            ],
            [
              110.43600476647445,
              -6.9582445848325
            ],
            [
              110.43607352299288,
              -6.958225436115387
            ],
            [
              110.43603678023764,
              -6.95809727052868
            ]
          ]
        ]
      }
    },
    {
      "type": "Feature",
      "properties": {
        "sourceLayer": "TPX_BUILDINGS",
        "sourceEntityType": "LWPOLYLINE",
        "sourceHandle": "16F7",
        "contextKind": "building",
        "sourceSceneVersionId": "scv-b67f98b3-a52e-4ff8-b837-45864ccd9201",
        "provenance": "topoexport_dxf_2d"
      },
      "geometry": {
        "type": "Polygon",
        "coordinates": [
          [
            [
              110.43614318504626,
              -6.958127732263057
            ],
            [
              110.43608602170382,
              -6.958144086595342
            ],
            [
              110.4361012793009,
              -6.958195908304193
            ],
            [
              110.43615844263472,
              -6.958179553971908
            ],
            [
              110.43614318504626,
              -6.958127732263057
            ]
          ]
        ]
      }
    },
    {
      "type": "Feature",
      "properties": {
        "sourceLayer": "TPX_BUILDINGS",
        "sourceEntityType": "LWPOLYLINE",
        "sourceHandle": "16FE",
        "contextKind": "building",
        "sourceSceneVersionId": "scv-b67f98b3-a52e-4ff8-b837-45864ccd9201",
        "provenance": "topoexport_dxf_2d"
      },
      "geometry": {
        "type": "Polygon",
        "coordinates": [
          [
            [
              110.4363143152037,
              -6.958195458080305
            ],
            [
              110.4362772366795,
              -6.958204141819535
            ],
            [
              110.43629532090858,
              -6.958278900762125
            ],
            [
              110.43633239942848,
              -6.958270217022896
            ],
            [
              110.4363143152037,
              -6.958195458080305
            ]
          ]
        ]
      }
    },
    {
      "type": "Feature",
      "properties": {
        "sourceLayer": "TPX_BUILDINGS",
        "sourceEntityType": "LWPOLYLINE",
        "sourceHandle": "1705",
        "contextKind": "building",
        "sourceSceneVersionId": "scv-b67f98b3-a52e-4ff8-b837-45864ccd9201",
        "provenance": "topoexport_dxf_2d"
      },
      "geometry": {
        "type": "Polygon",
        "coordinates": [
          [
            [
              110.43639813401317,
              -6.958148584182359
            ],
            [
              110.43634466491918,
              -6.958161061042958
            ],
            [
              110.43637380188935,
              -6.958282581866171
            ],
            [
              110.4364273709429,
              -6.958270104889918
            ],
            [
              110.43639813401317,
              -6.958148584182359
            ]
          ]
        ]
      }
    },
    {
      "type": "Feature",
      "properties": {
        "sourceLayer": "TPX_BUILDINGS",
        "sourceEntityType": "LWPOLYLINE",
        "sourceHandle": "170D",
        "contextKind": "building",
        "sourceSceneVersionId": "scv-b67f98b3-a52e-4ff8-b837-45864ccd9201",
        "provenance": "topoexport_dxf_2d"
      },
      "geometry": {
        "type": "Polygon",
        "coordinates": [
          [
            [
              110.43648538775228,
              -6.958131697815973
            ],
            [
              110.43645770533078,
              -6.958139476661173
            ],
            [
              110.43650618966939,
              -6.958305366141071
            ],
            [
              110.43652549640066,
              -6.9582998716037245
            ],
            [
              110.43652549640066,
              -6.958268848030783
            ],
            [
              110.43648538775228,
              -6.958131697815973
            ]
          ]
        ]
      }
    },
    {
      "type": "Feature",
      "properties": {
        "sourceLayer": "TPX_BUILDINGS",
        "sourceEntityType": "LWPOLYLINE",
        "sourceHandle": "1714",
        "contextKind": "building",
        "sourceSceneVersionId": "scv-b67f98b3-a52e-4ff8-b837-45864ccd9201",
        "provenance": "topoexport_dxf_2d"
      },
      "geometry": {
        "type": "Polygon",
        "coordinates": [
          [
            [
              110.43645922760768,
              -6.958158443039047
            ],
            [
              110.43640676189801,
              -6.958173997311229
            ],
            [
              110.43643305697728,
              -6.958259869266766
            ],
            [
              110.43648542270583,
              -6.958244315114522
            ],
            [
              110.43645922760768,
              -6.958158443039047
            ]
          ]
        ]
      }
    },
    {
      "type": "Feature",
      "properties": {
        "sourceLayer": "TPX_BUILDINGS",
        "sourceEntityType": "LWPOLYLINE",
        "sourceHandle": "171B",
        "contextKind": "building",
        "sourceSceneVersionId": "scv-b67f98b3-a52e-4ff8-b837-45864ccd9201",
        "provenance": "topoexport_dxf_2d"
      },
      "geometry": {
        "type": "Polygon",
        "coordinates": [
          [
            [
              110.4361708477037,
              -6.958103467989621
            ],
            [
              110.43614356552172,
              -6.958111544309759
            ],
            [
              110.43616484321763,
              -6.958181631918757
            ],
            [
              110.4361921253953,
              -6.958173555598619
            ],
            [
              110.4361708477037,
              -6.958103467989621
            ]
          ]
        ]
      }
    },
    {
      "type": "Feature",
      "properties": {
        "sourceLayer": "TPX_BUILDINGS",
        "sourceEntityType": "LWPOLYLINE",
        "sourceHandle": "1722",
        "contextKind": "building",
        "sourceSceneVersionId": "scv-b67f98b3-a52e-4ff8-b837-45864ccd9201",
        "provenance": "topoexport_dxf_2d"
      },
      "geometry": {
        "type": "Polygon",
        "coordinates": [
          [
            [
              110.43622340255017,
              -6.9580788763896635
            ],
            [
              110.43617253552873,
              -6.958093733632322
            ],
            [
              110.43619812954908,
              -6.9581785139982895
            ],
            [
              110.43624899656622,
              -6.958163656759915
            ],
            [
              110.43622340255017,
              -6.9580788763896635
            ]
          ]
        ]
      }
    },
    {
      "type": "Feature",
      "properties": {
        "sourceLayer": "TPX_BUILDINGS",
        "sourceEntityType": "LWPOLYLINE",
        "sourceHandle": "1729",
        "contextKind": "building",
        "sourceSceneVersionId": "scv-b67f98b3-a52e-4ff8-b837-45864ccd9201",
        "provenance": "topoexport_dxf_2d"
      },
      "geometry": {
        "type": "Polygon",
        "coordinates": [
          [
            [
              110.43631752638049,
              -6.958038743380819
            ],
            [
              110.43625197125176,
              -6.958059874476027
            ],
            [
              110.4362847802466,
              -6.958158946939241
            ],
            [
              110.43635043533057,
              -6.95813781572838
            ],
            [
              110.43631752638049,
              -6.958038743380819
            ]
          ]
        ]
      }
    },
    {
      "type": "Feature",
      "properties": {
        "sourceLayer": "TPX_BUILDINGS",
        "sourceEntityType": "LWPOLYLINE",
        "sourceHandle": "1730",
        "contextKind": "building",
        "sourceSceneVersionId": "scv-b67f98b3-a52e-4ff8-b837-45864ccd9201",
        "provenance": "topoexport_dxf_2d"
      },
      "geometry": {
        "type": "Polygon",
        "coordinates": [
          [
            [
              110.43637209776114,
              -6.957988844920935
            ],
            [
              110.43634095202864,
              -6.957988844920935
            ],
            [
              110.43637089491945,
              -6.958109190339696
            ],
            [
              110.43640027766307,
              -6.958102104651752
            ],
            [
              110.43637209776114,
              -6.957988844920935
            ]
          ]
        ]
      }
    },
    {
      "type": "Feature",
      "properties": {
        "sourceLayer": "TPX_BUILDINGS",
        "sourceEntityType": "LWPOLYLINE",
        "sourceHandle": "1737",
        "contextKind": "building",
        "sourceSceneVersionId": "scv-b67f98b3-a52e-4ff8-b837-45864ccd9201",
        "provenance": "topoexport_dxf_2d"
      },
      "geometry": {
        "type": "Polygon",
        "coordinates": [
          [
            [
              110.43618175750917,
              -6.958030958928543
            ],
            [
              110.43614048427422,
              -6.9580430241679885
            ],
            [
              110.43615333127713,
              -6.9580854142888615
            ],
            [
              110.43619450453528,
              -6.958073349169354
            ],
            [
              110.43618175750917,
              -6.958030958928543
            ]
          ]
        ]
      }
    },
    {
      "type": "Feature",
      "properties": {
        "sourceLayer": "TPX_BUILDINGS",
        "sourceEntityType": "LWPOLYLINE",
        "sourceHandle": "173F",
        "contextKind": "building",
        "sourceSceneVersionId": "scv-b67f98b3-a52e-4ff8-b837-45864ccd9201",
        "provenance": "topoexport_dxf_2d"
      },
      "geometry": {
        "type": "Polygon",
        "coordinates": [
          [
            [
              110.43615969612937,
              -6.957988844921086
            ],
            [
              110.43609655467162,
              -6.958007423828075
            ],
            [
              110.43610779596531,
              -6.958044651736945
            ],
            [
              110.43618234756569,
              -6.958022814826794
            ],
            [
              110.43617211724262,
              -6.957988844921086
            ],
            [
              110.43615969612937,
              -6.957988844921086
            ]
          ]
        ]
      }
    },
    {
      "type": "Feature",
      "properties": {
        "sourceLayer": "TPX_BUILDINGS",
        "sourceEntityType": "LWPOLYLINE",
        "sourceHandle": "1746",
        "contextKind": "building",
        "sourceSceneVersionId": "scv-b67f98b3-a52e-4ff8-b837-45864ccd9201",
        "provenance": "topoexport_dxf_2d"
      },
      "geometry": {
        "type": "Polygon",
        "coordinates": [
          [
            [
              110.43643344343374,
              -6.957988844921354
            ],
            [
              110.43637408011382,
              -6.957988844921354
            ],
            [
              110.43640567997527,
              -6.958105375497211
            ],
            [
              110.43646114586096,
              -6.958090711473835
            ],
            [
              110.43643344343374,
              -6.957988844921354
            ]
          ]
        ]
      }
    },
    {
      "type": "Feature",
      "properties": {
        "sourceLayer": "TPX_BUILDINGS",
        "sourceEntityType": "LWPOLYLINE",
        "sourceHandle": "174E",
        "contextKind": "building",
        "sourceSceneVersionId": "scv-b67f98b3-a52e-4ff8-b837-45864ccd9201",
        "provenance": "topoexport_dxf_2d"
      },
      "geometry": {
        "type": "Polygon",
        "coordinates": [
          [
            [
              110.43651123628166,
              -6.9579888449216885
            ],
            [
              110.43645032392963,
              -6.9579888449216885
            ],
            [
              110.43647622967846,
              -6.958080961306541
            ],
            [
              110.43652549640207,
              -6.958067496113977
            ],
            [
              110.43652549640207,
              -6.958039551473254
            ],
            [
              110.43651123628166,
              -6.9579888449216885
            ]
          ]
        ]
      }
    },
    {
      "type": "Feature",
      "properties": {
        "sourceLayer": "TPX_BUILDINGS",
        "sourceEntityType": "LWPOLYLINE",
        "sourceHandle": "1754",
        "contextKind": "building",
        "sourceSceneVersionId": "scv-b67f98b3-a52e-4ff8-b837-45864ccd9201",
        "provenance": "topoexport_dxf_2d"
      },
      "geometry": {
        "type": "Polygon",
        "coordinates": [
          [
            [
              110.43612335875318,
              -6.95798884492025
            ],
            [
              110.43611052086418,
              -6.95798884492025
            ],
            [
              110.43611293345204,
              -6.957993799032155
            ],
            [
              110.43612335875318,
              -6.95798884492025
            ]
          ]
        ]
      }
    },
    {
      "type": "Feature",
      "properties": {
        "sourceLayer": "TPX_BUILDINGS",
        "sourceEntityType": "LWPOLYLINE",
        "sourceHandle": "175B",
        "contextKind": "building",
        "sourceSceneVersionId": "scv-b67f98b3-a52e-4ff8-b837-45864ccd9201",
        "provenance": "topoexport_dxf_2d"
      },
      "geometry": {
        "type": "Polygon",
        "coordinates": [
          [
            [
              110.436334151258,
              -6.957988844921019
            ],
            [
              110.43623519796256,
              -6.957988844921019
            ],
            [
              110.43624111854199,
              -6.9580132116724664
            ],
            [
              110.43633466398869,
              -6.9579909551182
            ],
            [
              110.436334151258,
              -6.957988844921019
            ]
          ]
        ]
      }
    },
    {
      "type": "Feature",
      "properties": {
        "sourceLayer": "TPX_BUILDINGS",
        "sourceEntityType": "LWPOLYLINE",
        "sourceHandle": "1762",
        "contextKind": "building",
        "sourceSceneVersionId": "scv-b67f98b3-a52e-4ff8-b837-45864ccd9201",
        "provenance": "topoexport_dxf_2d"
      },
      "geometry": {
        "type": "Polygon",
        "coordinates": [
          [
            [
              110.43607444046826,
              -6.95798884492132
            ],
            [
              110.4360297100673,
              -6.95798884492132
            ],
            [
              110.43603737298258,
              -6.958007990288751
            ],
            [
              110.4360760433035,
              -6.957992849509603
            ],
            [
              110.43607444046826,
              -6.95798884492132
            ]
          ]
        ]
      }
    },
    {
      "type": "Feature",
      "properties": {
        "sourceLayer": "TPX_BUILDINGS",
        "sourceEntityType": "LWPOLYLINE",
        "sourceHandle": "1769",
        "contextKind": "building",
        "sourceSceneVersionId": "scv-b67f98b3-a52e-4ff8-b837-45864ccd9201",
        "provenance": "topoexport_dxf_2d"
      },
      "geometry": {
        "type": "Polygon",
        "coordinates": [
          [
            [
              110.43601263204042,
              -6.957988844922039
            ],
            [
              110.43594656929893,
              -6.957988844922039
            ],
            [
              110.43596212135465,
              -6.958029629426999
            ],
            [
              110.43601997830781,
              -6.95800811014985
            ],
            [
              110.43601263204042,
              -6.957988844922039
            ]
          ]
        ]
      }
    },
    {
      "type": "Feature",
      "properties": {
        "sourceLayer": "TPX_BUILDINGS",
        "sourceEntityType": "LWPOLYLINE",
        "sourceHandle": "1771",
        "contextKind": "building",
        "sourceSceneVersionId": "scv-b67f98b3-a52e-4ff8-b837-45864ccd9201",
        "provenance": "topoexport_dxf_2d"
      },
      "geometry": {
        "type": "Polygon",
        "coordinates": [
          [
            [
              110.43582057854204,
              -6.957988844920885
            ],
            [
              110.43577944934307,
              -6.9580075998960975
            ],
            [
              110.43580410511852,
              -6.958060204968041
            ],
            [
              110.43585476230864,
              -6.958037105219013
            ],
            [
              110.4358321429134,
              -6.957988844920885
            ],
            [
              110.43582057854204,
              -6.957988844920885
            ]
          ]
        ]
      }
    },
    {
      "type": "Feature",
      "properties": {
        "sourceLayer": "TPX_BUILDINGS",
        "sourceEntityType": "LWPOLYLINE",
        "sourceHandle": "1779",
        "contextKind": "building",
        "sourceSceneVersionId": "scv-b67f98b3-a52e-4ff8-b837-45864ccd9201",
        "provenance": "topoexport_dxf_2d"
      },
      "geometry": {
        "type": "Polygon",
        "coordinates": [
          [
            [
              110.43590978664878,
              -6.957988844919563
            ],
            [
              110.4358519648653,
              -6.957988844919563
            ],
            [
              110.43586213865365,
              -6.958019220731585
            ],
            [
              110.43588190374719,
              -6.958078386036799
            ],
            [
              110.43593406787367,
              -6.958061441723476
            ],
            [
              110.43590978664878,
              -6.957988844919563
            ]
          ]
        ]
      }
    },
    {
      "type": "Feature",
      "properties": {
        "sourceLayer": "TPX_BUILDINGS",
        "sourceEntityType": "LWPOLYLINE",
        "sourceHandle": "1780",
        "contextKind": "building",
        "sourceSceneVersionId": "scv-b67f98b3-a52e-4ff8-b837-45864ccd9201",
        "provenance": "topoexport_dxf_2d"
      },
      "geometry": {
        "type": "Polygon",
        "coordinates": [
          [
            [
              110.43602479163802,
              -6.958020418882645
            ],
            [
              110.43596583298944,
              -6.958040251196285
            ],
            [
              110.4359796766146,
              -6.958080058082266
            ],
            [
              110.43603863513371,
              -6.958060126460392
            ],
            [
              110.43602479163802,
              -6.958020418882645
            ]
          ]
        ]
      }
    },
    {
      "type": "Feature",
      "properties": {
        "sourceLayer": "TPX_BUILDINGS",
        "sourceEntityType": "LWPOLYLINE",
        "sourceHandle": "1787",
        "contextKind": "building",
        "sourceSceneVersionId": "scv-b67f98b3-a52e-4ff8-b837-45864ccd9201",
        "provenance": "topoexport_dxf_2d"
      },
      "geometry": {
        "type": "Polygon",
        "coordinates": [
          [
            [
              110.4355962887794,
              -6.957995005441082
            ],
            [
              110.43554533823537,
              -6.958023567609912
            ],
            [
              110.43556757783266,
              -6.958062073529749
            ],
            [
              110.43561852837236,
              -6.958033511365202
            ],
            [
              110.4355962887794,
              -6.957995005441082
            ]
          ]
        ]
      }
    },
    {
      "type": "Feature",
      "properties": {
        "sourceLayer": "TPX_BUILDINGS",
        "sourceEntityType": "LWPOLYLINE",
        "sourceHandle": "178E",
        "contextKind": "building",
        "sourceSceneVersionId": "scv-b67f98b3-a52e-4ff8-b837-45864ccd9201",
        "provenance": "topoexport_dxf_2d"
      },
      "geometry": {
        "type": "Polygon",
        "coordinates": [
          [
            [
              110.4354671658027,
              -6.958027135891339
            ],
            [
              110.43542681043151,
              -6.95805429520285
            ],
            [
              110.43544033023242,
              -6.958074141180795
            ],
            [
              110.4354806854828,
              -6.958046882561049
            ],
            [
              110.4354671658027,
              -6.958027135891339
            ]
          ]
        ]
      }
    },
    {
      "type": "Feature",
      "properties": {
        "sourceLayer": "TPX_BUILDINGS",
        "sourceEntityType": "LWPOLYLINE",
        "sourceHandle": "1797",
        "contextKind": "building",
        "sourceSceneVersionId": "scv-b67f98b3-a52e-4ff8-b837-45864ccd9201",
        "provenance": "topoexport_dxf_2d"
      },
      "geometry": {
        "type": "Polygon",
        "coordinates": [
          [
            [
              110.4355004743148,
              -6.958042489529531
            ],
            [
              110.43547099935327,
              -6.958056030522584
            ],
            [
              110.43548142246223,
              -6.958077866361865
            ],
            [
              110.43554167152284,
              -6.958050385600769
            ],
            [
              110.43552112450172,
              -6.9580061177087025
            ],
            [
              110.43549015057849,
              -6.958020157020572
            ],
            [
              110.4355004743148,
              -6.958042489529531
            ]
          ]
        ]
      }
    },
    {
      "type": "Feature",
      "properties": {
        "sourceLayer": "TPX_BUILDINGS",
        "sourceEntityType": "LWPOLYLINE",
        "sourceHandle": "179E",
        "contextKind": "building",
        "sourceSceneVersionId": "scv-b67f98b3-a52e-4ff8-b837-45864ccd9201",
        "provenance": "topoexport_dxf_2d"
      },
      "geometry": {
        "type": "Polygon",
        "coordinates": [
          [
            [
              110.43537290975166,
              -6.958040356265802
            ],
            [
              110.43531765610092,
              -6.95806524908446
            ],
            [
              110.43532838115557,
              -6.958088772829618
            ],
            [
              110.43538363492281,
              -6.958063979323478
            ],
            [
              110.43537290975166,
              -6.958040356265802
            ]
          ]
        ]
      }
    },
    {
      "type": "Feature",
      "properties": {
        "sourceLayer": "TPX_BUILDINGS",
        "sourceEntityType": "LWPOLYLINE",
        "sourceHandle": "17A4",
        "contextKind": "building",
        "sourceSceneVersionId": "scv-b67f98b3-a52e-4ff8-b837-45864ccd9201",
        "provenance": "topoexport_dxf_2d"
      },
      "geometry": {
        "type": "Polygon",
        "coordinates": [
          [
            [
              110.43569572731708,
              -6.957988844921621
            ],
            [
              110.43565410174241,
              -6.957988844921621
            ],
            [
              110.43566088041874,
              -6.958004065583415
            ],
            [
              110.43569572731708,
              -6.957988844921621
            ]
          ]
        ]
      }
    },
    {
      "type": "Feature",
      "properties": {
        "sourceLayer": "TPX_BUILDINGS",
        "sourceEntityType": "LWPOLYLINE",
        "sourceHandle": "17AA",
        "contextKind": "building",
        "sourceSceneVersionId": "scv-b67f98b3-a52e-4ff8-b837-45864ccd9201",
        "provenance": "topoexport_dxf_2d"
      },
      "geometry": {
        "type": "Polygon",
        "coordinates": [
          [
            [
              110.43652549639918,
              -6.957988844920383
            ],
            [
              110.43652221514196,
              -6.957988844920383
            ],
            [
              110.43652549639918,
              -6.95800026134089
            ],
            [
              110.43652549639918,
              -6.957988844920383
            ]
          ]
        ]
      }
    }
  ]
}
