{
  "type": "FeatureCollection",
  "features": [
    {
      "type": "Feature",
      "properties": {
        "sourceLayer": "TPX_FRAME_PROJECT",
        "sourceEntityType": "LWPOLYLINE",
        "sourceHandle": "232",
        "contextKind": "other",
        "sourceSceneVersionId": "scv-b67f98b3-a52e-4ff8-b837-45864ccd9201",
        "provenance": "topoexport_dxf_2d"
      },
      "geometry": {
        "type": "Polygon",
        "coordinates": [
          [
            [
              0,
              0
            ],
            [
              338.4505806536181,
              0
            ],
            [
              338.4505806536181,
              424.7977026347071
            ],
            [
              0,
              424.7977026347071
            ],
            [
              0,
              0
            ]
          ]
        ]
      }
    },
    {
      "type": "Feature",
      "properties": {
        "sourceLayer": "TPX_WATERWAYS",
        "sourceEntityType": "LWPOLYLINE",
        "sourceHandle": "239",
        "contextKind": "waterway",
        "sourceSceneVersionId": "scv-b67f98b3-a52e-4ff8-b837-45864ccd9201",
        "provenance": "topoexport_dxf_2d"
      },
      "geometry": {
        "type": "Polygon",
        "coordinates": [
          [
            [
              2.5134067982435226e-7,
              424.7977025490254
            ],
            [
              2.5134067982435226e-7,
              341.1661984901875
            ],
            [
              182.63814092974644,
              406.72514223866165
            ],
            [
              180.75018621783238,
              415.1358773689717
            ],
            [
              220.9525969157694,
              424.7977025490254
            ],
            [
              2.5134067982435226e-7,
              424.7977025490254
            ]
          ]
        ]
      }
    },
    {
      "type": "Feature",
      "properties": {
        "sourceLayer": "TPX_ROADS_CONTOURS",
        "sourceEntityType": "LWPOLYLINE",
        "sourceHandle": "2E4",
        "contextKind": "road_surface",
        "sourceSceneVersionId": "scv-b67f98b3-a52e-4ff8-b837-45864ccd9201",
        "provenance": "topoexport_dxf_2d"
      },
      "geometry": {
        "type": "Polygon",
        "coordinates": [
          [
            [
              -5.00003807246685e-8,
              95.49418488517404
            ],
            [
              -5.00003807246685e-8,
              92.4757846929133
            ],
            [
              0.4253916240413673,
              92.36736861243844
            ],
            [
              2.8004407382686622,
              92.33704415336251
            ],
            [
              3.243520686693955,
              92.39807358756661
            ],
            [
              19.099491546221543,
              97.06973496451974
            ],
            [
              23.545628020830918,
              82.05562058463693
            ],
            [
              25.033888289995957,
              71.71804657950997
            ],
            [
              25.772713611193467,
              67.20199814811349
            ],
            [
              26.600427577563096,
              62.686321172863245
            ],
            [
              27.51182694203453,
              57.96627703681588
            ],
            [
              11.194976756640244,
              49.636404905468225
            ],
            [
              10.569284389086533,
              49.035184774547815
            ],
            [
              9.158328006335068,
              46.52397242560983
            ],
            [
              8.969211051531602,
              45.691846285015345
            ],
            [
              9.194280574389268,
              42.231845293194056
            ],
            [
              9.275983760424424,
              41.83182230964303
            ],
            [
              20.648444602556992,
              9.475864801555872
            ],
            [
              20.945393989153672,
              8.973422918468714
            ],
            [
              23.246153781481553,
              6.400318060070276
            ],
            [
              23.501585433550645,
              6.173097524791956
            ],
            [
              27.315852592058945,
              3.491250429302454
            ],
            [
              28.069951961108018,
              3.2222437001764774
            ],
            [
              32.11334032780724,
              2.928588781505823
            ],
            [
              32.63072056538658,
              2.9814080335199833
            ],
            [
              37.33495850331383,
              4.3136533834040165
            ],
            [
              37.79546494252281,
              4.534423742443323
            ],
            [
              48.98241038090782,
              12.48887101188302
            ],
            [
              54.427462050982285,
              -8.568167686462402e-8
            ],
            [
              57.44988531834679,
              -8.568167686462402e-8
            ],
            [
              57.43882651097374,
              0.5994876958429813
            ],
            [
              51.60269446141319,
              13.985348615795374
            ],
            [
              57.73739189869957,
              16.549169454723597
            ],
            [
              68.1338166690548,
              17.1993044950068
            ],
            [
              77.99360699421959,
              15.631721887737513
            ],
            [
              92.096038768359,
              12.3442339040339
            ],
            [
              92.19843191868858,
              12.324091825634241
            ],
            [
              102.63942856556969,
              10.645120535045862
            ],
            [
              102.91359658009605,
              10.626527223736048
            ],
            [
              109.20995039708214,
              10.7777637578547
            ],
            [
              109.56791300541954,
              10.82999650016427
            ],
            [
              115.56424088246422,
              12.462267313152552
            ],
            [
              115.6584429240902,
              12.491266641765833
            ],
            [
              126.21228356129723,
              16.12384406104684
            ],
            [
              130.14537997014122,
              16.440813455730677
            ],
            [
              132.96983332402306,
              14.776285085827112
            ],
            [
              136.9614796138485,
              9.611567411571741
            ],
            [
              118.13301987416344,
              1.3742393590509892
            ],
            [
              117.33737940556603,
              0.546606931835413
            ],
            [
              117.34815211064415,
              -8.568167686462402e-8
            ],
            [
              122.47662586934166,
              -8.568167686462402e-8
            ],
            [
              138.60778326756554,
              7.05727568641305
            ],
            [
              142.0578603244503,
              -8.568167686462402e-8
            ],
            [
              145.11599821812706,
              -8.568167686462402e-8
            ],
            [
              145.0750984645565,
              0.6587924100458622
            ],
            [
              140.6714586711605,
              9.666621122509241
            ],
            [
              140.5107173419674,
              9.925105009227991
            ],
            [
              135.16698069340782,
              16.83926621451974
            ],
            [
              134.7417129970272,
              17.21427384391427
            ],
            [
              131.2595991588314,
              19.26637974753976
            ],
            [
              130.37752575642662,
              19.469248209148645
            ],
            [
              125.78260226018028,
              19.098942194133997
            ],
            [
              125.41491312748985,
              19.022125635296106
            ],
            [
              114.728700587817,
              15.343986425548792
            ],
            [
              108.95575852162438,
              13.772523794323206
            ],
            [
              102.97949738270836,
              13.62897578254342
            ],
            [
              92.72627730137901,
              15.277751360088587
            ],
            [
              78.62254805333214,
              18.56554213538766
            ],
            [
              78.51752896077232,
              18.586103830486536
            ],
            [
              68.44115824467735,
              20.188119802623987
            ],
            [
              68.11201662785606,
              20.203801546245813
            ],
            [
              57.29824919468956,
              19.527568254619837
            ],
            [
              56.81346554524498,
              19.41449061408639
            ],
            [
              50.30890888936119,
              16.696098241955042
            ],
            [
              43.89734406239586,
              28.921258363872766
            ],
            [
              38.524311492510606,
              41.22547188773751
            ],
            [
              38.501227328844834,
              41.275782976299524
            ],
            [
              30.634401271410752,
              57.618529710918665
            ],
            [
              29.549960086413193,
              63.234324369579554
            ],
            [
              28.73100943333702,
              67.70068923011422
            ],
            [
              28.001216838427354,
              72.15982476249337
            ],
            [
              26.657577464648057,
              81.49284831061959
            ],
            [
              60.68359560734825,
              97.51981726661325
            ],
            [
              91.56810707814293,
              33.023951921612024
            ],
            [
              92.4224523997982,
              32.257066164165735
            ],
            [
              93.56883568532066,
              32.31890955939889
            ],
            [
              94.33572144276695,
              33.17325488105416
            ],
            [
              94.2738780475338,
              34.319638166576624
            ],
            [
              63.430713126726914,
              98.72916117683053
            ],
            [
              101.08399529225426,
              114.24048415198922
            ],
            [
              128.86608738667564,
              65.15632334724069
            ],
            [
              155.19000334508019,
              -8.568167686462402e-8
            ],
            [
              158.19366926915245,
              -8.568167686462402e-8
            ],
            [
              158.19858021504479,
              0.5618924237787724
            ],
            [
              131.61077112919884,
              66.37139788642526
            ],
            [
              131.52538914448814,
              66.54837456718087
            ],
            [
              103.0424909091671,
              116.87068978324533
            ],
            [
              103.02136559254723,
              116.90682736411691
            ],
            [
              91.46720976597862,
              136.05339661613107
            ],
            [
              38.11295933491783,
              253.81913033500314
            ],
            [
              43.02488608128624,
              256.30627623572946
            ],
            [
              43.79247231251793,
              257.2427395917475
            ],
            [
              44.782411525317,
              260.8036893941462
            ],
            [
              44.82907385594444,
              261.36153546348214
            ],
            [
              44.00776667363243,
              269.21160546317697
            ],
            [
              43.470622012682725,
              285.633393201977
            ],
            [
              45.26520724064903,
              289.5896691419184
            ],
            [
              49.14859671361046,
              291.8428434468806
            ],
            [
              54.82390827900963,
              293.56811944022775
            ],
            [
              54.94190163380699,
              293.60943404212594
            ],
            [
              103.18164582020836,
              312.7924980260432
            ],
            [
              103.40108914143639,
              312.90128127112985
            ],
            [
              109.47236389882164,
              316.5567363835871
            ],
            [
              109.55216593510704,
              316.60829630866647
            ],
            [
              114.0333904720028,
              319.7090939618647
            ],
            [
              114.2453569865902,
              319.8867739774287
            ],
            [
              119.78408713109093,
              325.4762477017939
            ],
            [
              119.81511015660362,
              325.5085028745234
            ],
            [
              155.37307400471764,
              363.60074511542916
            ],
            [
              175.9057402110775,
              382.9387244321406
            ],
            [
              176.37665028340416,
              383.9857501126826
            ],
            [
              175.9692749477108,
              385.05909291282296
            ],
            [
              174.9222492671688,
              385.5300029851496
            ],
            [
              173.84890646702843,
              385.12262764945626
            ],
            [
              153.28109450108605,
              365.75154772773385
            ],
            [
              153.21300310856896,
              365.6831535436213
            ],
            [
              117.63736338383751,
              327.57197562232614
            ],
            [
              112.21214289433556,
              322.09705248847604
            ],
            [
              107.8842124438961,
              319.1023272611201
            ],
            [
              101.95891995198326,
              315.53476658836007
            ],
            [
              53.89148754841881,
              296.4202245809138
            ],
            [
              48.1098098254879,
              294.66261425986886
            ],
            [
              47.793312022753526,
              294.52489272132516
            ],
            [
              43.34461207158165,
              291.94372073188424
            ],
            [
              42.73135752446251,
              291.26593056693673
            ],
            [
              40.59394593007164,
              286.55387154594064
            ],
            [
              40.46078104741173,
              285.8851946927607
            ],
            [
              41.011125037737656,
              269.05987587943673
            ],
            [
              41.01846594578819,
              268.9528287984431
            ],
            [
              41.81571383244591,
              261.3327216245234
            ],
            [
              41.0793184734066,
              258.6838039495051
            ],
            [
              35.585351893969346,
              255.90194216743112
            ],
            [
              26.398090312548447,
              252.99896231666207
            ],
            [
              7.265746543474961,
              248.05541697517037
            ],
            [
              7.1947659946163185,
              248.03520146384835
            ],
            [
              -5.00003807246685e-8,
              245.79332104697824
            ],
            [
              -5.00003807246685e-8,
              242.83065644279122
            ],
            [
              0.44623656041221693,
              242.79010048881173
            ],
            [
              8.051997611590195,
              245.16004601493478
            ],
            [
              27.187238166399766,
              250.10433999076486
            ],
            [
              27.26392597920494,
              250.1263465024531
            ],
            [
              35.336788127489854,
              252.67720023170114
            ],
            [
              88.07587713963585,
              136.26927653327584
            ],
            [
              25.571563193865586,
              116.26939621940255
            ],
            [
              1.4505013919551857,
              207.8215254880488
            ],
            [
              0.7554311252315529,
              208.73525229468942
            ],
            [
              -5.00003807246685e-8,
              208.83792534843087
            ],
            [
              -5.00003807246685e-8,
              201.5517911054194
            ],
            [
              22.693689773150254,
              115.41728869453073
            ],
            [
              15.358904788561631,
              113.42921105399728
            ],
            [
              0.414632270403672,
              117.7276076413691
            ],
            [
              -5.00003807246685e-8,
              117.6807087995112
            ],
            [
              -5.00003807246685e-8,
              114.72523823753
            ],
            [
              14.2019729114254,
              110.64034834876657
            ],
            [
              18.150882194109727,
              99.91774693503976
            ],
            [
              2.6126007533748634,
              95.33968678489327
            ],
            [
              0.8256253696163185,
              95.36250296607614
            ],
            [
              0.7010774112422951,
              95.4283494092524
            ],
            [
              -5.00003807246685e-8,
              95.49418488517404
            ]
          ]
        ]
      }
    },
    {
      "type": "Feature",
      "properties": {
        "sourceLayer": "TPX_ROADS_CONTOURS",
        "sourceEntityType": "LWPOLYLINE",
        "sourceHandle": "2F3",
        "contextKind": "road_surface",
        "sourceSceneVersionId": "scv-b67f98b3-a52e-4ff8-b837-45864ccd9201",
        "provenance": "topoexport_dxf_2d"
      },
      "geometry": {
        "type": "Polygon",
        "coordinates": [
          [
            [
              11.991773555346299,
              45.44246235862374
            ],
            [
              12.962709376879502,
              47.1705278493464
            ],
            [
              28.512913653918076,
              55.10902205482125
            ],
            [
              35.78609270817833,
              39.99953404441476
            ],
            [
              41.1694554782589,
              27.671664152294397
            ],
            [
              41.215710113116074,
              27.575264368206263
            ],
            [
              47.68217892415123,
              15.245416555553675
            ],
            [
              36.268181274004746,
              7.129525575786829
            ],
            [
              32.067306945391465,
              5.939833555370569
            ],
            [
              28.701554725237656,
              6.184274110943079
            ],
            [
              25.36783737904625,
              8.528242025524378
            ],
            [
              23.380062053271104,
              10.751314077526331
            ],
            [
              12.174578139849473,
              42.6322034932673
            ],
            [
              11.991773555346299,
              45.44246235862374
            ]
          ]
        ]
      }
    },
    {
      "type": "Feature",
      "properties": {
        "sourceLayer": "TPX_ROADS_CONTOURS",
        "sourceEntityType": "LWPOLYLINE",
        "sourceHandle": "2FF",
        "contextKind": "road_surface",
        "sourceSceneVersionId": "scv-b67f98b3-a52e-4ff8-b837-45864ccd9201",
        "provenance": "topoexport_dxf_2d"
      },
      "geometry": {
        "type": "Polygon",
        "coordinates": [
          [
            [
              17.32073969609337,
              110.8527149297297
            ],
            [
              24.916069934435654,
              112.91141263023019
            ],
            [
              24.980790088244248,
              112.93052760139108
            ],
            [
              89.46548647648888,
              133.56408301368356
            ],
            [
              99.54987520939903,
              116.8530868627131
            ],
            [
              60.821423003741074,
              100.8988460637629
            ],
            [
              60.75359291798668,
              100.86892167106271
            ],
            [
              25.956796596117783,
              84.47890082374215
            ],
            [
              21.550689647265244,
              99.35784140601754
            ],
            [
              21.520007083483506,
              99.45031014457345
            ],
            [
              17.32073969609337,
              110.8527149297297
            ]
          ]
        ]
      }
    },
    {
      "type": "Feature",
      "properties": {
        "sourceLayer": "TPX_ROADS_CONTOURS",
        "sourceEntityType": "LWPOLYLINE",
        "sourceHandle": "335",
        "contextKind": "road_surface",
        "sourceSceneVersionId": "scv-b67f98b3-a52e-4ff8-b837-45864ccd9201",
        "provenance": "topoexport_dxf_2d"
      },
      "geometry": {
        "type": "Polygon",
        "coordinates": [
          [
            [
              163.80892994854366,
              18.409258279949427
            ],
            [
              163.75332787487423,
              18.19504538550973
            ],
            [
              164.1098637864343,
              15.641725454479456
            ],
            [
              164.18103888485348,
              15.349727544933558
            ],
            [
              164.94583514187252,
              13.183825884014368
            ],
            [
              164.97466280910885,
              13.108672056347132
            ],
            [
              168.60838463756954,
              4.346253786236048
            ],
            [
              168.6238971040002,
              4.310188207775354
            ],
            [
              170.54500391933834,
              -8.568167686462402e-8
            ],
            [
              173.57356360409176,
              -8.568167686462402e-8
            ],
            [
              173.55732634518063,
              0.610658559948206
            ],
            [
              171.37203219387447,
              5.513575468212366
            ],
            [
              167.76125338528072,
              14.220668707042933
            ],
            [
              167.0601501748315,
              16.20619097724557
            ],
            [
              166.75446989986813,
              18.39531222358346
            ],
            [
              167.22240832302487,
              21.529450807720423
            ],
            [
              167.79392817470944,
              23.48274651542306
            ],
            [
              169.08301070187008,
              25.508578691631556
            ],
            [
              172.3031330392114,
              28.609305296093225
            ],
            [
              194.92321732494747,
              36.9773282147944
            ],
            [
              197.6169095322839,
              37.397592935711145
            ],
            [
              201.15860369656002,
              36.85897770896554
            ],
            [
              204.66459038708126,
              36.067915830761194
            ],
            [
              204.93350651714718,
              36.032382879406214
            ],
            [
              210.19192269298946,
              35.81754866614938
            ],
            [
              210.69506934139645,
              35.8828720189631
            ],
            [
              216.0948500916711,
              37.547585401684046
            ],
            [
              216.22598126385128,
              37.594787035137415
            ],
            [
              250.66322472546017,
              51.83066884055734
            ],
            [
              251.4755921647302,
              52.64188948646188
            ],
            [
              251.4764032647363,
              53.78993931785226
            ],
            [
              250.66518261883175,
              54.60230675712228
            ],
            [
              249.51713278744137,
              54.60311785712838
            ],
            [
              215.1443572327844,
              40.393886003643274
            ],
            [
              210.0572080895654,
              38.82555523887277
            ],
            [
              205.19204142544186,
              39.024322900921106
            ],
            [
              201.76693871471798,
              39.797134790569544
            ],
            [
              201.66231539699947,
              39.816867742687464
            ],
            [
              197.83951380703365,
              40.39823332801461
            ],
            [
              197.3827591225854,
              40.397354517132044
            ],
            [
              194.31238797161495,
              39.918321046978235
            ],
            [
              194.02318146679318,
              39.84307185187936
            ],
            [
              170.96814825985348,
              31.314145002514124
            ],
            [
              170.44814494106686,
              30.98782578483224
            ],
            [
              166.87316849682247,
              27.545401964336634
            ],
            [
              166.6480922982446,
              27.270175848156214
            ],
            [
              165.1485724732629,
              24.913634691387415
            ],
            [
              164.97444727871334,
              24.52958718314767
            ],
            [
              164.31434538814938,
              22.27354422584176
            ],
            [
              164.27043107006466,
              22.07381573691964
            ],
            [
              163.75535920116818,
              18.6239871121943
            ],
            [
              163.80892994854366,
              18.409258279949427
            ]
          ]
        ]
      }
    },
    {
      "type": "Feature",
      "properties": {
        "sourceLayer": "TPX_ROADS_CONTOURS",
        "sourceEntityType": "LWPOLYLINE",
        "sourceHandle": "3D8",
        "contextKind": "road_surface",
        "sourceSceneVersionId": "scv-b67f98b3-a52e-4ff8-b837-45864ccd9201",
        "provenance": "topoexport_dxf_2d"
      },
      "geometry": {
        "type": "Polygon",
        "coordinates": [
          [
            [
              189.52211324486416,
              3.0814747624099255
            ],
            [
              187.82928792748135,
              1.0053667835891247
            ],
            [
              187.93152896675747,
              -1.862645149230957e-8
            ],
            [
              198.5627621820895,
              -1.862645149230957e-8
            ],
            [
              301.38443080696743,
              55.37939403578639
            ],
            [
              304.1618751696078,
              50.77266309782863
            ],
            [
              304.21575586113613,
              50.68962190672755
            ],
            [
              318.0393041780917,
              30.85043380782008
            ],
            [
              336.4350537470309,
              -1.862645149230957e-8
            ],
            [
              338.4505805185763,
              -1.862645149230957e-8
            ],
            [
              338.4505805185763,
              2.4775414280593395
            ],
            [
              321.35489169869106,
              31.147718887776136
            ],
            [
              338.4505805185763,
              41.40490768477321
            ],
            [
              338.4505805185763,
              44.555259209126234
            ],
            [
              337.67884914192837,
              44.44043014571071
            ],
            [
              319.7301253488986,
              33.67143152281642
            ],
            [
              306.705480497214,
              52.36405370756984
            ],
            [
              304.0318144968478,
              56.79865596815944
            ],
            [
              330.15621368202846,
              70.75250051543117
            ],
            [
              330.2198895624606,
              70.78736494109035
            ],
            [
              338.4505805185763,
              75.4055466465652
            ],
            [
              338.4505805185763,
              82.67531345412135
            ],
            [
              336.73793021950405,
              82.47119901701808
            ],
            [
              328.6560196093051,
              77.93649671599269
            ],
            [
              325.8636392763583,
              85.8733668141067
            ],
            [
              320.4438647440402,
              111.03174636885524
            ],
            [
              317.4652566126315,
              126.34055231139064
            ],
            [
              324.90844098839443,
              128.7797822766006
            ],
            [
              324.9488138369052,
              128.7936525158584
            ],
            [
              331.02440540108364,
              130.97804210707545
            ],
            [
              336.3700679949252,
              132.37141845747828
            ],
            [
              336.57992879662197,
              132.44305894896388
            ],
            [
              338.4505805185763,
              133.24047372862697
            ],
            [
              338.4505805185763,
              136.25696466490626
            ],
            [
              337.86237804207485,
              136.25093410536647
            ],
            [
              335.5057987383334,
              135.2463793568313
            ],
            [
              330.20224134239834,
              133.86397789046168
            ],
            [
              330.0730847528903,
              133.8240160755813
            ],
            [
              323.953904073569,
              131.62395475432277
            ],
            [
              316.80553190025967,
              129.28133867308497
            ],
            [
              312.05442754540127,
              148.3480377011001
            ],
            [
              336.5999626329867,
              156.90491531416774
            ],
            [
              338.4505805185763,
              157.5779795460403
            ],
            [
              338.4505805185763,
              160.56125734373927
            ],
            [
              337.9378146341769,
              160.58374116942286
            ],
            [
              335.60289422783535,
              159.73439548537135
            ],
            [
              311.3494676760165,
              151.27935073897243
            ],
            [
              308.37610713753384,
              164.0188369564712
            ],
            [
              338.2971233538119,
              160.9416293911636
            ],
            [
              338.4505805185763,
              160.98745868727565
            ],
            [
              338.4505805185763,
              163.9416713528335
            ],
            [
              307.65414754662197,
              167.10891054198146
            ],
            [
              306.1544303110568,
              173.51488493010402
            ],
            [
              303.4646257570712,
              189.53834245726466
            ],
            [
              316.05879251274746,
              193.43444440886378
            ],
            [
              316.11546079430263,
              193.45321844145656
            ],
            [
              327.5990800074069,
              197.51307437941432
            ],
            [
              327.9126729181735,
              197.66709611937404
            ],
            [
              338.4505805185763,
              204.47023675963283
            ],
            [
              338.4505805185763,
              207.66439006850123
            ],
            [
              337.6370114496676,
              207.51586769148707
            ],
            [
              326.43330089363735,
              200.28289316222072
            ],
            [
              315.14365522179287,
              196.29161356016994
            ],
            [
              302.9204034021823,
              192.51025722548366
            ],
            [
              294.148830812308,
              237.44671152159572
            ],
            [
              294.14332906517666,
              237.47358606383204
            ],
            [
              291.2131413629977,
              251.14977214857936
            ],
            [
              338.4505805185763,
              269.2488574795425
            ],
            [
              338.4505805185763,
              272.2415094189346
            ],
            [
              337.9138988665072,
              272.2558965496719
            ],
            [
              290.29706136498135,
              254.01144455000758
            ],
            [
              286.99391977104824,
              261.86585472151637
            ],
            [
              286.9435118845431,
              261.9735579304397
            ],
            [
              269.584163587424,
              295.5312862209976
            ],
            [
              338.4505805185763,
              317.0800423435867
            ],
            [
              338.4505805185763,
              320.0431427769363
            ],
            [
              338.00263778481167,
              320.0833153538406
            ],
            [
              268.20672265801113,
              298.24371383711696
            ],
            [
              261.0794080904452,
              312.6508579067886
            ],
            [
              261.06222764763515,
              312.68451307341456
            ],
            [
              247.92321101936977,
              337.6414866261184
            ],
            [
              338.4505805185763,
              364.02003000304103
            ],
            [
              338.4505805185763,
              366.9765310101211
            ],
            [
              338.03095142159145,
              367.0225210003555
            ],
            [
              246.50033370766323,
              340.3516440205276
            ],
            [
              227.31279317650478,
              377.0495190434158
            ],
            [
              338.4505805185763,
              411.08264158293605
            ],
            [
              338.4505805185763,
              414.04356525465846
            ],
            [
              338.0113753488986,
              414.0856551937759
            ],
            [
              225.90326968941372,
              379.75539730116725
            ],
            [
              217.38838664803188,
              396.18980119749904
            ],
            [
              215.61955301079433,
              399.4652495197952
            ],
            [
              214.5551594904391,
              401.48332069441676
            ],
            [
              213.1430434397189,
              405.09096763655543
            ],
            [
              219.76861182961147,
              407.93283746764064
            ],
            [
              219.81071941170376,
              407.95167015120387
            ],
            [
              233.4678267649142,
              414.3136081509292
            ],
            [
              233.551174562308,
              414.35563848540187
            ],
            [
              243.655422609183,
              419.8518037609756
            ],
            [
              250.7689265421359,
              423.4599499516189
            ],
            [
              251.5161198786227,
              424.3315696530044
            ],
            [
              251.4802917650668,
              424.7977027706802
            ],
            [
              246.77444831642788,
              424.7977027706802
            ],
            [
              242.27909318718594,
              422.5175466351211
            ],
            [
              242.2408889940707,
              422.4974722675979
            ],
            [
              232.15870277199429,
              417.0133070759475
            ],
            [
              218.56483308586758,
              410.6808275990188
            ],
            [
              212.3807257822482,
              408.02831123396754
            ],
            [
              211.68190757546108,
              412.20131681486964
            ],
            [
              211.60061256203335,
              413.0944781117141
            ],
            [
              211.59005204949062,
              413.33105133101344
            ],
            [
              211.6912473848788,
              413.5298595242202
            ],
            [
              212.1684250048129,
              414.24367521330714
            ],
            [
              213.0567135027377,
              415.1176352314651
            ],
            [
              228.3946007898776,
              423.4807510189712
            ],
            [
              229.1155056169955,
              424.37423561140895
            ],
            [
              229.07023660454433,
              424.7977027706802
            ],
            [
              224.54316274437588,
              424.7977027706802
            ],
            [
              211.43626252922695,
              417.651051979512
            ],
            [
              211.10234061989468,
              417.40334890410304
            ],
            [
              209.95483581337612,
              416.2743539623916
            ],
            [
              209.75981132301968,
              416.0387277416885
            ],
            [
              209.15332738670986,
              415.13148115202785
            ],
            [
              209.07271997246426,
              414.99599216505885
            ],
            [
              208.8633083513705,
              414.59775636717677
            ],
            [
              208.74510757240932,
              414.29907796904445
            ],
            [
              208.6351155451266,
              413.9009604267776
            ],
            [
              208.66475765022915,
              413.6614641956985
            ],
            [
              208.5824417284457,
              413.43461368605494
            ],
            [
              208.60982362541836,
              412.8570275120437
            ],
            [
              208.69936887535732,
              411.87322376295924
            ],
            [
              208.71379415306728,
              411.76144836470485
            ],
            [
              209.73736802849453,
              405.6491579823196
            ],
            [
              209.82313291344326,
              405.51194093748927
            ],
            [
              209.81996003899258,
              405.35015819594264
            ],
            [
              211.79226438316982,
              400.31134985014796
            ],
            [
              211.8623055628268,
              400.1583142094314
            ],
            [
              212.96946994576138,
              398.05915067717433
            ],
            [
              214.73061029228847,
              394.79825876280665
            ],
            [
              223.81744949135464,
              377.25995729491115
            ],
            [
              244.41306010994595,
              337.8690361790359
            ],
            [
              258.39883605751675,
              311.3036794476211
            ],
            [
              266.0863756350009,
              295.764098148793
            ],
            [
              266.0985550096957,
              295.74002550169826
            ],
            [
              284.25158063683193,
              260.6480216793716
            ],
            [
              288.0401825121371,
              251.63925502821803
            ],
            [
              291.207029741141,
              236.85849855467677
            ],
            [
              300.29214898857754,
              190.3157553486526
            ],
            [
              303.2037328890292,
              172.97113559767604
            ],
            [
              303.222525041434,
              172.8775377087295
            ],
            [
              304.97661058220547,
              165.38504264876246
            ],
            [
              308.80717365059536,
              148.97283981367946
            ],
            [
              308.81242172035854,
              148.9510879330337
            ],
            [
              314.2750758341281,
              127.02886245772243
            ],
            [
              317.5019540003268,
              110.44405077025294
            ],
            [
              317.50798265251797,
              110.41463850066066
            ],
            [
              322.9508647135226,
              85.14899395033717
            ],
            [
              323.002243917319,
              84.96706245467067
            ],
            [
              325.9934682062594,
              76.4650120548904
            ],
            [
              299.2376741579501,
              62.173895340412855
            ],
            [
              189.52211324486416,
              3.0814747624099255
            ]
          ]
        ]
      }
    },
    {
      "type": "Feature",
      "properties": {
        "sourceLayer": "TPX_ROADS_AXES",
        "sourceEntityType": "LWPOLYLINE",
        "sourceHandle": "3E9",
        "contextKind": "road_axis",
        "sourceSceneVersionId": "scv-b67f98b3-a52e-4ff8-b837-45864ccd9201",
        "provenance": "topoexport_dxf_2d"
      },
      "geometry": {
        "type": "LineString",
        "coordinates": [
          [
            36.15388110134518,
            254.50848523899913
          ],
          [
            42.34727766964352,
            257.6445016078651
          ],
          [
            43.33721688244259,
            261.2054514102638
          ],
          [
            42.51032307598507,
            269.10891334339976
          ],
          [
            41.9599795624963,
            285.9342326335609
          ],
          [
            44.09739115688717,
            290.64629117771983
          ],
          [
            48.546091108059045,
            293.2274626903236
          ],
          [
            54.38762715313351,
            295.003270547837
          ],
          [
            102.62737133953488,
            314.1863340549171
          ],
          [
            108.69864609692013,
            317.8417891673744
          ],
          [
            113.17987111065304,
            320.9425868205726
          ],
          [
            118.71860173199093,
            326.5320600681007
          ],
          [
            154.3095112130395,
            364.6595963649452
          ],
          [
            174.8773231789819,
            384.0306762866676
          ]
        ]
      }
    },
    {
      "type": "Feature",
      "properties": {
        "sourceLayer": "TPX_ROADS_AXES",
        "sourceEntityType": "LWPOLYLINE",
        "sourceHandle": "3F0",
        "contextKind": "road_axis",
        "sourceSceneVersionId": "scv-b67f98b3-a52e-4ff8-b837-45864ccd9201",
        "provenance": "topoexport_dxf_2d"
      },
      "geometry": {
        "type": "LineString",
        "coordinates": [
          [
            225.14671948406613,
            377.9549683742225
          ],
          [
            216.05653431866085,
            395.4997510127723
          ],
          [
            214.2962365433923,
            398.7589291743934
          ],
          [
            213.18907216045773,
            400.85809222981334
          ],
          [
            211.21676781628048,
            405.896900575608
          ]
        ]
      }
    },
    {
      "type": "Feature",
      "properties": {
        "sourceLayer": "TPX_ROADS_AXES",
        "sourceEntityType": "LWPOLYLINE",
        "sourceHandle": "3F5",
        "contextKind": "road_axis",
        "sourceSceneVersionId": "scv-b67f98b3-a52e-4ff8-b837-45864ccd9201",
        "provenance": "topoexport_dxf_2d"
      },
      "geometry": {
        "type": "LineString",
        "coordinates": [
          [
            267.430850534176,
            296.42921916767955
          ],
          [
            259.73493292782223,
            311.98573676869273
          ],
          [
            245.740354566311,
            338.5678128413856
          ]
        ]
      }
    },
    {
      "type": "Feature",
      "properties": {
        "sourceLayer": "TPX_ROADS_AXES",
        "sourceEntityType": "LWPOLYLINE",
        "sourceHandle": "3FC",
        "contextKind": "road_axis",
        "sourceSceneVersionId": "scv-b67f98b3-a52e-4ff8-b837-45864ccd9201",
        "provenance": "topoexport_dxf_2d"
      },
      "geometry": {
        "type": "LineString",
        "coordinates": [
          [
            250.0903849885217,
            424.79770247265697
          ],
          [
            242.95763447735226,
            421.17979399487376
          ],
          [
            232.83442881557858,
            415.67331663891673
          ],
          [
            219.17732146236813,
            409.3113786391914
          ],
          [
            211.21676781628048,
            405.8969008140266
          ]
        ]
      }
    },
    {
      "type": "Feature",
      "properties": {
        "sourceLayer": "TPX_ROADS_AXES",
        "sourceEntityType": "LWPOLYLINE",
        "sourceHandle": "402",
        "contextKind": "road_axis",
        "sourceSceneVersionId": "scv-b67f98b3-a52e-4ff8-b837-45864ccd9201",
        "provenance": "topoexport_dxf_2d"
      },
      "geometry": {
        "type": "LineString",
        "coordinates": [
          [
            211.21676781628048,
            405.8969004768878
          ],
          [
            210.19319394085323,
            412.0091908592731
          ],
          [
            210.10364869091427,
            412.99299460835755
          ],
          [
            210.08094933483517,
            413.50150519795716
          ]
        ]
      }
    },
    {
      "type": "Feature",
      "properties": {
        "sourceLayer": "TPX_ROADS_AXES",
        "sourceEntityType": "LWPOLYLINE",
        "sourceHandle": "40A",
        "contextKind": "road_axis",
        "sourceSceneVersionId": "scv-b67f98b3-a52e-4ff8-b837-45864ccd9201",
        "provenance": "topoexport_dxf_2d"
      },
      "geometry": {
        "type": "LineString",
        "coordinates": [
          [
            210.08094933483517,
            413.50150519795716
          ],
          [
            210.19094136211788,
            413.899622740224
          ],
          [
            210.40035298321163,
            414.2978585381061
          ],
          [
            211.00683691952145,
            415.2051051277667
          ],
          [
            212.15434172604,
            416.33410006947815
          ],
          [
            227.67652132961666,
            424.79770261235535
          ]
        ]
      }
    },
    {
      "type": "Feature",
      "properties": {
        "sourceLayer": "TPX_ROADS_AXES",
        "sourceEntityType": "LWPOLYLINE",
        "sourceHandle": "40E",
        "contextKind": "road_axis",
        "sourceSceneVersionId": "scv-b67f98b3-a52e-4ff8-b837-45864ccd9201",
        "provenance": "topoexport_dxf_2d"
      },
      "geometry": {
        "type": "LineString",
        "coordinates": [
          [
            245.740354566311,
            338.5678128413856
          ],
          [
            225.14671948406613,
            377.9549683742225
          ]
        ]
      }
    },
    {
      "type": "Feature",
      "properties": {
        "sourceLayer": "TPX_ROADS_AXES",
        "sourceEntityType": "LWPOLYLINE",
        "sourceHandle": "412",
        "contextKind": "road_axis",
        "sourceSceneVersionId": "scv-b67f98b3-a52e-4ff8-b837-45864ccd9201",
        "provenance": "topoexport_dxf_2d"
      },
      "geometry": {
        "type": "LineString",
        "coordinates": [
          [
            225.14671988179907,
            377.95496847853065
          ],
          [
            338.45058054616675,
            412.6513963006437
          ]
        ]
      }
    },
    {
      "type": "Feature",
      "properties": {
        "sourceLayer": "TPX_ROADS_AXES",
        "sourceEntityType": "LWPOLYLINE",
        "sourceHandle": "416",
        "contextKind": "road_axis",
        "sourceSceneVersionId": "scv-b67f98b3-a52e-4ff8-b837-45864ccd9201",
        "provenance": "topoexport_dxf_2d"
      },
      "geometry": {
        "type": "LineString",
        "coordinates": [
          [
            245.7403547206195,
            338.5678128413856
          ],
          [
            338.45058077957947,
            365.5824131183326
          ]
        ]
      }
    },
    {
      "type": "Feature",
      "properties": {
        "sourceLayer": "TPX_ROADS_AXES",
        "sourceEntityType": "LWPOLYLINE",
        "sourceHandle": "41A",
        "contextKind": "road_axis",
        "sourceSceneVersionId": "scv-b67f98b3-a52e-4ff8-b837-45864ccd9201",
        "provenance": "topoexport_dxf_2d"
      },
      "geometry": {
        "type": "LineString",
        "coordinates": [
          [
            267.43085040082224,
            296.42921916767955
          ],
          [
            338.4505804919172,
            318.6517609767616
          ]
        ]
      }
    },
    {
      "type": "Feature",
      "properties": {
        "sourceLayer": "TPX_ROADS_AXES",
        "sourceEntityType": "LWPOLYLINE",
        "sourceHandle": "421",
        "contextKind": "road_axis",
        "sourceSceneVersionId": "scv-b67f98b3-a52e-4ff8-b837-45864ccd9201",
        "provenance": "topoexport_dxf_2d"
      },
      "geometry": {
        "type": "LineString",
        "coordinates": [
          [
            29.198484449123498,
            57.14317021146417
          ],
          [
            37.14966299984371,
            40.62518725171685
          ],
          [
            42.544103650783654,
            28.271949145942926
          ],
          [
            49.61897709820187,
            14.782035682350397
          ],
          [
            56.06383040401852,
            -1.4528632164001465e-7
          ]
        ]
      }
    },
    {
      "type": "Feature",
      "properties": {
        "sourceLayer": "TPX_ROADS_AXES",
        "sourceEntityType": "LWPOLYLINE",
        "sourceHandle": "428",
        "contextKind": "road_axis",
        "sourceSceneVersionId": "scv-b67f98b3-a52e-4ff8-b837-45864ccd9201",
        "provenance": "topoexport_dxf_2d"
      },
      "geometry": {
        "type": "LineString",
        "coordinates": [
          [
            172.18725445721066,
            -1.564621925354004e-7
          ],
          [
            169.99396851513302,
            4.92084725946188
          ],
          [
            166.36024668667233,
            13.683265529572964
          ],
          [
            165.59545042965328,
            15.849167190492153
          ],
          [
            165.23891451809322,
            18.402487121522427
          ]
        ]
      }
    },
    {
      "type": "Feature",
      "properties": {
        "sourceLayer": "TPX_ROADS_AXES",
        "sourceEntityType": "LWPOLYLINE",
        "sourceHandle": "436",
        "contextKind": "road_axis",
        "sourceSceneVersionId": "scv-b67f98b3-a52e-4ff8-b837-45864ccd9201",
        "provenance": "topoexport_dxf_2d"
      },
      "geometry": {
        "type": "LineString",
        "coordinates": [
          [
            165.23891451809322,
            18.402487121522427
          ],
          [
            165.7539863869897,
            21.85231574624777
          ],
          [
            166.41408827755367,
            24.108358703553677
          ],
          [
            167.91360810253536,
            26.464899860322475
          ],
          [
            171.48858454677975,
            29.90732368081808
          ],
          [
            194.54361775371945,
            38.436250530183315
          ],
          [
            197.6139889046899,
            38.915284000337124
          ],
          [
            201.43679049465572,
            38.333918415009975
          ],
          [
            204.99473813030636,
            37.53113254159689
          ],
          [
            210.25315430614864,
            37.316298328340054
          ],
          [
            215.6529350564233,
            38.981011711061
          ],
          [
            250.0901785180322,
            53.21689351648092
          ]
        ]
      }
    },
    {
      "type": "Feature",
      "properties": {
        "sourceLayer": "TPX_ROADS_AXES",
        "sourceEntityType": "LWPOLYLINE",
        "sourceHandle": "43C",
        "contextKind": "road_axis",
        "sourceSceneVersionId": "scv-b67f98b3-a52e-4ff8-b837-45864ccd9201",
        "provenance": "topoexport_dxf_2d"
      },
      "geometry": {
        "type": "LineString",
        "coordinates": [
          [
            2.0005973055958748e-7,
            116.28605310246348
          ],
          [
            15.346928319719154,
            111.87184135243297
          ],
          [
            24.523657521989662,
            114.35917369648814
          ],
          [
            90.13732310273917,
            135.35397235676646
          ]
        ]
      }
    },
    {
      "type": "Feature",
      "properties": {
        "sourceLayer": "TPX_ROADS_AXES",
        "sourceEntityType": "LWPOLYLINE",
        "sourceHandle": "45C",
        "contextKind": "road_axis",
        "sourceSceneVersionId": "scv-b67f98b3-a52e-4ff8-b837-45864ccd9201",
        "provenance": "topoexport_dxf_2d"
      },
      "geometry": {
        "type": "LineString",
        "coordinates": [
          [
            1.1909287422895432e-7,
            94.10226840339601
          ],
          [
            0.444542050245218,
            93.86724633537233
          ],
          [
            2.819591164472513,
            93.8369218762964
          ],
          [
            20.112427353742532,
            98.93192834220827
          ],
          [
            25.014805436017923,
            82.3771354611963
          ],
          [
            26.518581032636575,
            71.93179196678102
          ],
          [
            27.253019451978616,
            67.4442684110254
          ],
          [
            28.0758305786876,
            62.95685071311891
          ],
          [
            29.19848453986924,
            57.1431700643152
          ],
          [
            11.877003788831644,
            48.30042619071901
          ],
          [
            10.466047406080179,
            45.78921384178102
          ],
          [
            10.691116928937845,
            42.32921284995973
          ],
          [
            22.063577771070413,
            9.973255341872573
          ],
          [
            24.364337563398294,
            7.400150483474135
          ],
          [
            28.178604721906595,
            4.7183033879846334
          ],
          [
            32.221993088605814,
            4.424648469313979
          ],
          [
            36.92623102653306,
            5.756893819198012
          ],
          [
            49.61897718894761,
            14.782036012038589
          ],
          [
            57.39186775672715,
            18.030492490157485
          ],
          [
            68.20563518989366,
            18.70672578178346
          ],
          [
            78.28200590598863,
            17.10470980964601
          ],
          [
            92.43658077705186,
            13.805066293105483
          ],
          [
            102.87757742393296,
            12.126095002517104
          ],
          [
            109.17393124091905,
            12.277331536635756
          ],
          [
            115.17025911796372,
            13.909602349624038
          ],
          [
            125.90309679496568,
            17.603789990767837
          ],
          [
            130.49802029121201,
            17.974096005782485
          ],
          [
            133.98013412940782,
            15.921990102156997
          ],
          [
            139.3238707779674,
            9.007828896865249
          ],
          [
            143.72751057136338,
            1.8440186977386475e-7
          ]
        ]
      }
    },
    {
      "type": "Feature",
      "properties": {
        "sourceLayer": "TPX_ROADS_AXES",
        "sourceEntityType": "LWPOLYLINE",
        "sourceHandle": "460",
        "contextKind": "road_axis",
        "sourceSceneVersionId": "scv-b67f98b3-a52e-4ff8-b837-45864ccd9201",
        "provenance": "topoexport_dxf_2d"
      },
      "geometry": {
        "type": "LineString",
        "coordinates": [
          [
            15.346928624843713,
            111.87184135243297
          ],
          [
            20.112427739833947,
            98.9319280795753
          ]
        ]
      }
    },
    {
      "type": "Feature",
      "properties": {
        "sourceLayer": "TPX_ROADS_AXES",
        "sourceEntityType": "LWPOLYLINE",
        "sourceHandle": "465",
        "contextKind": "road_axis",
        "sourceSceneVersionId": "scv-b67f98b3-a52e-4ff8-b837-45864ccd9201",
        "provenance": "topoexport_dxf_2d"
      },
      "geometry": {
        "type": "LineString",
        "coordinates": [
          [
            25.01480534527218,
            82.3771356754005
          ],
          [
            61.39276936504757,
            99.51191989704967
          ],
          [
            101.73708966228878,
            116.13182060047984
          ]
        ]
      }
    },
    {
      "type": "Feature",
      "properties": {
        "sourceLayer": "TPX_ROADS_AXES",
        "sourceEntityType": "LWPOLYLINE",
        "sourceHandle": "469",
        "contextKind": "road_axis",
        "sourceSceneVersionId": "scv-b67f98b3-a52e-4ff8-b837-45864ccd9201",
        "provenance": "topoexport_dxf_2d"
      },
      "geometry": {
        "type": "LineString",
        "coordinates": [
          [
            289.4774230287294,
            252.09106389805675
          ],
          [
            338.45058043458266,
            270.85519210621715
          ]
        ]
      }
    },
    {
      "type": "Feature",
      "properties": {
        "sourceLayer": "TPX_ROADS_AXES",
        "sourceEntityType": "LWPOLYLINE",
        "sourceHandle": "46D",
        "contextKind": "road_axis",
        "sourceSceneVersionId": "scv-b67f98b3-a52e-4ff8-b837-45864ccd9201",
        "provenance": "topoexport_dxf_2d"
      },
      "geometry": {
        "type": "LineString",
        "coordinates": [
          [
            61.39276936504757,
            99.51191989704967
          ],
          [
            92.9209924027673,
            33.671795289963484
          ]
        ]
      }
    },
    {
      "type": "Feature",
      "properties": {
        "sourceLayer": "TPX_ROADS_AXES",
        "sourceEntityType": "LWPOLYLINE",
        "sourceHandle": "472",
        "contextKind": "road_axis",
        "sourceSceneVersionId": "scv-b67f98b3-a52e-4ff8-b837-45864ccd9201",
        "provenance": "topoexport_dxf_2d"
      },
      "geometry": {
        "type": "LineString",
        "coordinates": [
          [
            289.47742274258053,
            252.09106389805675
          ],
          [
            285.6112165734521,
            261.2843641452491
          ],
          [
            267.430850534176,
            296.42921916767955
          ]
        ]
      }
    },
    {
      "type": "Feature",
      "properties": {
        "sourceLayer": "TPX_ROADS_AXES",
        "sourceEntityType": "LWPOLYLINE",
        "sourceHandle": "476",
        "contextKind": "road_axis",
        "sourceSceneVersionId": "scv-b67f98b3-a52e-4ff8-b837-45864ccd9201",
        "provenance": "topoexport_dxf_2d"
      },
      "geometry": {
        "type": "LineString",
        "coordinates": [
          [
            1.3201497495174408e-7,
            207.43936483189464
          ],
          [
            24.523657453944907,
            114.35917369648814
          ]
        ]
      }
    },
    {
      "type": "Feature",
      "properties": {
        "sourceLayer": "TPX_ROADS_AXES",
        "sourceEntityType": "LWPOLYLINE",
        "sourceHandle": "480",
        "contextKind": "road_axis",
        "sourceSceneVersionId": "scv-b67f98b3-a52e-4ff8-b837-45864ccd9201",
        "provenance": "topoexport_dxf_2d"
      },
      "geometry": {
        "type": "LineString",
        "coordinates": [
          [
            156.80779723019805,
            -1.6763806343078613e-7
          ],
          [
            130.2199881443521,
            65.80950529500842
          ],
          [
            101.73708990903106,
            116.13182051107287
          ],
          [
            90.13732317776885,
            135.3539722673595
          ],
          [
            36.153880871250294,
            254.50848514959216
          ],
          [
            26.811982429935597,
            251.55664284154773
          ],
          [
            7.641002453281544,
            246.6031144373119
          ],
          [
            -2.0174775272607803e-7,
            244.22218735143542
          ]
        ]
      }
    },
    {
      "type": "Feature",
      "properties": {
        "sourceLayer": "TPX_ROADS_AXES",
        "sourceEntityType": "LWPOLYLINE",
        "sourceHandle": "484",
        "contextKind": "road_axis",
        "sourceSceneVersionId": "scv-b67f98b3-a52e-4ff8-b837-45864ccd9201",
        "provenance": "topoexport_dxf_2d"
      },
      "geometry": {
        "type": "LineString",
        "coordinates": [
          [
            310.2679148003808,
            149.31377260014415
          ],
          [
            306.43731263134396,
            165.72614280506968
          ]
        ]
      }
    },
    {
      "type": "Feature",
      "properties": {
        "sourceLayer": "TPX_ROADS_AXES",
        "sourceEntityType": "LWPOLYLINE",
        "sourceHandle": "488",
        "contextKind": "road_axis",
        "sourceSceneVersionId": "scv-b67f98b3-a52e-4ff8-b837-45864ccd9201",
        "provenance": "topoexport_dxf_2d"
      },
      "geometry": {
        "type": "LineString",
        "coordinates": [
          [
            315.74000933620846,
            127.35365955159068
          ],
          [
            310.2679148003808,
            149.31377260014415
          ]
        ]
      }
    },
    {
      "type": "Feature",
      "properties": {
        "sourceLayer": "TPX_ROADS_AXES",
        "sourceEntityType": "LWPOLYLINE",
        "sourceHandle": "48E",
        "contextKind": "road_axis",
        "sourceSceneVersionId": "scv-b67f98b3-a52e-4ff8-b837-45864ccd9201",
        "provenance": "topoexport_dxf_2d"
      },
      "geometry": {
        "type": "LineString",
        "coordinates": [
          [
            328.5072388932458,
            73.83971301838756
          ],
          [
            324.41722491238033,
            85.46488658711314
          ],
          [
            318.9743428513757,
            110.73053113743663
          ],
          [
            315.74000933620846,
            127.35365955159068
          ]
        ]
      }
    },
    {
      "type": "Feature",
      "properties": {
        "sourceLayer": "TPX_ROADS_AXES",
        "sourceEntityType": "LWPOLYLINE",
        "sourceHandle": "492",
        "contextKind": "road_axis",
        "sourceSceneVersionId": "scv-b67f98b3-a52e-4ff8-b837-45864ccd9201",
        "provenance": "topoexport_dxf_2d"
      },
      "geometry": {
        "type": "LineString",
        "coordinates": [
          [
            328.50723892607493,
            73.83971301838756
          ],
          [
            338.4505806581001,
            79.41885129734874
          ]
        ]
      }
    },
    {
      "type": "Feature",
      "properties": {
        "sourceLayer": "TPX_ROADS_AXES",
        "sourceEntityType": "LWPOLYLINE",
        "sourceHandle": "496",
        "contextKind": "road_axis",
        "sourceSceneVersionId": "scv-b67f98b3-a52e-4ff8-b837-45864ccd9201",
        "provenance": "topoexport_dxf_2d"
      },
      "geometry": {
        "type": "LineString",
        "coordinates": [
          [
            319.30041257163975,
            31.66433374211192
          ],
          [
            338.4505805136869,
            43.15418330952525
          ]
        ]
      }
    },
    {
      "type": "Feature",
      "properties": {
        "sourceLayer": "TPX_ROADS_AXES",
        "sourceEntityType": "LWPOLYLINE",
        "sourceHandle": "49D",
        "contextKind": "road_axis",
        "sourceSceneVersionId": "scv-b67f98b3-a52e-4ff8-b837-45864ccd9201",
        "provenance": "topoexport_dxf_2d"
      },
      "geometry": {
        "type": "LineString",
        "coordinates": [
          [
            315.7400095376652,
            127.35365955159068
          ],
          [
            324.44131540390663,
            130.20519248768687
          ],
          [
            330.5805833253544,
            132.41247598454356
          ],
          [
            335.9917261514347,
            133.82292024418712
          ],
          [
            338.4505808267277,
            134.87107269093394
          ]
        ]
      }
    },
    {
      "type": "Feature",
      "properties": {
        "sourceLayer": "TPX_ROADS_AXES",
        "sourceEntityType": "LWPOLYLINE",
        "sourceHandle": "4A1",
        "contextKind": "road_axis",
        "sourceSceneVersionId": "scv-b67f98b3-a52e-4ff8-b837-45864ccd9201",
        "provenance": "topoexport_dxf_2d"
      },
      "geometry": {
        "type": "LineString",
        "coordinates": [
          [
            338.4505804881919,
            162.4337591342628
          ],
          [
            306.4373124942649,
            165.72614280506968
          ]
        ]
      }
    },
    {
      "type": "Feature",
      "properties": {
        "sourceLayer": "TPX_ROADS_AXES",
        "sourceEntityType": "LWPOLYLINE",
        "sourceHandle": "4A6",
        "contextKind": "road_axis",
        "sourceSceneVersionId": "scv-b67f98b3-a52e-4ff8-b837-45864ccd9201",
        "provenance": "topoexport_dxf_2d"
      },
      "geometry": {
        "type": "LineString",
        "coordinates": [
          [
            310.2679146633018,
            149.31377260014415
          ],
          [
            336.1061881885398,
            158.32131473347545
          ],
          [
            338.4505804881919,
            159.17410604283214
          ]
        ]
      }
    },
    {
      "type": "Feature",
      "properties": {
        "sourceLayer": "TPX_ROADS_AXES",
        "sourceEntityType": "LWPOLYLINE",
        "sourceHandle": "4AB",
        "contextKind": "road_axis",
        "sourceSceneVersionId": "scv-b67f98b3-a52e-4ff8-b837-45864ccd9201",
        "provenance": "topoexport_dxf_2d"
      },
      "geometry": {
        "type": "LineString",
        "coordinates": [
          [
            301.76816323254025,
            190.58366576954722
          ],
          [
            292.67661622021114,
            237.1593360118568
          ],
          [
            289.47742274258053,
            252.09106389805675
          ]
        ]
      }
    },
    {
      "type": "Feature",
      "properties": {
        "sourceLayer": "TPX_ROADS_AXES",
        "sourceEntityType": "LWPOLYLINE",
        "sourceHandle": "4B1",
        "contextKind": "road_axis",
        "sourceSceneVersionId": "scv-b67f98b3-a52e-4ff8-b837-45864ccd9201",
        "provenance": "topoexport_dxf_2d"
      },
      "geometry": {
        "type": "LineString",
        "coordinates": [
          [
            301.76816329930443,
            190.58366576954722
          ],
          [
            315.6154843327822,
            194.8674406222999
          ],
          [
            327.09910354588646,
            198.92729656025767
          ],
          [
            338.45058069203515,
            206.2556676082313
          ]
        ]
      }
    },
    {
      "type": "Feature",
      "properties": {
        "sourceLayer": "TPX_ROADS_AXES",
        "sourceEntityType": "LWPOLYLINE",
        "sourceHandle": "4B6",
        "contextKind": "road_axis",
        "sourceSceneVersionId": "scv-b67f98b3-a52e-4ff8-b837-45864ccd9201",
        "provenance": "topoexport_dxf_2d"
      },
      "geometry": {
        "type": "LineString",
        "coordinates": [
          [
            306.43731263134396,
            165.72614280506968
          ],
          [
            304.6830349251977,
            173.21946136280894
          ],
          [
            301.76816323254025,
            190.58366576954722
          ]
        ]
      }
    },
    {
      "type": "Feature",
      "properties": {
        "sourceLayer": "TPX_ROADS_AXES",
        "sourceEntityType": "LWPOLYLINE",
        "sourceHandle": "4BA",
        "contextKind": "road_axis",
        "sourceSceneVersionId": "scv-b67f98b3-a52e-4ff8-b837-45864ccd9201",
        "provenance": "topoexport_dxf_2d"
      },
      "geometry": {
        "type": "LineString",
        "coordinates": [
          [
            139.32387068722164,
            9.007828943431377
          ],
          [
            118.73424056026852,
            2.3096799850463867e-7
          ]
        ]
      }
    },
    {
      "type": "Feature",
      "properties": {
        "sourceLayer": "TPX_ROADS_AXES",
        "sourceEntityType": "LWPOLYLINE",
        "sourceHandle": "4BF",
        "contextKind": "road_axis",
        "sourceSceneVersionId": "scv-b67f98b3-a52e-4ff8-b837-45864ccd9201",
        "provenance": "topoexport_dxf_2d"
      },
      "geometry": {
        "type": "LineString",
        "coordinates": [
          [
            191.18178490776336,
            -1.564621925354004e-7
          ],
          [
            300.8973458208493,
            59.09242042154074
          ],
          [
            328.5072386660031,
            73.83971294015646
          ]
        ]
      }
    },
    {
      "type": "Feature",
      "properties": {
        "sourceLayer": "TPX_ROADS_AXES",
        "sourceEntityType": "LWPOLYLINE",
        "sourceHandle": "4C5",
        "contextKind": "road_axis",
        "sourceSceneVersionId": "scv-b67f98b3-a52e-4ff8-b837-45864ccd9201",
        "provenance": "topoexport_dxf_2d"
      },
      "geometry": {
        "type": "LineString",
        "coordinates": [
          [
            300.8973457289976,
            59.092420637607574
          ],
          [
            305.4464623404783,
            51.547153532505035
          ],
          [
            319.3004128409666,
            31.664333879947662
          ],
          [
            338.1814810706419,
            5.960464477539063e-8
          ]
        ]
      }
    },
    {
      "type": "Feature",
      "properties": {
        "sourceLayer": "TPX_RAILWAYS_AXES",
        "sourceEntityType": "LWPOLYLINE",
        "sourceHandle": "4CD",
        "contextKind": "railway_axis",
        "sourceSceneVersionId": "scv-b67f98b3-a52e-4ff8-b837-45864ccd9201",
        "provenance": "topoexport_dxf_2d"
      },
      "geometry": {
        "type": "LineString",
        "coordinates": [
          [
            209.5648088931339,
            420.21137944981456
          ],
          [
            198.83765273087192,
            411.6750587634742
          ],
          [
            182.5182075976627,
            396.13414422795177
          ],
          [
            126.41960959427524,
            343.7762664966285
          ],
          [
            92.19499926560093,
            317.84419671818614
          ],
          [
            4.761386662721634e-8,
            285.65727750584483
          ]
        ]
      }
    },
    {
      "type": "Feature",
      "properties": {
        "sourceLayer": "TPX_RAILWAYS_AXES",
        "sourceEntityType": "LWPOLYLINE",
        "sourceHandle": "4D2",
        "contextKind": "railway_axis",
        "sourceSceneVersionId": "scv-b67f98b3-a52e-4ff8-b837-45864ccd9201",
        "provenance": "topoexport_dxf_2d"
      },
      "geometry": {
        "type": "LineString",
        "coordinates": [
          [
            92.19499941187678,
            317.84419671818614
          ],
          [
            81.34487791376887,
            310.55693570896983
          ],
          [
            1.9388971850275993e-7,
            282.12999288365245
          ]
        ]
      }
    },
    {
      "type": "Feature",
      "properties": {
        "sourceLayer": "TPX_VEGETATION_TREES_INDIVIDUAL",
        "sourceEntityType": "INSERT",
        "sourceHandle": "510",
        "contextKind": "tree",
        "sourceSceneVersionId": "scv-b67f98b3-a52e-4ff8-b837-45864ccd9201",
        "provenance": "topoexport_dxf_2d"
      },
      "geometry": {
        "type": "Point",
        "coordinates": [
          332.8720995589392,
          200.5568960942328
        ]
      }
    },
    {
      "type": "Feature",
      "properties": {
        "sourceLayer": "TPX_VEGETATION_TREES_INDIVIDUAL",
        "sourceEntityType": "INSERT",
        "sourceHandle": "512",
        "contextKind": "tree",
        "sourceSceneVersionId": "scv-b67f98b3-a52e-4ff8-b837-45864ccd9201",
        "provenance": "topoexport_dxf_2d"
      },
      "geometry": {
        "type": "Point",
        "coordinates": [
          252.41246543481247,
          89.79013949632645
        ]
      }
    },
    {
      "type": "Feature",
      "properties": {
        "sourceLayer": "TPX_VEGETATION_TREES_INDIVIDUAL",
        "sourceEntityType": "INSERT",
        "sourceHandle": "514",
        "contextKind": "tree",
        "sourceSceneVersionId": "scv-b67f98b3-a52e-4ff8-b837-45864ccd9201",
        "provenance": "topoexport_dxf_2d"
      },
      "geometry": {
        "type": "Point",
        "coordinates": [
          308.0354021927342,
          156.96533903107047
        ]
      }
    },
    {
      "type": "Feature",
      "properties": {
        "sourceLayer": "TPX_VEGETATION_TREES_INDIVIDUAL",
        "sourceEntityType": "INSERT",
        "sourceHandle": "516",
        "contextKind": "tree",
        "sourceSceneVersionId": "scv-b67f98b3-a52e-4ff8-b837-45864ccd9201",
        "provenance": "topoexport_dxf_2d"
      },
      "geometry": {
        "type": "Point",
        "coordinates": [
          254.4280306212022,
          387.6628365032375
        ]
      }
    },
    {
      "type": "Feature",
      "properties": {
        "sourceLayer": "TPX_VEGETATION_TREES_INDIVIDUAL",
        "sourceEntityType": "INSERT",
        "sourceHandle": "518",
        "contextKind": "tree",
        "sourceSceneVersionId": "scv-b67f98b3-a52e-4ff8-b837-45864ccd9201",
        "provenance": "topoexport_dxf_2d"
      },
      "geometry": {
        "type": "Point",
        "coordinates": [
          17.784718427807093,
          60.076359402388334
        ]
      }
    },
    {
      "type": "Feature",
      "properties": {
        "sourceLayer": "TPX_VEGETATION_TREES_INDIVIDUAL",
        "sourceEntityType": "INSERT",
        "sourceHandle": "51A",
        "contextKind": "tree",
        "sourceSceneVersionId": "scv-b67f98b3-a52e-4ff8-b837-45864ccd9201",
        "provenance": "topoexport_dxf_2d"
      },
      "geometry": {
        "type": "Point",
        "coordinates": [
          36.62493043451104,
          162.52838108688593
        ]
      }
    },
    {
      "type": "Feature",
      "properties": {
        "sourceLayer": "TPX_VEGETATION_TREES_INDIVIDUAL",
        "sourceEntityType": "INSERT",
        "sourceHandle": "51C",
        "contextKind": "tree",
        "sourceSceneVersionId": "scv-b67f98b3-a52e-4ff8-b837-45864ccd9201",
        "provenance": "topoexport_dxf_2d"
      },
      "geometry": {
        "type": "Point",
        "coordinates": [
          41.39093299570959,
          141.3417521994561
        ]
      }
    },
    {
      "type": "Feature",
      "properties": {
        "sourceLayer": "TPX_VEGETATION_TREES_INDIVIDUAL",
        "sourceEntityType": "INSERT",
        "sourceHandle": "51E",
        "contextKind": "tree",
        "sourceSceneVersionId": "scv-b67f98b3-a52e-4ff8-b837-45864ccd9201",
        "provenance": "topoexport_dxf_2d"
      },
      "geometry": {
        "type": "Point",
        "coordinates": [
          245.01395463966765,
          331.1385543644428
        ]
      }
    },
    {
      "type": "Feature",
      "properties": {
        "sourceLayer": "TPX_VEGETATION_TREES_INDIVIDUAL",
        "sourceEntityType": "INSERT",
        "sourceHandle": "520",
        "contextKind": "tree",
        "sourceSceneVersionId": "scv-b67f98b3-a52e-4ff8-b837-45864ccd9201",
        "provenance": "topoexport_dxf_2d"
      },
      "geometry": {
        "type": "Point",
        "coordinates": [
          323.28570005396614,
          288.8469629213214
        ]
      }
    },
    {
      "type": "Feature",
      "properties": {
        "sourceLayer": "TPX_VEGETATION_TREES_INDIVIDUAL",
        "sourceEntityType": "INSERT",
        "sourceHandle": "522",
        "contextKind": "tree",
        "sourceSceneVersionId": "scv-b67f98b3-a52e-4ff8-b837-45864ccd9201",
        "provenance": "topoexport_dxf_2d"
      },
      "geometry": {
        "type": "Point",
        "coordinates": [
          323.53223870083457,
          81.63336932845414
        ]
      }
    },
    {
      "type": "Feature",
      "properties": {
        "sourceLayer": "TPX_VEGETATION_TREES_INDIVIDUAL",
        "sourceEntityType": "INSERT",
        "sourceHandle": "524",
        "contextKind": "tree",
        "sourceSceneVersionId": "scv-b67f98b3-a52e-4ff8-b837-45864ccd9201",
        "provenance": "topoexport_dxf_2d"
      },
      "geometry": {
        "type": "Point",
        "coordinates": [
          167.1240355517366,
          53.190635580569506
        ]
      }
    },
    {
      "type": "Feature",
      "properties": {
        "sourceLayer": "TPX_VEGETATION_TREES_INDIVIDUAL",
        "sourceEntityType": "INSERT",
        "sourceHandle": "526",
        "contextKind": "tree",
        "sourceSceneVersionId": "scv-b67f98b3-a52e-4ff8-b837-45864ccd9201",
        "provenance": "topoexport_dxf_2d"
      },
      "geometry": {
        "type": "Point",
        "coordinates": [
          320.94197177764727,
          266.4744546096772
        ]
      }
    },
    {
      "type": "Feature",
      "properties": {
        "sourceLayer": "TPX_VEGETATION_TREES_INDIVIDUAL",
        "sourceEntityType": "INSERT",
        "sourceHandle": "528",
        "contextKind": "tree",
        "sourceSceneVersionId": "scv-b67f98b3-a52e-4ff8-b837-45864ccd9201",
        "provenance": "topoexport_dxf_2d"
      },
      "geometry": {
        "type": "Point",
        "coordinates": [
          240.5509838577127,
          98.01745597273111
        ]
      }
    },
    {
      "type": "Feature",
      "properties": {
        "sourceLayer": "TPX_VEGETATION_TREES_INDIVIDUAL",
        "sourceEntityType": "INSERT",
        "sourceHandle": "52A",
        "contextKind": "tree",
        "sourceSceneVersionId": "scv-b67f98b3-a52e-4ff8-b837-45864ccd9201",
        "provenance": "topoexport_dxf_2d"
      },
      "geometry": {
        "type": "Point",
        "coordinates": [
          238.1750396397547,
          102.72402458265424
        ]
      }
    },
    {
      "type": "Feature",
      "properties": {
        "sourceLayer": "TPX_VEGETATION_TREES_INDIVIDUAL",
        "sourceEntityType": "INSERT",
        "sourceHandle": "52C",
        "contextKind": "tree",
        "sourceSceneVersionId": "scv-b67f98b3-a52e-4ff8-b837-45864ccd9201",
        "provenance": "topoexport_dxf_2d"
      },
      "geometry": {
        "type": "Point",
        "coordinates": [
          267.78176648757653,
          121.5968955680728
        ]
      }
    },
    {
      "type": "Feature",
      "properties": {
        "sourceLayer": "TPX_VEGETATION_TREES_INDIVIDUAL",
        "sourceEntityType": "INSERT",
        "sourceHandle": "52E",
        "contextKind": "tree",
        "sourceSceneVersionId": "scv-b67f98b3-a52e-4ff8-b837-45864ccd9201",
        "provenance": "topoexport_dxf_2d"
      },
      "geometry": {
        "type": "Point",
        "coordinates": [
          253.57939883461222,
          105.09707714244723
        ]
      }
    },
    {
      "type": "Feature",
      "properties": {
        "sourceLayer": "TPX_VEGETATION_TREES_INDIVIDUAL",
        "sourceEntityType": "INSERT",
        "sourceHandle": "530",
        "contextKind": "tree",
        "sourceSceneVersionId": "scv-b67f98b3-a52e-4ff8-b837-45864ccd9201",
        "provenance": "topoexport_dxf_2d"
      },
      "geometry": {
        "type": "Point",
        "coordinates": [
          294.78555792424595,
          335.9072311986238
        ]
      }
    },
    {
      "type": "Feature",
      "properties": {
        "sourceLayer": "TPX_VEGETATION_TREES_INDIVIDUAL",
        "sourceEntityType": "INSERT",
        "sourceHandle": "532",
        "contextKind": "tree",
        "sourceSceneVersionId": "scv-b67f98b3-a52e-4ff8-b837-45864ccd9201",
        "provenance": "topoexport_dxf_2d"
      },
      "geometry": {
        "type": "Point",
        "coordinates": [
          271.44803772313753,
          28.590668834745884
        ]
      }
    },
    {
      "type": "Feature",
      "properties": {
        "sourceLayer": "TPX_VEGETATION_TREES_INDIVIDUAL",
        "sourceEntityType": "INSERT",
        "sourceHandle": "534",
        "contextKind": "tree",
        "sourceSceneVersionId": "scv-b67f98b3-a52e-4ff8-b837-45864ccd9201",
        "provenance": "topoexport_dxf_2d"
      },
      "geometry": {
        "type": "Point",
        "coordinates": [
          16.588289111678023,
          69.49372486397624
        ]
      }
    },
    {
      "type": "Feature",
      "properties": {
        "sourceLayer": "TPX_VEGETATION_TREES_INDIVIDUAL",
        "sourceEntityType": "INSERT",
        "sourceHandle": "536",
        "contextKind": "tree",
        "sourceSceneVersionId": "scv-b67f98b3-a52e-4ff8-b837-45864ccd9201",
        "provenance": "topoexport_dxf_2d"
      },
      "geometry": {
        "type": "Point",
        "coordinates": [
          180.16928147437284,
          46.1421033591032
        ]
      }
    },
    {
      "type": "Feature",
      "properties": {
        "sourceLayer": "TPX_VEGETATION_TREES_INDIVIDUAL",
        "sourceEntityType": "INSERT",
        "sourceHandle": "538",
        "contextKind": "tree",
        "sourceSceneVersionId": "scv-b67f98b3-a52e-4ff8-b837-45864ccd9201",
        "provenance": "topoexport_dxf_2d"
      },
      "geometry": {
        "type": "Point",
        "coordinates": [
          250.07719911291497,
          60.3536245431751
        ]
      }
    },
    {
      "type": "Feature",
      "properties": {
        "sourceLayer": "TPX_VEGETATION_TREES_INDIVIDUAL",
        "sourceEntityType": "INSERT",
        "sourceHandle": "53A",
        "contextKind": "tree",
        "sourceSceneVersionId": "scv-b67f98b3-a52e-4ff8-b837-45864ccd9201",
        "provenance": "topoexport_dxf_2d"
      },
      "geometry": {
        "type": "Point",
        "coordinates": [
          294.7995696279686,
          324.13369884341955
        ]
      }
    },
    {
      "type": "Feature",
      "properties": {
        "sourceLayer": "TPX_VEGETATION_TREES_INDIVIDUAL",
        "sourceEntityType": "INSERT",
        "sourceHandle": "53C",
        "contextKind": "tree",
        "sourceSceneVersionId": "scv-b67f98b3-a52e-4ff8-b837-45864ccd9201",
        "provenance": "topoexport_dxf_2d"
      },
      "geometry": {
        "type": "Point",
        "coordinates": [
          275.8452364424593,
          317.0470092725009
        ]
      }
    },
    {
      "type": "Feature",
      "properties": {
        "sourceLayer": "TPX_VEGETATION_TREES_INDIVIDUAL",
        "sourceEntityType": "INSERT",
        "sourceHandle": "53E",
        "contextKind": "tree",
        "sourceSceneVersionId": "scv-b67f98b3-a52e-4ff8-b837-45864ccd9201",
        "provenance": "topoexport_dxf_2d"
      },
      "geometry": {
        "type": "Point",
        "coordinates": [
          306.6666938267881,
          311.1969200205058
        ]
      }
    },
    {
      "type": "Feature",
      "properties": {
        "sourceLayer": "TPX_VEGETATION_TREES_INDIVIDUAL",
        "sourceEntityType": "INSERT",
        "sourceHandle": "540",
        "contextKind": "tree",
        "sourceSceneVersionId": "scv-b67f98b3-a52e-4ff8-b837-45864ccd9201",
        "provenance": "topoexport_dxf_2d"
      },
      "geometry": {
        "type": "Point",
        "coordinates": [
          305.5417661057436,
          260.56936368346214
        ]
      }
    },
    {
      "type": "Feature",
      "properties": {
        "sourceLayer": "TPX_VEGETATION_TREES_INDIVIDUAL",
        "sourceEntityType": "INSERT",
        "sourceHandle": "542",
        "contextKind": "tree",
        "sourceSceneVersionId": "scv-b67f98b3-a52e-4ff8-b837-45864ccd9201",
        "provenance": "topoexport_dxf_2d"
      },
      "geometry": {
        "type": "Point",
        "coordinates": [
          311.49703562585637,
          235.8520360328257
        ]
      }
    },
    {
      "type": "Feature",
      "properties": {
        "sourceLayer": "TPX_VEGETATION_TREES_INDIVIDUAL",
        "sourceEntityType": "INSERT",
        "sourceHandle": "544",
        "contextKind": "tree",
        "sourceSceneVersionId": "scv-b67f98b3-a52e-4ff8-b837-45864ccd9201",
        "provenance": "topoexport_dxf_2d"
      },
      "geometry": {
        "type": "Point",
        "coordinates": [
          31.827963206742425,
          209.6167347729206
        ]
      }
    },
    {
      "type": "Feature",
      "properties": {
        "sourceLayer": "TPX_VEGETATION_TREES_INDIVIDUAL",
        "sourceEntityType": "INSERT",
        "sourceHandle": "546",
        "contextKind": "tree",
        "sourceSceneVersionId": "scv-b67f98b3-a52e-4ff8-b837-45864ccd9201",
        "provenance": "topoexport_dxf_2d"
      },
      "geometry": {
        "type": "Point",
        "coordinates": [
          75.75657687534112,
          144.9148698411882
        ]
      }
    },
    {
      "type": "Feature",
      "properties": {
        "sourceLayer": "TPX_VEGETATION_TREES_INDIVIDUAL",
        "sourceEntityType": "INSERT",
        "sourceHandle": "548",
        "contextKind": "tree",
        "sourceSceneVersionId": "scv-b67f98b3-a52e-4ff8-b837-45864ccd9201",
        "provenance": "topoexport_dxf_2d"
      },
      "geometry": {
        "type": "Point",
        "coordinates": [
          74.58266095857834,
          135.49465873651206
        ]
      }
    },
    {
      "type": "Feature",
      "properties": {
        "sourceLayer": "TPX_VEGETATION_TREES_INDIVIDUAL",
        "sourceEntityType": "INSERT",
        "sourceHandle": "54A",
        "contextKind": "tree",
        "sourceSceneVersionId": "scv-b67f98b3-a52e-4ff8-b837-45864ccd9201",
        "provenance": "topoexport_dxf_2d"
      },
      "geometry": {
        "type": "Point",
        "coordinates": [
          273.69358066201676,
          133.37744026444852
        ]
      }
    },
    {
      "type": "Feature",
      "properties": {
        "sourceLayer": "TPX_VEGETATION_TREES_INDIVIDUAL",
        "sourceEntityType": "INSERT",
        "sourceHandle": "54C",
        "contextKind": "tree",
        "sourceSceneVersionId": "scv-b67f98b3-a52e-4ff8-b837-45864ccd9201",
        "provenance": "topoexport_dxf_2d"
      },
      "geometry": {
        "type": "Point",
        "coordinates": [
          293.84282298828475,
          132.22407983988523
        ]
      }
    },
    {
      "type": "Feature",
      "properties": {
        "sourceLayer": "TPX_VEGETATION_TREES_INDIVIDUAL",
        "sourceEntityType": "INSERT",
        "sourceHandle": "54E",
        "contextKind": "tree",
        "sourceSceneVersionId": "scv-b67f98b3-a52e-4ff8-b837-45864ccd9201",
        "provenance": "topoexport_dxf_2d"
      },
      "geometry": {
        "type": "Point",
        "coordinates": [
          117.28101846692152,
          108.46658566966653
        ]
      }
    },
    {
      "type": "Feature",
      "properties": {
        "sourceLayer": "TPX_VEGETATION_TREES_INDIVIDUAL",
        "sourceEntityType": "INSERT",
        "sourceHandle": "550",
        "contextKind": "tree",
        "sourceSceneVersionId": "scv-b67f98b3-a52e-4ff8-b837-45864ccd9201",
        "provenance": "topoexport_dxf_2d"
      },
      "geometry": {
        "type": "Point",
        "coordinates": [
          319.94872048072284,
          105.17609691992402
        ]
      }
    },
    {
      "type": "Feature",
      "properties": {
        "sourceLayer": "TPX_VEGETATION_TREES_INDIVIDUAL",
        "sourceEntityType": "INSERT",
        "sourceHandle": "552",
        "contextKind": "tree",
        "sourceSceneVersionId": "scv-b67f98b3-a52e-4ff8-b837-45864ccd9201",
        "provenance": "topoexport_dxf_2d"
      },
      "geometry": {
        "type": "Point",
        "coordinates": [
          228.74842906818958,
          56.79616256058216
        ]
      }
    },
    {
      "type": "Feature",
      "properties": {
        "sourceLayer": "TPX_VEGETATION_TREES_INDIVIDUAL",
        "sourceEntityType": "INSERT",
        "sourceHandle": "554",
        "contextKind": "tree",
        "sourceSceneVersionId": "scv-b67f98b3-a52e-4ff8-b837-45864ccd9201",
        "provenance": "topoexport_dxf_2d"
      },
      "geometry": {
        "type": "Point",
        "coordinates": [
          321.19273006595904,
          55.728906475007534
        ]
      }
    },
    {
      "type": "Feature",
      "properties": {
        "sourceLayer": "TPX_VEGETATION_TREES_INDIVIDUAL",
        "sourceEntityType": "INSERT",
        "sourceHandle": "556",
        "contextKind": "tree",
        "sourceSceneVersionId": "scv-b67f98b3-a52e-4ff8-b837-45864ccd9201",
        "provenance": "topoexport_dxf_2d"
      },
      "geometry": {
        "type": "Point",
        "coordinates": [
          245.39124685886782,
          14.431450570002198
        ]
      }
    },
    {
      "type": "Feature",
      "properties": {
        "sourceLayer": "TPX_VEGETATION_TREES_INDIVIDUAL",
        "sourceEntityType": "INSERT",
        "sourceHandle": "558",
        "contextKind": "tree",
        "sourceSceneVersionId": "scv-b67f98b3-a52e-4ff8-b837-45864ccd9201",
        "provenance": "topoexport_dxf_2d"
      },
      "geometry": {
        "type": "Point",
        "coordinates": [
          125.69805738516152,
          7.2246053367853165
        ]
      }
    },
    {
      "type": "Feature",
      "properties": {
        "sourceLayer": "TPX_VEGETATION_TREES_INDIVIDUAL",
        "sourceEntityType": "INSERT",
        "sourceHandle": "55A",
        "contextKind": "tree",
        "sourceSceneVersionId": "scv-b67f98b3-a52e-4ff8-b837-45864ccd9201",
        "provenance": "topoexport_dxf_2d"
      },
      "geometry": {
        "type": "Point",
        "coordinates": [
          221.67953662818763,
          21.467280307784677
        ]
      }
    },
    {
      "type": "Feature",
      "properties": {
        "sourceLayer": "TPX_VEGETATION_TREES_INDIVIDUAL",
        "sourceEntityType": "INSERT",
        "sourceHandle": "55C",
        "contextKind": "tree",
        "sourceSceneVersionId": "scv-b67f98b3-a52e-4ff8-b837-45864ccd9201",
        "provenance": "topoexport_dxf_2d"
      },
      "geometry": {
        "type": "Point",
        "coordinates": [
          286.7444360728841,
          121.6194756180048
        ]
      }
    },
    {
      "type": "Feature",
      "properties": {
        "sourceLayer": "TPX_VEGETATION_TREES_INDIVIDUAL",
        "sourceEntityType": "INSERT",
        "sourceHandle": "55E",
        "contextKind": "tree",
        "sourceSceneVersionId": "scv-b67f98b3-a52e-4ff8-b837-45864ccd9201",
        "provenance": "topoexport_dxf_2d"
      },
      "geometry": {
        "type": "Point",
        "coordinates": [
          260.749298328592,
          55.65694230236113
        ]
      }
    },
    {
      "type": "Feature",
      "properties": {
        "sourceLayer": "TPX_VEGETATION_TREES_INDIVIDUAL",
        "sourceEntityType": "INSERT",
        "sourceHandle": "560",
        "contextKind": "tree",
        "sourceSceneVersionId": "scv-b67f98b3-a52e-4ff8-b837-45864ccd9201",
        "provenance": "topoexport_dxf_2d"
      },
      "geometry": {
        "type": "Point",
        "coordinates": [
          326.83981120341923,
          290.02854478545487
        ]
      }
    },
    {
      "type": "Feature",
      "properties": {
        "sourceLayer": "TPX_VEGETATION_TREES_INDIVIDUAL",
        "sourceEntityType": "INSERT",
        "sourceHandle": "562",
        "contextKind": "tree",
        "sourceSceneVersionId": "scv-b67f98b3-a52e-4ff8-b837-45864ccd9201",
        "provenance": "topoexport_dxf_2d"
      },
      "geometry": {
        "type": "Point",
        "coordinates": [
          231.1776921073324,
          7.3504250552505255
        ]
      }
    },
    {
      "type": "Feature",
      "properties": {
        "sourceLayer": "TPX_VEGETATION_TREES_INDIVIDUAL",
        "sourceEntityType": "INSERT",
        "sourceHandle": "564",
        "contextKind": "tree",
        "sourceSceneVersionId": "scv-b67f98b3-a52e-4ff8-b837-45864ccd9201",
        "provenance": "topoexport_dxf_2d"
      },
      "geometry": {
        "type": "Point",
        "coordinates": [
          235.8916912591667,
          29.725656736642122
        ]
      }
    },
    {
      "type": "Feature",
      "properties": {
        "sourceLayer": "TPX_VEGETATION_TREES_INDIVIDUAL",
        "sourceEntityType": "INSERT",
        "sourceHandle": "566",
        "contextKind": "tree",
        "sourceSceneVersionId": "scv-b67f98b3-a52e-4ff8-b837-45864ccd9201",
        "provenance": "topoexport_dxf_2d"
      },
      "geometry": {
        "type": "Point",
        "coordinates": [
          278.17493443755666,
          351.1930784229189
        ]
      }
    },
    {
      "type": "Feature",
      "properties": {
        "sourceLayer": "TPX_VEGETATION_TREES_INDIVIDUAL",
        "sourceEntityType": "INSERT",
        "sourceHandle": "568",
        "contextKind": "tree",
        "sourceSceneVersionId": "scv-b67f98b3-a52e-4ff8-b837-45864ccd9201",
        "provenance": "topoexport_dxf_2d"
      },
      "geometry": {
        "type": "Point",
        "coordinates": [
          35.36236277746502,
          227.2812530156225
        ]
      }
    },
    {
      "type": "Feature",
      "properties": {
        "sourceLayer": "TPX_VEGETATION_TREES_INDIVIDUAL",
        "sourceEntityType": "INSERT",
        "sourceHandle": "56A",
        "contextKind": "tree",
        "sourceSceneVersionId": "scv-b67f98b3-a52e-4ff8-b837-45864ccd9201",
        "provenance": "topoexport_dxf_2d"
      },
      "geometry": {
        "type": "Point",
        "coordinates": [
          251.314263765933,
          16.79320373572409
        ]
      }
    },
    {
      "type": "Feature",
      "properties": {
        "sourceLayer": "TPX_VEGETATION_TREES_INDIVIDUAL",
        "sourceEntityType": "INSERT",
        "sourceHandle": "56C",
        "contextKind": "tree",
        "sourceSceneVersionId": "scv-b67f98b3-a52e-4ff8-b837-45864ccd9201",
        "provenance": "topoexport_dxf_2d"
      },
      "geometry": {
        "type": "Point",
        "coordinates": [
          187.2760610022233,
          49.68262590840459
        ]
      }
    },
    {
      "type": "Feature",
      "properties": {
        "sourceLayer": "TPX_VEGETATION_TREES_INDIVIDUAL",
        "sourceEntityType": "INSERT",
        "sourceHandle": "56E",
        "contextKind": "tree",
        "sourceSceneVersionId": "scv-b67f98b3-a52e-4ff8-b837-45864ccd9201",
        "provenance": "topoexport_dxf_2d"
      },
      "geometry": {
        "type": "Point",
        "coordinates": [
          271.3470816675108,
          113.35968999750912
        ]
      }
    },
    {
      "type": "Feature",
      "properties": {
        "sourceLayer": "TPX_VEGETATION_TREES_INDIVIDUAL",
        "sourceEntityType": "INSERT",
        "sourceHandle": "570",
        "contextKind": "tree",
        "sourceSceneVersionId": "scv-b67f98b3-a52e-4ff8-b837-45864ccd9201",
        "provenance": "topoexport_dxf_2d"
      },
      "geometry": {
        "type": "Point",
        "coordinates": [
          241.83715636160923,
          13.24986763484776
        ]
      }
    },
    {
      "type": "Feature",
      "properties": {
        "sourceLayer": "TPX_VEGETATION_TREES_INDIVIDUAL",
        "sourceEntityType": "INSERT",
        "sourceHandle": "572",
        "contextKind": "tree",
        "sourceSceneVersionId": "scv-b67f98b3-a52e-4ff8-b837-45864ccd9201",
        "provenance": "topoexport_dxf_2d"
      },
      "geometry": {
        "type": "Point",
        "coordinates": [
          300.89637008536374,
          180.50386835075915
        ]
      }
    },
    {
      "type": "Feature",
      "properties": {
        "sourceLayer": "TPX_VEGETATION_TREES_INDIVIDUAL",
        "sourceEntityType": "INSERT",
        "sourceHandle": "574",
        "contextKind": "tree",
        "sourceSceneVersionId": "scv-b67f98b3-a52e-4ff8-b837-45864ccd9201",
        "provenance": "topoexport_dxf_2d"
      },
      "geometry": {
        "type": "Point",
        "coordinates": [
          233.12436962861102,
          362.9129875805229
        ]
      }
    },
    {
      "type": "Feature",
      "properties": {
        "sourceLayer": "TPX_VEGETATION_TREES_INDIVIDUAL",
        "sourceEntityType": "INSERT",
        "sourceHandle": "576",
        "contextKind": "tree",
        "sourceSceneVersionId": "scv-b67f98b3-a52e-4ff8-b837-45864ccd9201",
        "provenance": "topoexport_dxf_2d"
      },
      "geometry": {
        "type": "Point",
        "coordinates": [
          225.95302268926753,
          413.53076635301113
        ]
      }
    },
    {
      "type": "Feature",
      "properties": {
        "sourceLayer": "TPX_VEGETATION_TREES_INDIVIDUAL",
        "sourceEntityType": "INSERT",
        "sourceHandle": "578",
        "contextKind": "tree",
        "sourceSceneVersionId": "scv-b67f98b3-a52e-4ff8-b837-45864ccd9201",
        "provenance": "topoexport_dxf_2d"
      },
      "geometry": {
        "type": "Point",
        "coordinates": [
          44.954879078199156,
          134.2819053027779
        ]
      }
    },
    {
      "type": "Feature",
      "properties": {
        "sourceLayer": "TPX_VEGETATION_TREES_INDIVIDUAL",
        "sourceEntityType": "INSERT",
        "sourceHandle": "57A",
        "contextKind": "tree",
        "sourceSceneVersionId": "scv-b67f98b3-a52e-4ff8-b837-45864ccd9201",
        "provenance": "topoexport_dxf_2d"
      },
      "geometry": {
        "type": "Point",
        "coordinates": [
          209.79841365135508,
          46.17743481323123
        ]
      }
    },
    {
      "type": "Feature",
      "properties": {
        "sourceLayer": "TPX_VEGETATION_TREES_INDIVIDUAL",
        "sourceEntityType": "INSERT",
        "sourceHandle": "57C",
        "contextKind": "tree",
        "sourceSceneVersionId": "scv-b67f98b3-a52e-4ff8-b837-45864ccd9201",
        "provenance": "topoexport_dxf_2d"
      },
      "geometry": {
        "type": "Point",
        "coordinates": [
          247.6591767995269,
          100.38062463887036
        ]
      }
    },
    {
      "type": "Feature",
      "properties": {
        "sourceLayer": "TPX_VEGETATION_TREES_INDIVIDUAL",
        "sourceEntityType": "INSERT",
        "sourceHandle": "57E",
        "contextKind": "tree",
        "sourceSceneVersionId": "scv-b67f98b3-a52e-4ff8-b837-45864ccd9201",
        "provenance": "topoexport_dxf_2d"
      },
      "geometry": {
        "type": "Point",
        "coordinates": [
          40.193100087402854,
          151.93648218922317
        ]
      }
    },
    {
      "type": "Feature",
      "properties": {
        "sourceLayer": "TPX_VEGETATION_TREES_INDIVIDUAL",
        "sourceEntityType": "INSERT",
        "sourceHandle": "580",
        "contextKind": "tree",
        "sourceSceneVersionId": "scv-b67f98b3-a52e-4ff8-b837-45864ccd9201",
        "provenance": "topoexport_dxf_2d"
      },
      "geometry": {
        "type": "Point",
        "coordinates": [
          306.98335925111314,
          45.11585707589984
        ]
      }
    },
    {
      "type": "Feature",
      "properties": {
        "sourceLayer": "TPX_VEGETATION_TREES_INDIVIDUAL",
        "sourceEntityType": "INSERT",
        "sourceHandle": "582",
        "contextKind": "tree",
        "sourceSceneVersionId": "scv-b67f98b3-a52e-4ff8-b837-45864ccd9201",
        "provenance": "topoexport_dxf_2d"
      },
      "geometry": {
        "type": "Point",
        "coordinates": [
          335.3782943652477,
          86.35686150193214
        ]
      }
    },
    {
      "type": "Feature",
      "properties": {
        "sourceLayer": "TPX_VEGETATION_TREES_INDIVIDUAL",
        "sourceEntityType": "INSERT",
        "sourceHandle": "584",
        "contextKind": "tree",
        "sourceSceneVersionId": "scv-b67f98b3-a52e-4ff8-b837-45864ccd9201",
        "provenance": "topoexport_dxf_2d"
      },
      "geometry": {
        "type": "Point",
        "coordinates": [
          82.89570940553676,
          121.37637922726572
        ]
      }
    },
    {
      "type": "Feature",
      "properties": {
        "sourceLayer": "TPX_VEGETATION_TREES_INDIVIDUAL",
        "sourceEntityType": "INSERT",
        "sourceHandle": "586",
        "contextKind": "tree",
        "sourceSceneVersionId": "scv-b67f98b3-a52e-4ff8-b837-45864ccd9201",
        "provenance": "topoexport_dxf_2d"
      },
      "geometry": {
        "type": "Point",
        "coordinates": [
          198.73051361227408,
          382.8870578352362
        ]
      }
    },
    {
      "type": "Feature",
      "properties": {
        "sourceLayer": "TPX_VEGETATION_TREES_INDIVIDUAL",
        "sourceEntityType": "INSERT",
        "sourceHandle": "588",
        "contextKind": "tree",
        "sourceSceneVersionId": "scv-b67f98b3-a52e-4ff8-b837-45864ccd9201",
        "provenance": "topoexport_dxf_2d"
      },
      "geometry": {
        "type": "Point",
        "coordinates": [
          305.65946205868386,
          161.67191567458212
        ]
      }
    },
    {
      "type": "Feature",
      "properties": {
        "sourceLayer": "TPX_VEGETATION_TREES_INDIVIDUAL",
        "sourceEntityType": "INSERT",
        "sourceHandle": "58A",
        "contextKind": "tree",
        "sourceSceneVersionId": "scv-b67f98b3-a52e-4ff8-b837-45864ccd9201",
        "provenance": "topoexport_dxf_2d"
      },
      "geometry": {
        "type": "Point",
        "coordinates": [
          254.51215294160647,
          317.0216082036495
        ]
      }
    },
    {
      "type": "Feature",
      "properties": {
        "sourceLayer": "TPX_VEGETATION_TREES_INDIVIDUAL",
        "sourceEntityType": "INSERT",
        "sourceHandle": "58C",
        "contextKind": "tree",
        "sourceSceneVersionId": "scv-b67f98b3-a52e-4ff8-b837-45864ccd9201",
        "provenance": "topoexport_dxf_2d"
      },
      "geometry": {
        "type": "Point",
        "coordinates": [
          310.38331953412853,
          175.80575304478407
        ]
      }
    },
    {
      "type": "Feature",
      "properties": {
        "sourceLayer": "TPX_VEGETATION_TREES_INDIVIDUAL",
        "sourceEntityType": "INSERT",
        "sourceHandle": "58E",
        "contextKind": "tree",
        "sourceSceneVersionId": "scv-b67f98b3-a52e-4ff8-b837-45864ccd9201",
        "provenance": "topoexport_dxf_2d"
      },
      "geometry": {
        "type": "Point",
        "coordinates": [
          278.5197686821921,
          61.56485163979232
        ]
      }
    },
    {
      "type": "Feature",
      "properties": {
        "sourceLayer": "TPX_VEGETATION_TREES_INDIVIDUAL",
        "sourceEntityType": "INSERT",
        "sourceHandle": "590",
        "contextKind": "tree",
        "sourceSceneVersionId": "scv-b67f98b3-a52e-4ff8-b837-45864ccd9201",
        "provenance": "topoexport_dxf_2d"
      },
      "geometry": {
        "type": "Point",
        "coordinates": [
          281.83276032545837,
          265.2505582142621
        ]
      }
    },
    {
      "type": "Feature",
      "properties": {
        "sourceLayer": "TPX_VEGETATION_TREES_INDIVIDUAL",
        "sourceEntityType": "INSERT",
        "sourceHandle": "592",
        "contextKind": "tree",
        "sourceSceneVersionId": "scv-b67f98b3-a52e-4ff8-b837-45864ccd9201",
        "provenance": "topoexport_dxf_2d"
      },
      "geometry": {
        "type": "Point",
        "coordinates": [
          245.001334112545,
          341.7347355801612
        ]
      }
    },
    {
      "type": "Feature",
      "properties": {
        "sourceLayer": "TPX_VEGETATION_TREES_INDIVIDUAL",
        "sourceEntityType": "INSERT",
        "sourceHandle": "594",
        "contextKind": "tree",
        "sourceSceneVersionId": "scv-b67f98b3-a52e-4ff8-b837-45864ccd9201",
        "provenance": "topoexport_dxf_2d"
      },
      "geometry": {
        "type": "Point",
        "coordinates": [
          189.69413065107074,
          9.655663361772895
        ]
      }
    },
    {
      "type": "Feature",
      "properties": {
        "sourceLayer": "TPX_VEGETATION_TREES_INDIVIDUAL",
        "sourceEntityType": "INSERT",
        "sourceHandle": "596",
        "contextKind": "tree",
        "sourceSceneVersionId": "scv-b67f98b3-a52e-4ff8-b837-45864ccd9201",
        "provenance": "topoexport_dxf_2d"
      },
      "geometry": {
        "type": "Point",
        "coordinates": [
          312.8797581354156,
          69.84720028750598
        ]
      }
    },
    {
      "type": "Feature",
      "properties": {
        "sourceLayer": "TPX_VEGETATION_TREES_INDIVIDUAL",
        "sourceEntityType": "INSERT",
        "sourceHandle": "598",
        "contextKind": "tree",
        "sourceSceneVersionId": "scv-b67f98b3-a52e-4ff8-b837-45864ccd9201",
        "provenance": "topoexport_dxf_2d"
      },
      "geometry": {
        "type": "Point",
        "coordinates": [
          322.17476581042865,
          226.4459194559604
        ]
      }
    },
    {
      "type": "Feature",
      "properties": {
        "sourceLayer": "TPX_VEGETATION_TREES_INDIVIDUAL",
        "sourceEntityType": "INSERT",
        "sourceHandle": "59A",
        "contextKind": "tree",
        "sourceSceneVersionId": "scv-b67f98b3-a52e-4ff8-b837-45864ccd9201",
        "provenance": "topoexport_dxf_2d"
      },
      "geometry": {
        "type": "Point",
        "coordinates": [
          33.04690805717837,
          181.36173416860402
        ]
      }
    },
    {
      "type": "Feature",
      "properties": {
        "sourceLayer": "TPX_VEGETATION_TREES_INDIVIDUAL",
        "sourceEntityType": "INSERT",
        "sourceHandle": "59C",
        "contextKind": "tree",
        "sourceSceneVersionId": "scv-b67f98b3-a52e-4ff8-b837-45864ccd9201",
        "provenance": "topoexport_dxf_2d"
      },
      "geometry": {
        "type": "Point",
        "coordinates": [
          267.87010656273924,
          47.42398267425597
        ]
      }
    },
    {
      "type": "Feature",
      "properties": {
        "sourceLayer": "TPX_VEGETATION_TREES_INDIVIDUAL",
        "sourceEntityType": "INSERT",
        "sourceHandle": "59E",
        "contextKind": "tree",
        "sourceSceneVersionId": "scv-b67f98b3-a52e-4ff8-b837-45864ccd9201",
        "provenance": "topoexport_dxf_2d"
      },
      "geometry": {
        "type": "Point",
        "coordinates": [
          52.07432642800268,
          127.22630836255848
        ]
      }
    },
    {
      "type": "Feature",
      "properties": {
        "sourceLayer": "TPX_VEGETATION_TREES_INDIVIDUAL",
        "sourceEntityType": "INSERT",
        "sourceHandle": "5A0",
        "contextKind": "tree",
        "sourceSceneVersionId": "scv-b67f98b3-a52e-4ff8-b837-45864ccd9201",
        "provenance": "topoexport_dxf_2d"
      },
      "geometry": {
        "type": "Point",
        "coordinates": [
          282.00657240347937,
          119.2591340560466
        ]
      }
    },
    {
      "type": "Feature",
      "properties": {
        "sourceLayer": "TPX_VEGETATION_TREES_INDIVIDUAL",
        "sourceEntityType": "INSERT",
        "sourceHandle": "5A2",
        "contextKind": "tree",
        "sourceSceneVersionId": "scv-b67f98b3-a52e-4ff8-b837-45864ccd9201",
        "provenance": "topoexport_dxf_2d"
      },
      "geometry": {
        "type": "Point",
        "coordinates": [
          303.249891512678,
          194.63489013910294
        ]
      }
    },
    {
      "type": "Feature",
      "properties": {
        "sourceLayer": "TPX_VEGETATION_TREES_INDIVIDUAL",
        "sourceEntityType": "INSERT",
        "sourceHandle": "5A4",
        "contextKind": "tree",
        "sourceSceneVersionId": "scv-b67f98b3-a52e-4ff8-b837-45864ccd9201",
        "provenance": "topoexport_dxf_2d"
      },
      "geometry": {
        "type": "Point",
        "coordinates": [
          226.41598551807692,
          25.00497048906982
        ]
      }
    },
    {
      "type": "Feature",
      "properties": {
        "sourceLayer": "TPX_VEGETATION_TREES_INDIVIDUAL",
        "sourceEntityType": "INSERT",
        "sourceHandle": "5A6",
        "contextKind": "tree",
        "sourceSceneVersionId": "scv-b67f98b3-a52e-4ff8-b837-45864ccd9201",
        "provenance": "topoexport_dxf_2d"
      },
      "geometry": {
        "type": "Point",
        "coordinates": [
          248.9214906442794,
          35.62792459130287
        ]
      }
    },
    {
      "type": "Feature",
      "properties": {
        "sourceLayer": "TPX_VEGETATION_TREES_INDIVIDUAL",
        "sourceEntityType": "INSERT",
        "sourceHandle": "5A8",
        "contextKind": "tree",
        "sourceSceneVersionId": "scv-b67f98b3-a52e-4ff8-b837-45864ccd9201",
        "provenance": "topoexport_dxf_2d"
      },
      "geometry": {
        "type": "Point",
        "coordinates": [
          214.12934408767615,
          389.96954663284123
        ]
      }
    },
    {
      "type": "Feature",
      "properties": {
        "sourceLayer": "TPX_VEGETATION_TREES_INDIVIDUAL",
        "sourceEntityType": "INSERT",
        "sourceHandle": "5AA",
        "contextKind": "tree",
        "sourceSceneVersionId": "scv-b67f98b3-a52e-4ff8-b837-45864ccd9201",
        "provenance": "topoexport_dxf_2d"
      },
      "geometry": {
        "type": "Point",
        "coordinates": [
          294.92148032359546,
          221.70407784730196
        ]
      }
    },
    {
      "type": "Feature",
      "properties": {
        "sourceLayer": "TPX_VEGETATION_TREES_INDIVIDUAL",
        "sourceEntityType": "INSERT",
        "sourceHandle": "5AC",
        "contextKind": "tree",
        "sourceSceneVersionId": "scv-b67f98b3-a52e-4ff8-b837-45864ccd9201",
        "provenance": "topoexport_dxf_2d"
      },
      "geometry": {
        "type": "Point",
        "coordinates": [
          200.35780302278,
          12.023075889796019
        ]
      }
    },
    {
      "type": "Feature",
      "properties": {
        "sourceLayer": "TPX_VEGETATION_TREES_INDIVIDUAL",
        "sourceEntityType": "INSERT",
        "sourceHandle": "5AE",
        "contextKind": "tree",
        "sourceSceneVersionId": "scv-b67f98b3-a52e-4ff8-b837-45864ccd9201",
        "provenance": "topoexport_dxf_2d"
      },
      "geometry": {
        "type": "Point",
        "coordinates": [
          247.6802167755668,
          82.72040438652039
        ]
      }
    },
    {
      "type": "Feature",
      "properties": {
        "sourceLayer": "TPX_VEGETATION_TREES_INDIVIDUAL",
        "sourceEntityType": "INSERT",
        "sourceHandle": "5B0",
        "contextKind": "tree",
        "sourceSceneVersionId": "scv-b67f98b3-a52e-4ff8-b837-45864ccd9201",
        "provenance": "topoexport_dxf_2d"
      },
      "geometry": {
        "type": "Point",
        "coordinates": [
          241.4402090049698,
          346.43991529010236
        ]
      }
    },
    {
      "type": "Feature",
      "properties": {
        "sourceLayer": "TPX_VEGETATION_TREES_INDIVIDUAL",
        "sourceEntityType": "INSERT",
        "sourceHandle": "5B2",
        "contextKind": "tree",
        "sourceSceneVersionId": "scv-b67f98b3-a52e-4ff8-b837-45864ccd9201",
        "provenance": "topoexport_dxf_2d"
      },
      "geometry": {
        "type": "Point",
        "coordinates": [
          265.1997229355038,
          299.37401776760817
        ]
      }
    },
    {
      "type": "Feature",
      "properties": {
        "sourceLayer": "TPX_VEGETATION_TREES_INDIVIDUAL",
        "sourceEntityType": "INSERT",
        "sourceHandle": "5B4",
        "contextKind": "tree",
        "sourceSceneVersionId": "scv-b67f98b3-a52e-4ff8-b837-45864ccd9201",
        "provenance": "topoexport_dxf_2d"
      },
      "geometry": {
        "type": "Point",
        "coordinates": [
          30.61183287546737,
          235.5170472562313
        ]
      }
    },
    {
      "type": "Feature",
      "properties": {
        "sourceLayer": "TPX_VEGETATION_TREES_INDIVIDUAL",
        "sourceEntityType": "INSERT",
        "sourceHandle": "5B6",
        "contextKind": "tree",
        "sourceSceneVersionId": "scv-b67f98b3-a52e-4ff8-b837-45864ccd9201",
        "provenance": "topoexport_dxf_2d"
      },
      "geometry": {
        "type": "Point",
        "coordinates": [
          300.8459245098056,
          222.8884816877544
        ]
      }
    },
    {
      "type": "Feature",
      "properties": {
        "sourceLayer": "TPX_VEGETATION_TREES_INDIVIDUAL",
        "sourceEntityType": "INSERT",
        "sourceHandle": "5B8",
        "contextKind": "tree",
        "sourceSceneVersionId": "scv-b67f98b3-a52e-4ff8-b837-45864ccd9201",
        "provenance": "topoexport_dxf_2d"
      },
      "geometry": {
        "type": "Point",
        "coordinates": [
          282.0794709636248,
          58.037043776363134
        ]
      }
    },
    {
      "type": "Feature",
      "properties": {
        "sourceLayer": "TPX_VEGETATION_TREES_INDIVIDUAL",
        "sourceEntityType": "INSERT",
        "sourceHandle": "5BA",
        "contextKind": "tree",
        "sourceSceneVersionId": "scv-b67f98b3-a52e-4ff8-b837-45864ccd9201",
        "provenance": "topoexport_dxf_2d"
      },
      "geometry": {
        "type": "Point",
        "coordinates": [
          237.87627844826784,
          353.49980289675295
        ]
      }
    },
    {
      "type": "Feature",
      "properties": {
        "sourceLayer": "TPX_VEGETATION_TREES_INDIVIDUAL",
        "sourceEntityType": "INSERT",
        "sourceHandle": "5BC",
        "contextKind": "tree",
        "sourceSceneVersionId": "scv-b67f98b3-a52e-4ff8-b837-45864ccd9201",
        "provenance": "topoexport_dxf_2d"
      },
      "geometry": {
        "type": "Point",
        "coordinates": [
          209.38303992821602,
          394.6733167376369
        ]
      }
    },
    {
      "type": "Feature",
      "properties": {
        "sourceLayer": "TPX_BUILDINGS_SHADOWS_OUTLINES",
        "sourceEntityType": "LWPOLYLINE",
        "sourceHandle": "5C5",
        "contextKind": "building_shadow",
        "sourceSceneVersionId": "scv-b67f98b3-a52e-4ff8-b837-45864ccd9201",
        "provenance": "topoexport_dxf_2d"
      },
      "geometry": {
        "type": "Polygon",
        "coordinates": [
          [
            [
              -6.594927981495857e-8,
              13.485465448349714
            ],
            [
              -6.594927981495857e-8,
              8.846974294632673
            ],
            [
              2.3640355404349975,
              3.703527372330427
            ],
            [
              6.6066688831779175,
              7.946160238236189
            ],
            [
              3.887441569182556,
              13.862418573349714
            ],
            [
              3.180753165099304,
              13.543595235794783
            ],
            [
              2.6637958820792846,
              14.690797250717878
            ],
            [
              -6.594927981495857e-8,
              13.485465448349714
            ]
          ]
        ]
      }
    },
    {
      "type": "Feature",
      "properties": {
        "sourceLayer": "TPX_BUILDINGS_SHADOWS_OUTLINES",
        "sourceEntityType": "LWPOLYLINE",
        "sourceHandle": "5CD",
        "contextKind": "building_shadow",
        "sourceSceneVersionId": "scv-b67f98b3-a52e-4ff8-b837-45864ccd9201",
        "provenance": "topoexport_dxf_2d"
      },
      "geometry": {
        "type": "Polygon",
        "coordinates": [
          [
            [
              -6.594927981495857e-8,
              282.47574178501964
            ],
            [
              -6.594927981495857e-8,
              279.2248577289283
            ],
            [
              2.5964059170219116,
              271.2280229739845
            ],
            [
              6.839038782927673,
              275.4706553630531
            ],
            [
              4.133702212187927,
              283.8030227832496
            ],
            [
              -6.594927981495857e-8,
              282.47574178501964
            ]
          ]
        ]
      }
    },
    {
      "type": "Feature",
      "properties": {
        "sourceLayer": "TPX_BUILDINGS_SHADOWS_OUTLINES",
        "sourceEntityType": "LWPOLYLINE",
        "sourceHandle": "5D6",
        "contextKind": "building_shadow",
        "sourceSceneVersionId": "scv-b67f98b3-a52e-4ff8-b837-45864ccd9201",
        "provenance": "topoexport_dxf_2d"
      },
      "geometry": {
        "type": "Polygon",
        "coordinates": [
          [
            [
              1.7246929928660393e-7,
              84.52826396748424
            ],
            [
              1.7246929928660393e-7,
              81.55702153965831
            ],
            [
              12.981419258925598,
              85.44715062901378
            ],
            [
              15.887128048751038,
              75.83262006565928
            ],
            [
              20.1297609146568,
              80.07525293156505
            ],
            [
              17.22406261524884,
              89.6897815875709
            ],
            [
              1.7246929928660393e-7,
              84.52826396748424
            ]
          ]
        ]
      }
    },
    {
      "type": "Feature",
      "properties": {
        "sourceLayer": "TPX_BUILDINGS_SHADOWS_OUTLINES",
        "sourceEntityType": "LWPOLYLINE",
        "sourceHandle": "5E3",
        "contextKind": "building_shadow",
        "sourceSceneVersionId": "scv-b67f98b3-a52e-4ff8-b837-45864ccd9201",
        "provenance": "topoexport_dxf_2d"
      },
      "geometry": {
        "type": "Polygon",
        "coordinates": [
          [
            [
              1.7246929928660393e-7,
              71.07721130177379
            ],
            [
              1.7246929928660393e-7,
              70.31107322499156
            ],
            [
              1.8528358276817016,
              70.8962835483253
            ],
            [
              2.65537422260968,
              68.35110751911998
            ],
            [
              6.427733593794983,
              69.54196874424815
            ],
            [
              8.811769657942932,
              62.005187910050154
            ],
            [
              13.054402523848694,
              66.24782029911876
            ],
            [
              10.670377426955383,
              73.78459970280528
            ],
            [
              6.8980085190269165,
              72.59373609349132
            ],
            [
              6.740057164046448,
              73.09466974064708
            ],
            [
              1.7246929928660393e-7,
              71.07721130177379
            ]
          ]
        ]
      }
    },
    {
      "type": "Feature",
      "properties": {
        "sourceLayer": "TPX_BUILDINGS_SHADOWS_OUTLINES",
        "sourceEntityType": "LWPOLYLINE",
        "sourceHandle": "5ED",
        "contextKind": "building_shadow",
        "sourceSceneVersionId": "scv-b67f98b3-a52e-4ff8-b837-45864ccd9201",
        "provenance": "topoexport_dxf_2d"
      },
      "geometry": {
        "type": "Polygon",
        "coordinates": [
          [
            [
              -6.594927981495857e-8,
              231.5515684299171
            ],
            [
              -6.594927981495857e-8,
              230.4517640285194
            ],
            [
              6.941890650603455,
              230.78233186528087
            ],
            [
              7.168450289580505,
              226.0841530971229
            ],
            [
              11.411081724974792,
              230.32678357884288
            ],
            [
              11.184531622740906,
              235.02496234700084
            ],
            [
              3.087835722777527,
              234.6394042186439
            ],
            [
              -6.594927981495857e-8,
              231.5515684299171
            ]
          ]
        ]
      }
    },
    {
      "type": "Feature",
      "properties": {
        "sourceLayer": "TPX_BUILDINGS_SHADOWS_OUTLINES",
        "sourceEntityType": "LWPOLYLINE",
        "sourceHandle": "5F7",
        "contextKind": "building_shadow",
        "sourceSceneVersionId": "scv-b67f98b3-a52e-4ff8-b837-45864ccd9201",
        "provenance": "topoexport_dxf_2d"
      },
      "geometry": {
        "type": "Polygon",
        "coordinates": [
          [
            [
              1.7246929928660393e-7,
              221.15909377858043
            ],
            [
              1.7246929928660393e-7,
              220.4831313304603
            ],
            [
              10.552142315718811,
              223.20279781147838
            ],
            [
              14.159012966963928,
              209.22231141850352
            ],
            [
              18.40164583286969,
              213.46494380757213
            ],
            [
              14.794785672042053,
              227.4454287700355
            ],
            [
              3.3319503601524048,
              224.4910444431007
            ],
            [
              1.7246929928660393e-7,
              221.15909377858043
            ]
          ]
        ]
      }
    },
    {
      "type": "Feature",
      "properties": {
        "sourceLayer": "TPX_BUILDINGS_SHADOWS_OUTLINES",
        "sourceEntityType": "LWPOLYLINE",
        "sourceHandle": "600",
        "contextKind": "building_shadow",
        "sourceSceneVersionId": "scv-b67f98b3-a52e-4ff8-b837-45864ccd9201",
        "provenance": "topoexport_dxf_2d"
      },
      "geometry": {
        "type": "Polygon",
        "coordinates": [
          [
            [
              4.266742257808801,
              24.7914513759315
            ],
            [
              0.02412178966915235,
              20.548830430954695
            ],
            [
              12.996799497341271,
              26.401469629257917
            ],
            [
              16.153457193111535,
              19.396261136978865
            ],
            [
              20.396090535854455,
              23.638894479721785
            ],
            [
              17.23944428417599,
              30.644101064652205
            ],
            [
              4.266742257808801,
              24.7914513759315
            ]
          ]
        ]
      }
    },
    {
      "type": "Feature",
      "properties": {
        "sourceLayer": "TPX_BUILDINGS_SHADOWS_OUTLINES",
        "sourceEntityType": "LWPOLYLINE",
        "sourceHandle": "612",
        "contextKind": "building_shadow",
        "sourceSceneVersionId": "scv-b67f98b3-a52e-4ff8-b837-45864ccd9201",
        "provenance": "topoexport_dxf_2d"
      },
      "geometry": {
        "type": "Polygon",
        "coordinates": [
          [
            [
              14.504524259304162,
              285.4294795207679
            ],
            [
              10.26189949963009,
              281.1868542842567
            ],
            [
              25.544498948787805,
              286.11361591145396
            ],
            [
              31.786614923214074,
              266.98456708714366
            ],
            [
              36.029247789119836,
              271.22719947621226
            ],
            [
              32.96823599789059,
              280.607726495713
            ],
            [
              30.389782457088586,
              280.3706969432533
            ],
            [
              29.762837915157434,
              287.33471719548106
            ],
            [
              33.661885289882775,
              287.6820983104408
            ],
            [
              34.28881552669918,
              280.7291421107948
            ],
            [
              38.53144696209347,
              284.9717730693519
            ],
            [
              37.904526738857385,
              291.9247292689979
            ],
            [
              34.00548842403805,
              291.57735864445567
            ],
            [
              30.524556665157434,
              288.09642688557506
            ],
            [
              29.787142781948205,
              290.35624734684825
            ],
            [
              14.504524259304162,
              285.4294795207679
            ]
          ]
        ]
      }
    },
    {
      "type": "Feature",
      "properties": {
        "sourceLayer": "TPX_BUILDINGS_SHADOWS_OUTLINES",
        "sourceEntityType": "LWPOLYLINE",
        "sourceHandle": "61B",
        "contextKind": "building_shadow",
        "sourceSceneVersionId": "scv-b67f98b3-a52e-4ff8-b837-45864ccd9201",
        "provenance": "topoexport_dxf_2d"
      },
      "geometry": {
        "type": "Polygon",
        "coordinates": [
          [
            [
              29.23874810192501,
              342.5139092616737
            ],
            [
              24.996119527553674,
              338.27128068730235
            ],
            [
              28.320632486080285,
              338.6953486613929
            ],
            [
              28.800178556179162,
              334.9039959125221
            ],
            [
              33.04281046841061,
              339.14662734791636
            ],
            [
              32.56327441189205,
              342.93797961995006
            ],
            [
              29.23874810192501,
              342.5139092616737
            ]
          ]
        ]
      }
    },
    {
      "type": "Feature",
      "properties": {
        "sourceLayer": "TPX_BUILDINGS_SHADOWS_OUTLINES",
        "sourceEntityType": "LWPOLYLINE",
        "sourceHandle": "626",
        "contextKind": "building_shadow",
        "sourceSceneVersionId": "scv-b67f98b3-a52e-4ff8-b837-45864ccd9201",
        "provenance": "topoexport_dxf_2d"
      },
      "geometry": {
        "type": "Polygon",
        "coordinates": [
          [
            [
              35.35285857174313,
              42.34002773091197
            ],
            [
              31.110236673092004,
              38.09740583226085
            ],
            [
              37.14965918514645,
              40.62519685551524
            ],
            [
              42.570815591549035,
              42.886933248490095
            ],
            [
              47.83276083919918,
              30.48931400105357
            ],
            [
              52.0753941819421,
              34.73194686695933
            ],
            [
              46.81346037838375,
              47.12956468388438
            ],
            [
              41.392303495144006,
              44.86782829090953
            ],
            [
              35.35285857174313,
              42.34002773091197
            ]
          ]
        ]
      }
    },
    {
      "type": "Feature",
      "properties": {
        "sourceLayer": "TPX_BUILDINGS_SHADOWS_OUTLINES",
        "sourceEntityType": "LWPOLYLINE",
        "sourceHandle": "62F",
        "contextKind": "building_shadow",
        "sourceSceneVersionId": "scv-b67f98b3-a52e-4ff8-b837-45864ccd9201",
        "provenance": "topoexport_dxf_2d"
      },
      "geometry": {
        "type": "Polygon",
        "coordinates": [
          [
            [
              38.06841805431759,
              164.0497087650001
            ],
            [
              33.8257923409692,
              159.80708257481456
            ],
            [
              37.6244459435693,
              160.93924609944224
            ],
            [
              39.41010287258541,
              154.96052877232432
            ],
            [
              43.652735738491174,
              159.20316163823009
            ],
            [
              41.8670897767297,
              165.18187705799937
            ],
            [
              38.06841805431759,
              164.0497087650001
            ]
          ]
        ]
      }
    },
    {
      "type": "Feature",
      "properties": {
        "sourceLayer": "TPX_BUILDINGS_SHADOWS_OUTLINES",
        "sourceEntityType": "LWPOLYLINE",
        "sourceHandle": "638",
        "contextKind": "building_shadow",
        "sourceSceneVersionId": "scv-b67f98b3-a52e-4ff8-b837-45864ccd9201",
        "provenance": "topoexport_dxf_2d"
      },
      "geometry": {
        "type": "Polygon",
        "coordinates": [
          [
            [
              41.5896296784631,
              184.7492069415748
            ],
            [
              37.34701159450924,
              180.5065883807838
            ],
            [
              41.84025719616329,
              182.75614587590098
            ],
            [
              45.84858801815426,
              174.8454293422401
            ],
            [
              50.09122183773434,
              179.08806268498302
            ],
            [
              46.08290245983517,
              186.99877778813243
            ],
            [
              41.5896296784631,
              184.7492069415748
            ]
          ]
        ]
      }
    },
    {
      "type": "Feature",
      "properties": {
        "sourceLayer": "TPX_BUILDINGS_SHADOWS_OUTLINES",
        "sourceEntityType": "LWPOLYLINE",
        "sourceHandle": "649",
        "contextKind": "building_shadow",
        "sourceSceneVersionId": "scv-b67f98b3-a52e-4ff8-b837-45864ccd9201",
        "provenance": "topoexport_dxf_2d"
      },
      "geometry": {
        "type": "Polygon",
        "coordinates": [
          [
            [
              46.33635189983761,
              326.1726836375892
            ],
            [
              42.09372380230343,
              321.93005554005504
            ],
            [
              48.10172656032955,
              323.0538043193519
            ],
            [
              50.79200079891598,
              308.8400625400245
            ],
            [
              55.03463318798458,
              313.08269445225596
            ],
            [
              53.982869176601525,
              318.63958303257823
            ],
            [
              53.61940100643551,
              318.5277556590736
            ],
            [
              51.0689358994714,
              326.6723789386451
            ],
            [
              55.93869784328854,
              328.18171302601695
            ],
            [
              58.48917391750729,
              320.0260395221412
            ],
            [
              62.73180726025021,
              324.268672388047
            ],
            [
              60.18134167644894,
              332.42434446141124
            ],
            [
              55.311585931514855,
              330.91502229496837
            ],
            [
              51.54313424084103,
              327.14657060429454
            ],
            [
              46.33635189983761,
              326.1726836375892
            ]
          ]
        ]
      }
    },
    {
      "type": "Feature",
      "properties": {
        "sourceLayer": "TPX_BUILDINGS_SHADOWS_OUTLINES",
        "sourceEntityType": "LWPOLYLINE",
        "sourceHandle": "654",
        "contextKind": "building_shadow",
        "sourceSceneVersionId": "scv-b67f98b3-a52e-4ff8-b837-45864ccd9201",
        "provenance": "topoexport_dxf_2d"
      },
      "geometry": {
        "type": "Polygon",
        "coordinates": [
          [
            [
              50.58974078152096,
              150.16831867024302
            ],
            [
              46.34711840603268,
              145.92569629475474
            ],
            [
              62.58858826610958,
              152.64453212544322
            ],
            [
              67.9393325135461,
              139.89325086399913
            ],
            [
              72.18196633312618,
              144.13588420674205
            ],
            [
              68.244345216488,
              153.5195883922279
            ],
            [
              63.94839337322628,
              151.75066892430186
            ],
            [
              62.54413321468746,
              155.1136588267982
            ],
            [
              50.58974078152096,
              150.16831867024302
            ]
          ]
        ]
      }
    },
    {
      "type": "Feature",
      "properties": {
        "sourceLayer": "TPX_BUILDINGS_SHADOWS_OUTLINES",
        "sourceEntityType": "LWPOLYLINE",
        "sourceHandle": "66A",
        "contextKind": "building_shadow",
        "sourceSceneVersionId": "scv-b67f98b3-a52e-4ff8-b837-45864ccd9201",
        "provenance": "topoexport_dxf_2d"
      },
      "geometry": {
        "type": "Polygon",
        "coordinates": [
          [
            [
              52.40995934460079,
              189.2063192538917
            ],
            [
              48.16733553860104,
              184.96369544789195
            ],
            [
              57.55296614620602,
              188.26934568211436
            ],
            [
              61.03329089138424,
              178.48967258259654
            ],
            [
              53.18515780422604,
              175.72551767155528
            ],
            [
              51.69297554943478,
              174.23333541676402
            ],
            [
              59.62046721432125,
              177.52618543431163
            ],
            [
              64.62776711437618,
              165.6146878413856
            ],
            [
              63.12038615200436,
              164.98854963108897
            ],
            [
              59.80513003322994,
              161.67329351231456
            ],
            [
              66.61749890301144,
              164.47838346287608
            ],
            [
              70.76078703854,
              154.55578462406993
            ],
            [
              75.00341990444576,
              158.7984174899757
            ],
            [
              70.860143213009,
              168.72101489827037
            ],
            [
              65.5458646104089,
              166.53278486058116
            ],
            [
              68.8704004571191,
              169.85732070729136
            ],
            [
              63.99609377834713,
              181.45247499272227
            ],
            [
              65.27592375729,
              182.7323054485023
            ],
            [
              61.79560997936642,
              192.51197711750865
            ],
            [
              52.40995934460079,
              189.2063192538917
            ]
          ]
        ]
      }
    },
    {
      "type": "Feature",
      "properties": {
        "sourceLayer": "TPX_BUILDINGS_SHADOWS_OUTLINES",
        "sourceEntityType": "LWPOLYLINE",
        "sourceHandle": "673",
        "contextKind": "building_shadow",
        "sourceSceneVersionId": "scv-b67f98b3-a52e-4ff8-b837-45864ccd9201",
        "provenance": "topoexport_dxf_2d"
      },
      "geometry": {
        "type": "Polygon",
        "coordinates": [
          [
            [
              53.036787061428186,
              89.89842454716563
            ],
            [
              48.79416802380001,
              85.65580550953746
            ],
            [
              57.074339894985314,
              89.61238662526011
            ],
            [
              86.13227704021847,
              29.562223833054304
            ],
            [
              90.37491085979855,
              33.804856698960066
            ],
            [
              61.31698468182003,
              93.8550180606544
            ],
            [
              53.036787061428186,
              89.89842454716563
            ]
          ]
        ]
      }
    },
    {
      "type": "Feature",
      "properties": {
        "sourceLayer": "TPX_BUILDINGS_SHADOWS_OUTLINES",
        "sourceEntityType": "LWPOLYLINE",
        "sourceHandle": "68B",
        "contextKind": "building_shadow",
        "sourceSceneVersionId": "scv-b67f98b3-a52e-4ff8-b837-45864ccd9201",
        "provenance": "topoexport_dxf_2d"
      },
      "geometry": {
        "type": "Polygon",
        "coordinates": [
          [
            [
              64.36144783947384,
              236.2050952129066
            ],
            [
              60.11882307979977,
              231.96247045323253
            ],
            [
              66.03746130916988,
              233.90419093891978
            ],
            [
              72.8112454697839,
              213.55970422551036
            ],
            [
              71.14131882641232,
              213.01183692738414
            ],
            [
              67.13874056789791,
              209.00925819203258
            ],
            [
              74.65854886028683,
              211.4393185786903
            ],
            [
              90.08053973171627,
              164.40691224858165
            ],
            [
              89.8493895814172,
              164.3320893459022
            ],
            [
              87.03897431347286,
              163.16853324696422
            ],
            [
              82.79635146114742,
              158.92591087147593
            ],
            [
              88.90207102749264,
              161.45377437397838
            ],
            [
              92.58015730831539,
              152.56980506703258
            ],
            [
              96.82279065105831,
              156.81243793293834
            ],
            [
              93.1447153374902,
              165.69640580937266
            ],
            [
              90.11616709682858,
              164.4425391368568
            ],
            [
              94.32317307445919,
              168.6495451144874
            ],
            [
              78.90119269344723,
              215.68194953724742
            ],
            [
              73.03914359066403,
              213.78760186955333
            ],
            [
              77.05387881252682,
              217.80233661457896
            ],
            [
              70.28010514233029,
              238.1468218974769
            ],
            [
              64.36144783947384,
              236.2050952129066
            ]
          ]
        ]
      }
    },
    {
      "type": "Feature",
      "properties": {
        "sourceLayer": "TPX_BUILDINGS_SHADOWS_OUTLINES",
        "sourceEntityType": "LWPOLYLINE",
        "sourceHandle": "69B",
        "contextKind": "building_shadow",
        "sourceSceneVersionId": "scv-b67f98b3-a52e-4ff8-b837-45864ccd9201",
        "provenance": "topoexport_dxf_2d"
      },
      "geometry": {
        "type": "Polygon",
        "coordinates": [
          [
            [
              84.63719323131954,
              352.06543485447764
            ],
            [
              80.394567041134,
              347.82280818745494
            ],
            [
              89.07437136623776,
              350.1879200153053
            ],
            [
              90.63884404156124,
              344.4189862422645
            ],
            [
              89.62704184505856,
              344.14326898381114
            ],
            [
              85.40812399837887,
              339.9243506602943
            ],
            [
              88.22349265072262,
              341.1769370250404
            ],
            [
              93.81695511791622,
              328.69126741215587
            ],
            [
              98.05958846065914,
              332.9339002780616
            ],
            [
              92.46613743755734,
              345.4195684604347
            ],
            [
              90.97681000683224,
              344.75695173069835
            ],
            [
              94.88147643062985,
              348.66161815449595
            ],
            [
              93.317014722561,
              354.43055145069957
            ],
            [
              84.63719323131954,
              352.06543485447764
            ]
          ]
        ]
      }
    },
    {
      "type": "Feature",
      "properties": {
        "sourceLayer": "TPX_BUILDINGS_SHADOWS_OUTLINES",
        "sourceEntityType": "LWPOLYLINE",
        "sourceHandle": "6B0",
        "contextKind": "building_shadow",
        "sourceSceneVersionId": "scv-b67f98b3-a52e-4ff8-b837-45864ccd9201",
        "provenance": "topoexport_dxf_2d"
      },
      "geometry": {
        "type": "Polygon",
        "coordinates": [
          [
            [
              86.47874024364864,
              290.0259951762855
            ],
            [
              82.23613169643795,
              285.7833866290748
            ],
            [
              87.90975287411129,
              289.38306991383433
            ],
            [
              94.54736044857418,
              290.5628456287086
            ],
            [
              101.12181714031613,
              289.12246696278453
            ],
            [
              106.64969685528195,
              285.2929195575416
            ],
            [
              110.27972557995236,
              279.64805595204234
            ],
            [
              111.45853093120968,
              273.06057588383555
            ],
            [
              110.0081801697961,
              266.52523271366954
            ],
            [
              106.14843848202145,
              261.0483569316566
            ],
            [
              110.39103796932613,
              265.2909564189613
            ],
            [
              114.25081112835323,
              270.7678755931556
            ],
            [
              115.70116188976681,
              277.3032144717872
            ],
            [
              114.52235796902096,
              283.8906912021339
            ],
            [
              110.8923321053735,
              289.5355519466102
            ],
            [
              105.36445572826779,
              293.36509792134166
            ],
            [
              98.79000285122311,
              294.8054761104286
            ],
            [
              92.15239861462032,
              293.62570230290294
            ],
            [
              86.47874024364864,
              290.0259951762855
            ]
          ]
        ]
      }
    },
    {
      "type": "Feature",
      "properties": {
        "sourceLayer": "TPX_BUILDINGS_SHADOWS_OUTLINES",
        "sourceEntityType": "LWPOLYLINE",
        "sourceHandle": "6C2",
        "contextKind": "building_shadow",
        "sourceSceneVersionId": "scv-b67f98b3-a52e-4ff8-b837-45864ccd9201",
        "provenance": "topoexport_dxf_2d"
      },
      "geometry": {
        "type": "Polygon",
        "coordinates": [
          [
            [
              99.60723307583248,
              64.17200938984752
            ],
            [
              96.91157677624142,
              59.11454479023814
            ],
            [
              101.15419295284664,
              63.35716049000621
            ],
            [
              102.39358952495968,
              65.68245879933238
            ],
            [
              102.30525067303097,
              65.86461393162608
            ],
            [
              109.85679009411251,
              69.47763196751475
            ],
            [
              125.1386757180444,
              37.9665173701942
            ],
            [
              129.38130953762447,
              42.20915023609996
            ],
            [
              114.09943488094723,
              73.72026340290904
            ],
            [
              106.54790022823727,
              70.10725919529796
            ],
            [
              102.70231345150387,
              66.2616719417274
            ],
            [
              118.10583117458737,
              95.1610311679542
            ],
            [
              102.63091471645748,
              103.30127231404185
            ],
            [
              98.38828185055172,
              99.05863897129893
            ],
            [
              113.8631949708215,
              90.91839925572276
            ],
            [
              99.60723307583248,
              64.17200938984752
            ]
          ]
        ]
      }
    },
    {
      "type": "Feature",
      "properties": {
        "sourceLayer": "TPX_BUILDINGS_SHADOWS_OUTLINES",
        "sourceEntityType": "LWPOLYLINE",
        "sourceHandle": "6C8",
        "contextKind": "building_shadow",
        "sourceSceneVersionId": "scv-b67f98b3-a52e-4ff8-b837-45864ccd9201",
        "provenance": "topoexport_dxf_2d"
      },
      "geometry": {
        "type": "Polygon",
        "coordinates": [
          [
            [
              102.07395318005001,
              359.6006635837257
            ],
            [
              99.3508076951257,
              356.87751857563853
            ],
            [
              102.5753884598962,
              357.72155467793345
            ],
            [
              102.07395318005001,
              359.6006635837257
            ]
          ]
        ]
      }
    },
    {
      "type": "Feature",
      "properties": {
        "sourceLayer": "TPX_BUILDINGS_SHADOWS_OUTLINES",
        "sourceEntityType": "LWPOLYLINE",
        "sourceHandle": "6DD",
        "contextKind": "building_shadow",
        "sourceSceneVersionId": "scv-b67f98b3-a52e-4ff8-b837-45864ccd9201",
        "provenance": "topoexport_dxf_2d"
      },
      "geometry": {
        "type": "Polygon",
        "coordinates": [
          [
            [
              105.27566054317867,
              367.7442030124366
            ],
            [
              101.03303482983029,
              363.5015768222511
            ],
            [
              107.95707753155148,
              365.32288543507457
            ],
            [
              110.59800436947262,
              355.4206008128822
            ],
            [
              106.24610856029904,
              354.272898118943
            ],
            [
              105.32020142528927,
              353.34699146077037
            ],
            [
              110.80797055218136,
              355.3434662036598
            ],
            [
              112.62552359554684,
              350.403971593827
            ],
            [
              116.8681564614526,
              354.6466039828956
            ],
            [
              115.05061486217892,
              359.58609763905406
            ],
            [
              114.599316625332,
              359.42191306874156
            ],
            [
              114.84063675854122,
              359.6632332019508
            ],
            [
              114.79635098431027,
              359.82928554341197
            ],
            [
              118.34902480099117,
              363.3819588832557
            ],
            [
              117.33886197063839,
              367.5043329410255
            ],
            [
              114.3350549027673,
              366.77110616490245
            ],
            [
              113.23765662166988,
              365.67370788380504
            ],
            [
              112.19972088787472,
              369.5655163936317
            ],
            [
              105.27566054317867,
              367.7442030124366
            ]
          ]
        ]
      }
    },
    {
      "type": "Feature",
      "properties": {
        "sourceLayer": "TPX_BUILDINGS_SHADOWS_OUTLINES",
        "sourceEntityType": "LWPOLYLINE",
        "sourceHandle": "6E3",
        "contextKind": "building_shadow",
        "sourceSceneVersionId": "scv-b67f98b3-a52e-4ff8-b837-45864ccd9201",
        "provenance": "topoexport_dxf_2d"
      },
      "geometry": {
        "type": "Polygon",
        "coordinates": [
          [
            [
              110.09240439388668,
              362.52846328541636
            ],
            [
              113.09621861431515,
              363.26170198246837
            ],
            [
              114.10639241192257,
              359.1393269710243
            ],
            [
              111.1136398598901,
              358.3950399570167
            ],
            [
              110.09240439388668,
              362.52846328541636
            ]
          ]
        ]
      }
    },
    {
      "type": "Feature",
      "properties": {
        "sourceLayer": "TPX_BUILDINGS_SHADOWS_OUTLINES",
        "sourceEntityType": "LWPOLYLINE",
        "sourceHandle": "6F8",
        "contextKind": "building_shadow",
        "sourceSceneVersionId": "scv-b67f98b3-a52e-4ff8-b837-45864ccd9201",
        "provenance": "topoexport_dxf_2d"
      },
      "geometry": {
        "type": "Polygon",
        "coordinates": [
          [
            [
              110.50919869396603,
              240.33956901356578
            ],
            [
              106.26658633205807,
              236.09695665165782
            ],
            [
              112.06197073910153,
              239.48673908039927
            ],
            [
              118.71092226955807,
              240.4122566394508
            ],
            [
              125.20832255337154,
              238.73962489888072
            ],
            [
              130.58175471279537,
              234.73300782963634
            ],
            [
              133.97993138286984,
              228.9773143939674
            ],
            [
              134.91572144482052,
              222.37848893925548
            ],
            [
              133.2333121583215,
              215.90920059010386
            ],
            [
              129.19665244076168,
              210.58689777180552
            ],
            [
              133.43924191448605,
              214.82948772236705
            ],
            [
              137.47594311687863,
              220.15184346958995
            ],
            [
              139.1583519265405,
              226.6211280040443
            ],
            [
              138.22256329510128,
              233.2199501208961
            ],
            [
              134.82438948604977,
              238.9756406955421
            ],
            [
              129.4509611413232,
              242.98225585743785
            ],
            [
              122.95356419536984,
              244.65488712117076
            ],
            [
              116.30461647961056,
              243.72937099263072
            ],
            [
              110.50919869396603,
              240.33956901356578
            ]
          ]
        ]
      }
    },
    {
      "type": "Feature",
      "properties": {
        "sourceLayer": "TPX_BUILDINGS_SHADOWS_OUTLINES",
        "sourceEntityType": "LWPOLYLINE",
        "sourceHandle": "70D",
        "contextKind": "building_shadow",
        "sourceSceneVersionId": "scv-b67f98b3-a52e-4ff8-b837-45864ccd9201",
        "provenance": "topoexport_dxf_2d"
      },
      "geometry": {
        "type": "Polygon",
        "coordinates": [
          [
            [
              127.46060946438229,
              318.67465583607554
            ],
            [
              123.21800950024044,
              314.43205539509654
            ],
            [
              128.74775794002926,
              318.25265733525157
            ],
            [
              135.32984641048824,
              319.6755747012794
            ],
            [
              141.94818833324825,
              318.4895123653114
            ],
            [
              147.6194229409448,
              314.8701800517738
            ],
            [
              151.47019627544796,
              309.38035003468394
            ],
            [
              152.90300276729977,
              302.8484481982887
            ],
            [
              151.70678379986202,
              296.25813381001353
            ],
            [
              148.0681429192773,
              290.6267441920936
            ],
            [
              152.31075098965084,
              294.8693527393043
            ],
            [
              155.949414281582,
              300.50077621266246
            ],
            [
              157.1456337258569,
              307.09108678624034
            ],
            [
              155.71282914135372,
              313.62298480793834
            ],
            [
              151.86205819103634,
              319.1128124408424
            ],
            [
              146.1908269211999,
              322.7321433238685
            ],
            [
              139.57248928997433,
              323.91820565983653
            ],
            [
              132.99040415737545,
              322.4952897243202
            ],
            [
              127.46060946438229,
              318.67465583607554
            ]
          ]
        ]
      }
    },
    {
      "type": "Feature",
      "properties": {
        "sourceLayer": "TPX_BUILDINGS_SHADOWS_OUTLINES",
        "sourceEntityType": "LWPOLYLINE",
        "sourceHandle": "722",
        "contextKind": "building_shadow",
        "sourceSceneVersionId": "scv-b67f98b3-a52e-4ff8-b837-45864ccd9201",
        "provenance": "topoexport_dxf_2d"
      },
      "geometry": {
        "type": "Polygon",
        "coordinates": [
          [
            [
              130.51226952526486,
              168.2394904308021
            ],
            [
              126.2696948334924,
              163.99691573902965
            ],
            [
              129.86733296368038,
              166.90866224095225
            ],
            [
              134.31753352138912,
              168.22954074665904
            ],
            [
              138.93555691692745,
              167.77073518559337
            ],
            [
              143.02541544887936,
              165.57563487812877
            ],
            [
              145.9680795953027,
              161.99726716801524
            ],
            [
              147.29894545528805,
              157.5767821483314
            ],
            [
              146.82941821072018,
              152.98832074925303
            ],
            [
              144.62496092770016,
              148.9284667186439
            ],
            [
              148.86757710430538,
              153.1710833720863
            ],
            [
              151.07204869244015,
              157.2309626750648
            ],
            [
              151.54157689068234,
              161.81941978260875
            ],
            [
              150.21071246120846,
              166.23990146443248
            ],
            [
              147.26805165264523,
              169.81826631352305
            ],
            [
              143.17819645855343,
              172.01336566731334
            ],
            [
              138.56017687771237,
              172.47217218205333
            ],
            [
              134.1099801347009,
              171.15129510685802
            ],
            [
              130.51226952526486,
              168.2394904308021
            ]
          ]
        ]
      }
    },
    {
      "type": "Feature",
      "properties": {
        "sourceLayer": "TPX_BUILDINGS_SHADOWS_OUTLINES",
        "sourceEntityType": "LWPOLYLINE",
        "sourceHandle": "72B",
        "contextKind": "building_shadow",
        "sourceSceneVersionId": "scv-b67f98b3-a52e-4ff8-b837-45864ccd9201",
        "provenance": "topoexport_dxf_2d"
      },
      "geometry": {
        "type": "Polygon",
        "coordinates": [
          [
            [
              130.97903206798946,
              36.32970468327403
            ],
            [
              126.73640969250118,
              32.08708183094859
            ],
            [
              131.08667901012814,
              33.80581847950816
            ],
            [
              132.9813623711816,
              29.02118818089366
            ],
            [
              137.22399571392452,
              33.26382056996226
            ],
            [
              135.3293233201257,
              38.04844991490245
            ],
            [
              130.97903206798946,
              36.32970468327403
            ]
          ]
        ]
      }
    },
    {
      "type": "Feature",
      "properties": {
        "sourceLayer": "TPX_BUILDINGS_SHADOWS_OUTLINES",
        "sourceEntityType": "LWPOLYLINE",
        "sourceHandle": "740",
        "contextKind": "building_shadow",
        "sourceSceneVersionId": "scv-b67f98b3-a52e-4ff8-b837-45864ccd9201",
        "provenance": "topoexport_dxf_2d"
      },
      "geometry": {
        "type": "Polygon",
        "coordinates": [
          [
            [
              143.42522814724362,
              131.6291093043983
            ],
            [
              139.1826210305444,
              127.38650218769908
            ],
            [
              143.25567534420406,
              129.9782485179603
            ],
            [
              148.0157304093591,
              130.83517829701304
            ],
            [
              152.74490168545162,
              129.8016347102821
            ],
            [
              156.7249508187524,
              127.0536436252296
            ],
            [
              159.33676865551388,
              123.01056281849742
            ],
            [
              160.19299986812985,
              118.27996627613902
            ],
            [
              159.16022923443234,
              113.58028165623546
            ],
            [
              156.3922829911462,
              109.63032476231456
            ],
            [
              160.63488295528805,
              113.8729247264564
            ],
            [
              163.40286019298946,
              117.82292453572154
            ],
            [
              164.43563082668697,
              122.52260534092784
            ],
            [
              163.57940104458248,
              127.25319854542613
            ],
            [
              160.96758606884396,
              131.2962760142982
            ],
            [
              156.98754027340328,
              134.04426566883922
            ],
            [
              152.25837281200802,
              135.07780925557017
            ],
            [
              147.49832156155026,
              134.2208809070289
            ],
            [
              143.42522814724362,
              131.6291093043983
            ]
          ]
        ]
      }
    },
    {
      "type": "Feature",
      "properties": {
        "sourceLayer": "TPX_BUILDINGS_SHADOWS_OUTLINES",
        "sourceEntityType": "LWPOLYLINE",
        "sourceHandle": "757",
        "contextKind": "building_shadow",
        "sourceSceneVersionId": "scv-b67f98b3-a52e-4ff8-b837-45864ccd9201",
        "provenance": "topoexport_dxf_2d"
      },
      "geometry": {
        "type": "Polygon",
        "coordinates": [
          [
            [
              144.62411644909298,
              274.8392628841102
            ],
            [
              140.3815007493249,
              270.59664718434215
            ],
            [
              144.10177090618527,
              272.6131109409034
            ],
            [
              148.28762724850094,
              273.29247180745006
            ],
            [
              152.45307877514279,
              272.55674402043223
            ],
            [
              156.15615513775265,
              270.4938430003822
            ],
            [
              158.95470288250363,
              267.34645454213023
            ],
            [
              160.52781680080807,
              263.57851402089
            ],
            [
              160.7977881715051,
              259.51052943989635
            ],
            [
              159.7530565545312,
              255.57363836094737
            ],
            [
              157.48153403255856,
              252.1770281009376
            ],
            [
              161.72413924190914,
              256.41963378712535
            ],
            [
              163.99568751308834,
              259.8162817172706
            ],
            [
              165.04041913006222,
              263.7531694583595
            ],
            [
              164.77044823620236,
              267.8211511783302
            ],
            [
              163.19733622524654,
              271.58908883854747
            ],
            [
              160.39879086468136,
              274.73647491261363
            ],
            [
              156.69571736309445,
              276.79937497898936
            ],
            [
              152.53026965114987,
              277.53510228917
            ],
            [
              148.3444166466943,
              276.85574285313487
            ],
            [
              144.62411644909298,
              274.8392628841102
            ]
          ]
        ]
      }
    },
    {
      "type": "Feature",
      "properties": {
        "sourceLayer": "TPX_BUILDINGS_SHADOWS_OUTLINES",
        "sourceEntityType": "LWPOLYLINE",
        "sourceHandle": "767",
        "contextKind": "building_shadow",
        "sourceSceneVersionId": "scv-b67f98b3-a52e-4ff8-b837-45864ccd9201",
        "provenance": "topoexport_dxf_2d"
      },
      "geometry": {
        "type": "Polygon",
        "coordinates": [
          [
            [
              148.14501097652828,
              36.63762895390391
            ],
            [
              143.90239336941158,
              32.395010869950056
            ],
            [
              167.82589295360958,
              44.42946235463023
            ],
            [
              173.94897654507076,
              32.419791143387556
            ],
            [
              175.82889702770626,
              34.299711626023054
            ],
            [
              173.93133833858883,
              37.95842735096812
            ],
            [
              192.9198241517297,
              47.65433780476451
            ],
            [
              195.53281739208614,
              42.62734882161021
            ],
            [
              196.03092387173092,
              43.12545530125499
            ],
            [
              192.71242382976925,
              49.62468520924449
            ],
            [
              178.1739564225427,
              42.20104543492198
            ],
            [
              176.31536438915646,
              40.34245387837291
            ],
            [
              172.0685377404443,
              48.67209426686168
            ],
            [
              148.14501097652828,
              36.63762895390391
            ]
          ]
        ]
      }
    },
    {
      "type": "Feature",
      "properties": {
        "sourceLayer": "TPX_BUILDINGS_SHADOWS_OUTLINES",
        "sourceEntityType": "LWPOLYLINE",
        "sourceHandle": "770",
        "contextKind": "building_shadow",
        "sourceSceneVersionId": "scv-b67f98b3-a52e-4ff8-b837-45864ccd9201",
        "provenance": "topoexport_dxf_2d"
      },
      "geometry": {
        "type": "Polygon",
        "coordinates": [
          [
            [
              149.10235884640133,
              86.02223531529307
            ],
            [
              144.8597417161218,
              81.77961866185069
            ],
            [
              147.7631087586633,
              83.33079282566905
            ],
            [
              152.05875876400387,
              75.30986062809825
            ],
            [
              156.30139258358395,
              79.55249397084117
            ],
            [
              152.00575402233517,
              87.5734247379005
            ],
            [
              149.10235884640133,
              86.02223531529307
            ]
          ]
        ]
      }
    },
    {
      "type": "Feature",
      "properties": {
        "sourceLayer": "TPX_BUILDINGS_SHADOWS_OUTLINES",
        "sourceEntityType": "LWPOLYLINE",
        "sourceHandle": "779",
        "contextKind": "building_shadow",
        "sourceSceneVersionId": "scv-b67f98b3-a52e-4ff8-b837-45864ccd9201",
        "provenance": "topoexport_dxf_2d"
      },
      "geometry": {
        "type": "Polygon",
        "coordinates": [
          [
            [
              153.45733073208248,
              343.0712756328285
            ],
            [
              149.214701680874,
              338.82864658162
            ],
            [
              151.99803736660397,
              339.16362039372325
            ],
            [
              152.76795104000485,
              332.7193717174232
            ],
            [
              157.0105829522363,
              336.96200362965465
            ],
            [
              156.24067929241573,
              343.4062508754432
            ],
            [
              153.45733073208248,
              343.0712756328285
            ]
          ]
        ]
      }
    },
    {
      "type": "Feature",
      "properties": {
        "sourceLayer": "TPX_BUILDINGS_SHADOWS_OUTLINES",
        "sourceEntityType": "LWPOLYLINE",
        "sourceHandle": "78E",
        "contextKind": "building_shadow",
        "sourceSceneVersionId": "scv-b67f98b3-a52e-4ff8-b837-45864ccd9201",
        "provenance": "topoexport_dxf_2d"
      },
      "geometry": {
        "type": "Polygon",
        "coordinates": [
          [
            [
              160.19556572887814,
              241.37171928212047
            ],
            [
              155.95294812176144,
              237.12910167500377
            ],
            [
              160.09283068630612,
              239.27872936055064
            ],
            [
              164.74297097179806,
              239.68226329609752
            ],
            [
              169.1963954255334,
              238.3056778125465
            ],
            [
              172.77905133221066,
              235.32505218312144
            ],
            [
              174.94908812496578,
              231.21511260792613
            ],
            [
              175.3633237168542,
              226.5945405177772
            ],
            [
              173.96568110439694,
              222.1708001308143
            ],
            [
              170.97637417766964,
              218.6075519733131
            ],
            [
              175.2189350411645,
              222.85011331364512
            ],
            [
              178.20831253979122,
              226.41344396397471
            ],
            [
              179.60595419857418,
              230.83718005940318
            ],
            [
              179.19172003719723,
              235.45774833485484
            ],
            [
              177.0216856286279,
              239.5676850490272
            ],
            [
              173.4390335366479,
              242.54830924794078
            ],
            [
              168.98561242077267,
              243.92489425465465
            ],
            [
              164.335475949978,
              243.5213612727821
            ],
            [
              160.19556572887814,
              241.37171928212047
            ]
          ]
        ]
      }
    },
    {
      "type": "Feature",
      "properties": {
        "sourceLayer": "TPX_BUILDINGS_SHADOWS_OUTLINES",
        "sourceEntityType": "LWPOLYLINE",
        "sourceHandle": "797",
        "contextKind": "building_shadow",
        "sourceSceneVersionId": "scv-b67f98b3-a52e-4ff8-b837-45864ccd9201",
        "provenance": "topoexport_dxf_2d"
      },
      "geometry": {
        "type": "Polygon",
        "coordinates": [
          [
            [
              165.97565319988644,
              396.54902259632945
            ],
            [
              161.73302844021237,
              392.3063978366554
            ],
            [
              169.46258166286862,
              394.8804086856544
            ],
            [
              172.16757586452877,
              386.82441226765513
            ],
            [
              176.41020873043453,
              391.06704465672374
            ],
            [
              173.70522549602902,
              399.1230401210487
            ],
            [
              165.97565319988644,
              396.54902259632945
            ]
          ]
        ]
      }
    },
    {
      "type": "Feature",
      "properties": {
        "sourceLayer": "TPX_BUILDINGS_SHADOWS_OUTLINES",
        "sourceEntityType": "LWPOLYLINE",
        "sourceHandle": "7A4",
        "contextKind": "building_shadow",
        "sourceSceneVersionId": "scv-b67f98b3-a52e-4ff8-b837-45864ccd9201",
        "provenance": "topoexport_dxf_2d"
      },
      "geometry": {
        "type": "Polygon",
        "coordinates": [
          [
            [
              166.56059029552853,
              100.635896127671
            ],
            [
              162.31796553585446,
              96.39327136799693
            ],
            [
              166.8342323586694,
              97.86899081990123
            ],
            [
              167.6465063378564,
              95.40409938618541
            ],
            [
              169.42151310894405,
              95.87109081074595
            ],
            [
              170.29818346950924,
              92.53347245976329
            ],
            [
              174.540816335415,
              96.77610532566905
            ],
            [
              173.6641564652673,
              100.11372176930308
            ],
            [
              171.88914063427364,
              99.64672796055675
            ],
            [
              171.0768761918298,
              102.11162177845836
            ],
            [
              166.56059029552853,
              100.635896127671
            ]
          ]
        ]
      }
    },
    {
      "type": "Feature",
      "properties": {
        "sourceLayer": "TPX_BUILDINGS_SHADOWS_OUTLINES",
        "sourceEntityType": "LWPOLYLINE",
        "sourceHandle": "7B9",
        "contextKind": "building_shadow",
        "sourceSceneVersionId": "scv-b67f98b3-a52e-4ff8-b837-45864ccd9201",
        "provenance": "topoexport_dxf_2d"
      },
      "geometry": {
        "type": "Polygon",
        "coordinates": [
          [
            [
              167.18415024731075,
              179.8248495273292
            ],
            [
              162.94182351086056,
              175.582522790879
            ],
            [
              166.41721585247433,
              178.90291444584727
            ],
            [
              170.90005639049923,
              180.64392558857799
            ],
            [
              175.70545008633053,
              180.5391058139503
            ],
            [
              180.1153292939416,
              178.62076370045543
            ],
            [
              183.45550921413815,
              175.17553083226085
            ],
            [
              185.20618203136837,
              170.7223800830543
            ],
            [
              185.11245873424923,
              165.94642965123057
            ],
            [
              183.1734929368249,
              161.56628886982799
            ],
            [
              187.41611388180172,
              165.8089098148048
            ],
            [
              189.3550892159692,
              170.18907062336802
            ],
            [
              189.44881346676266,
              174.9650172404945
            ],
            [
              187.69814303371822,
              179.41816417500377
            ],
            [
              184.35796597454464,
              182.86339513584971
            ],
            [
              179.94809058163082,
              184.78173629567027
            ],
            [
              175.1427007004968,
              184.88655702397227
            ],
            [
              170.659863500332,
              183.1455477885902
            ],
            [
              167.18415024731075,
              179.8248495273292
            ]
          ]
        ]
      }
    },
    {
      "type": "Feature",
      "properties": {
        "sourceLayer": "TPX_BUILDINGS_SHADOWS_OUTLINES",
        "sourceEntityType": "LWPOLYLINE",
        "sourceHandle": "7CE",
        "contextKind": "building_shadow",
        "sourceSceneVersionId": "scv-b67f98b3-a52e-4ff8-b837-45864ccd9201",
        "provenance": "topoexport_dxf_2d"
      },
      "geometry": {
        "type": "Polygon",
        "coordinates": [
          [
            [
              167.96488144848263,
              349.5337452106178
            ],
            [
              163.7222948357812,
              345.2911581210792
            ],
            [
              168.43486407253658,
              348.8786086253822
            ],
            [
              174.17729618999874,
              350.4000162295997
            ],
            [
              180.05503037426388,
              349.62210742756724
            ],
            [
              185.1952376649133,
              346.66544811055064
            ],
            [
              188.80200865719235,
              341.99340764805675
            ],
            [
              190.3332419678918,
              336.29076043888927
            ],
            [
              189.55590489361202,
              330.4416436366737
            ],
            [
              186.5794167802087,
              325.34168998524547
            ],
            [
              190.82202914211666,
              329.5843023471534
            ],
            [
              193.79853585216915,
              334.68428556248546
            ],
            [
              194.57587292644894,
              340.53339855000377
            ],
            [
              193.04464104626095,
              346.236041944474
            ],
            [
              189.437873391842,
              350.9080800227821
            ],
            [
              184.2976694390527,
              353.8647383861244
            ],
            [
              178.41993954632198,
              354.64264718815684
            ],
            [
              172.67751076671993,
              353.1212410144508
            ],
            [
              167.96488144848263,
              349.5337452106178
            ]
          ]
        ]
      }
    },
    {
      "type": "Feature",
      "properties": {
        "sourceLayer": "TPX_BUILDINGS_SHADOWS_OUTLINES",
        "sourceEntityType": "LWPOLYLINE",
        "sourceHandle": "7D7",
        "contextKind": "building_shadow",
        "sourceSceneVersionId": "scv-b67f98b3-a52e-4ff8-b837-45864ccd9201",
        "provenance": "topoexport_dxf_2d"
      },
      "geometry": {
        "type": "Polygon",
        "coordinates": [
          [
            [
              177.69643261883175,
              25.794597547501326
            ],
            [
              173.45380499813473,
              21.551969449967146
            ],
            [
              181.3613696381799,
              23.020681779831648
            ],
            [
              182.92892315838253,
              14.653784196823835
            ],
            [
              187.17155507061398,
              18.89641610905528
            ],
            [
              185.60401204082882,
              27.263312738388777
            ],
            [
              177.69643261883175,
              25.794597547501326
            ]
          ]
        ]
      }
    },
    {
      "type": "Feature",
      "properties": {
        "sourceLayer": "TPX_BUILDINGS_SHADOWS_OUTLINES",
        "sourceEntityType": "LWPOLYLINE",
        "sourceHandle": "7F8",
        "contextKind": "building_shadow",
        "sourceSceneVersionId": "scv-b67f98b3-a52e-4ff8-b837-45864ccd9201",
        "provenance": "topoexport_dxf_2d"
      },
      "geometry": {
        "type": "Polygon",
        "coordinates": [
          [
            [
              181.07121088955319,
              67.42135278508067
            ],
            [
              176.8285908982507,
              63.17873279377818
            ],
            [
              182.69107726070797,
              65.87212077900767
            ],
            [
              184.82858326885616,
              61.253606241196394
            ],
            [
              186.92954447719967,
              63.35456697270274
            ],
            [
              185.58512261364376,
              65.99716560170054
            ],
            [
              191.9551344201318,
              69.232886236161
            ],
            [
              193.79318335506832,
              65.62003509327769
            ],
            [
              188.52944186184322,
              62.946251314133406
            ],
            [
              186.7949371621362,
              61.211746137589216
            ],
            [
              192.60187151882565,
              64.17038814350963
            ],
            [
              198.48132088634884,
              52.66896192356944
            ],
            [
              202.04665139171993,
              45.67528812214732
            ],
            [
              206.2892852113,
              49.91792146489024
            ],
            [
              206.2073807999841,
              50.07858316227794
            ],
            [
              201.10539916012203,
              47.59774963185191
            ],
            [
              193.5533771798364,
              62.93335573002696
            ],
            [
              221.05439331982052,
              76.29866449162364
            ],
            [
              220.18876841518795,
              78.05871145054698
            ],
            [
              202.82510283443844,
              69.62008706852794
            ],
            [
              206.36099722835934,
              73.15598146244884
            ],
            [
              204.49739554378903,
              77.46786824986339
            ],
            [
              201.98803093883907,
              76.30908719822764
            ],
            [
              201.977348832821,
              76.33222476765513
            ],
            [
              199.25618555996334,
              75.07242957875133
            ],
            [
              196.69059470150387,
              72.50683919712901
            ],
            [
              196.19777968380367,
              73.47551814839244
            ],
            [
              189.82777216885006,
              70.23981086537242
            ],
            [
              187.8097873017541,
              68.22182599827647
            ],
            [
              186.93372252437985,
              70.11475269123912
            ],
            [
              181.07121088955319,
              67.42135278508067
            ]
          ]
        ]
      }
    },
    {
      "type": "Feature",
      "properties": {
        "sourceLayer": "TPX_BUILDINGS_SHADOWS_OUTLINES",
        "sourceEntityType": "LWPOLYLINE",
        "sourceHandle": "801",
        "contextKind": "building_shadow",
        "sourceSceneVersionId": "scv-b67f98b3-a52e-4ff8-b837-45864ccd9201",
        "provenance": "topoexport_dxf_2d"
      },
      "geometry": {
        "type": "Polygon",
        "coordinates": [
          [
            [
              195.2999921128503,
              71.11624185368419
            ],
            [
              200.24631932232296,
              73.24474565312266
            ],
            [
              202.11836388561642,
              68.91334859654307
            ],
            [
              197.16099217388546,
              66.7848276309669
            ],
            [
              196.53022911999142,
              68.25289003178477
            ],
            [
              196.3178110406152,
              68.14466230198741
            ],
            [
              196.49891713116085,
              68.32576839253306
            ],
            [
              195.2999921128503,
              71.11624185368419
            ]
          ]
        ]
      }
    },
    {
      "type": "Feature",
      "properties": {
        "sourceLayer": "TPX_BUILDINGS_SHADOWS_OUTLINES",
        "sourceEntityType": "LWPOLYLINE",
        "sourceHandle": "816",
        "contextKind": "building_shadow",
        "sourceSceneVersionId": "scv-b67f98b3-a52e-4ff8-b837-45864ccd9201",
        "provenance": "topoexport_dxf_2d"
      },
      "geometry": {
        "type": "Polygon",
        "coordinates": [
          [
            [
              182.00816634151852,
              143.19463102146983
            ],
            [
              177.76556351635372,
              138.95202771946788
            ],
            [
              181.68392470333492,
              141.576747816056
            ],
            [
              186.322376756405,
              142.51091520115733
            ],
            [
              190.9630174920312,
              141.6099247150123
            ],
            [
              194.8986945435754,
              139.01665012165904
            ],
            [
              197.54346468899166,
              135.12837974354625
            ],
            [
              198.48792031261837,
              130.51949493214488
            ],
            [
              197.57655241939938,
              125.90839711949229
            ],
            [
              194.9632091805688,
              121.99178640171885
            ],
            [
              199.20581486675655,
              126.23439256474376
            ],
            [
              201.81918290111935,
              130.15103999897838
            ],
            [
              202.7305512711755,
              134.76213352009654
            ],
            [
              201.78609707806027,
              139.3710149936378
            ],
            [
              199.14132979366696,
              143.25928251072764
            ],
            [
              195.20565607998287,
              145.85255519673228
            ],
            [
              190.56501915905392,
              146.75354615971446
            ],
            [
              185.92657092068112,
              145.81938020512462
            ],
            [
              182.00816634151852,
              143.19463102146983
            ]
          ]
        ]
      }
    },
    {
      "type": "Feature",
      "properties": {
        "sourceLayer": "TPX_BUILDINGS_SHADOWS_OUTLINES",
        "sourceEntityType": "LWPOLYLINE",
        "sourceHandle": "82B",
        "contextKind": "building_shadow",
        "sourceSceneVersionId": "scv-b67f98b3-a52e-4ff8-b837-45864ccd9201",
        "provenance": "topoexport_dxf_2d"
      },
      "geometry": {
        "type": "Polygon",
        "coordinates": [
          [
            [
              183.24064591381466,
              304.6458491496742
            ],
            [
              178.99803784344113,
              300.40324107930064
            ],
            [
              183.94313099834835,
              303.5487822704017
            ],
            [
              189.7082319543115,
              304.5837878398597
            ],
            [
              195.44290831539547,
              303.3413895778358
            ],
            [
              200.26320698711788,
              300.00847141072154
            ],
            [
              203.43943264934933,
              295.10375825688243
            ],
            [
              204.47360613796627,
              289.36735240742564
            ],
            [
              203.22108080837643,
              283.67244188115
            ],
            [
              199.86864045116818,
              278.8926543407142
            ],
            [
              204.11124041531002,
              283.13525430485606
            ],
            [
              207.4637112900964,
              287.9150847606361
            ],
            [
              208.7162370965234,
              293.60999147221446
            ],
            [
              207.68206503841793,
              299.346393506974
            ],
            [
              204.50584176037228,
              304.2511042766273
            ],
            [
              199.68554690334713,
              307.5840205363929
            ],
            [
              193.9508743569604,
              308.82641879841685
            ],
            [
              188.18577721569454,
              307.79141418263316
            ],
            [
              183.24064591381466,
              304.6458491496742
            ]
          ]
        ]
      }
    },
    {
      "type": "Feature",
      "properties": {
        "sourceLayer": "TPX_BUILDINGS_SHADOWS_OUTLINES",
        "sourceEntityType": "LWPOLYLINE",
        "sourceHandle": "84E",
        "contextKind": "building_shadow",
        "sourceSceneVersionId": "scv-b67f98b3-a52e-4ff8-b837-45864ccd9201",
        "provenance": "topoexport_dxf_2d"
      },
      "geometry": {
        "type": "Polygon",
        "coordinates": [
          [
            [
              184.17278674099362,
              384.48741714283824
            ],
            [
              179.93016102764523,
              380.24479142948985
            ],
            [
              190.9729075715295,
              383.48606054112315
            ],
            [
              192.99158480617916,
              376.62320367619395
            ],
            [
              196.0652156159631,
              379.69683400914073
            ],
            [
              195.8601146027795,
              379.63361160084605
            ],
            [
              194.91745045635616,
              382.7279428653419
            ],
            [
              198.37379506084835,
              383.7823166064918
            ],
            [
              199.31644394848263,
              380.6990455798805
            ],
            [
              203.5590768143884,
              384.9416779689491
            ],
            [
              202.61643889400875,
              388.02494756504893
            ],
            [
              199.16010096523678,
              386.9705866985023
            ],
            [
              196.28440955135738,
              384.0948952846229
            ],
            [
              195.40795281383907,
              387.07458202168345
            ],
            [
              194.16130164120113,
              387.41924802586436
            ],
            [
              191.7599849984399,
              386.71441308781505
            ],
            [
              192.83226349804318,
              387.7866915874183
            ],
            [
              191.232373265957,
              388.2290195636451
            ],
            [
              192.14533427212154,
              391.50245086476207
            ],
            [
              197.37212136242306,
              390.06046048924327
            ],
            [
              196.44811776134884,
              386.78703252598643
            ],
            [
              200.6907439515344,
              391.02965919300914
            ],
            [
              201.61475947353756,
              394.3030914478004
            ],
            [
              196.38798478100216,
              395.74508897587657
            ],
            [
              192.49189188930904,
              391.8489965610206
            ],
            [
              191.56228783581173,
              394.33532993122935
            ],
            [
              187.41060641262447,
              392.7826565913856
            ],
            [
              183.16798260662472,
              388.54003278538585
            ],
            [
              187.31964400265133,
              390.09269849583507
            ],
            [
              189.4473915383569,
              384.4018201045692
            ],
            [
              185.29570630047238,
              382.8491291217506
            ],
            [
              184.6326918885461,
              384.6224087886512
            ],
            [
              184.17278674099362,
              384.48741714283824
            ]
          ]
        ]
      }
    },
    {
      "type": "Feature",
      "properties": {
        "sourceLayer": "TPX_BUILDINGS_SHADOWS_OUTLINES",
        "sourceEntityType": "LWPOLYLINE",
        "sourceHandle": "857",
        "contextKind": "building_shadow",
        "sourceSceneVersionId": "scv-b67f98b3-a52e-4ff8-b837-45864ccd9201",
        "provenance": "topoexport_dxf_2d"
      },
      "geometry": {
        "type": "Polygon",
        "coordinates": [
          [
            [
              189.20237734768307,
              20.35812084004283
            ],
            [
              184.95976069424069,
              16.115504663437605
            ],
            [
              203.43978074047482,
              26.07612792775035
            ],
            [
              207.12634280178463,
              19.325811307877302
            ],
            [
              211.36897614452755,
              23.568444173783064
            ],
            [
              207.68242648098385,
              30.318759839981794
            ],
            [
              189.20237734768307,
              20.35812084004283
            ]
          ]
        ]
      }
    },
    {
      "type": "Feature",
      "properties": {
        "sourceLayer": "TPX_BUILDINGS_SHADOWS_OUTLINES",
        "sourceEntityType": "LWPOLYLINE",
        "sourceHandle": "864",
        "contextKind": "building_shadow",
        "sourceSceneVersionId": "scv-b67f98b3-a52e-4ff8-b837-45864ccd9201",
        "provenance": "topoexport_dxf_2d"
      },
      "geometry": {
        "type": "Polygon",
        "coordinates": [
          [
            [
              192.96417239162838,
              80.1932076625526
            ],
            [
              188.7215524003259,
              75.9505876712501
            ],
            [
              199.80615809414303,
              81.08233873173594
            ],
            [
              199.83340552303707,
              81.0234660319984
            ],
            [
              210.16221955273068,
              85.7931341342628
            ],
            [
              212.33296874020016,
              81.08621637150645
            ],
            [
              216.57560208294308,
              85.32884971424937
            ],
            [
              214.4048643395654,
              90.03576556965709
            ],
            [
              204.07604124996578,
              85.26609317585826
            ],
            [
              204.04880288097775,
              85.32497064396739
            ],
            [
              192.96417239162838,
              80.1932076625526
            ]
          ]
        ]
      }
    },
    {
      "type": "Feature",
      "properties": {
        "sourceLayer": "TPX_BUILDINGS_SHADOWS_OUTLINES",
        "sourceEntityType": "LWPOLYLINE",
        "sourceHandle": "879",
        "contextKind": "building_shadow",
        "sourceSceneVersionId": "scv-b67f98b3-a52e-4ff8-b837-45864ccd9201",
        "provenance": "topoexport_dxf_2d"
      },
      "geometry": {
        "type": "Polygon",
        "coordinates": [
          [
            [
              196.45622590038693,
              264.36550084874034
            ],
            [
              192.2136187836877,
              260.1228937320411
            ],
            [
              196.2314400956384,
              262.72562400624156
            ],
            [
              200.94729521725094,
              263.60460559651256
            ],
            [
              205.64327147457516,
              262.6262926273048
            ],
            [
              209.6011681840173,
              259.93354646489024
            ],
            [
              212.22396805736935,
              255.94575206562877
            ],
            [
              213.1132827088586,
              251.25941554829478
            ],
            [
              212.124650029873,
              246.5929502658546
            ],
            [
              209.42295649502194,
              242.65412942692637
            ],
            [
              213.66555884334957,
              246.896731775254
            ],
            [
              216.36728098843014,
              250.83559314534068
            ],
            [
              217.35591366741573,
              255.50205413624644
            ],
            [
              216.46660044643795,
              260.1883873157203
            ],
            [
              213.8438029572717,
              264.17617885395885
            ],
            [
              209.88591006252682,
              266.8689235858619
            ],
            [
              205.18993761989987,
              267.8472365550697
            ],
            [
              200.47408631298458,
              266.96825639531016
            ],
            [
              196.45622590038693,
              264.36550084874034
            ]
          ]
        ]
      }
    },
    {
      "type": "Feature",
      "properties": {
        "sourceLayer": "TPX_BUILDINGS_SHADOWS_OUTLINES",
        "sourceEntityType": "LWPOLYLINE",
        "sourceHandle": "88E",
        "contextKind": "building_shadow",
        "sourceSceneVersionId": "scv-b67f98b3-a52e-4ff8-b837-45864ccd9201",
        "provenance": "topoexport_dxf_2d"
      },
      "geometry": {
        "type": "Polygon",
        "coordinates": [
          [
            [
              206.79108622524654,
              194.22169486805797
            ],
            [
              202.5484738633386,
              189.97908250615
            ],
            [
              206.6659522340051,
              192.3829435519874
            ],
            [
              211.3820643708459,
              193.04082147404552
            ],
            [
              216.0009713456384,
              191.84131280705333
            ],
            [
              219.80440810177242,
              188.98255388066173
            ],
            [
              222.2284841820947,
              184.89502612873912
            ],
            [
              222.88583233807003,
              180.19735757634044
            ],
            [
              221.676163701748,
              175.61907045170665
            ],
            [
              218.79755928966915,
              171.83482686802745
            ],
            [
              223.04014685604488,
              176.07741395756602
            ],
            [
              225.9187951371423,
              179.8617138080299
            ],
            [
              227.12846329662716,
              184.43999664112926
            ],
            [
              226.47111609432613,
              189.13766185566783
            ],
            [
              224.04704287502682,
              193.2251867465675
            ],
            [
              220.24360993359005,
              196.08394376561046
            ],
            [
              215.62470677349484,
              197.28345243260264
            ],
            [
              210.90859797451412,
              196.62557546421885
            ],
            [
              206.79108622524654,
              194.22169486805797
            ]
          ]
        ]
      }
    },
    {
      "type": "Feature",
      "properties": {
        "sourceLayer": "TPX_BUILDINGS_SHADOWS_OUTLINES",
        "sourceEntityType": "LWPOLYLINE",
        "sourceHandle": "8A3",
        "contextKind": "building_shadow",
        "sourceSceneVersionId": "scv-b67f98b3-a52e-4ff8-b837-45864ccd9201",
        "provenance": "topoexport_dxf_2d"
      },
      "geometry": {
        "type": "Polygon",
        "coordinates": [
          [
            [
              206.94877913448727,
              339.9511675052345
            ],
            [
              202.70618107769405,
              335.70856944844127
            ],
            [
              208.202663449978,
              339.63967172428966
            ],
            [
              214.7846112534753,
              341.1841859035194
            ],
            [
              221.4691005036584,
              340.1087440662086
            ],
            [
              227.21755221340572,
              336.5779365710914
            ],
            [
              231.17874482128536,
              331.121398370713
            ],
            [
              232.73306706402218,
              324.5785845927894
            ],
            [
              231.64735606167233,
              317.9441842250526
            ],
            [
              228.08613589260494,
              312.2244505099952
            ],
            [
              232.32874539348995,
              316.46706001088023
            ],
            [
              235.88998702022946,
              322.1868266277015
            ],
            [
              236.9756980225793,
              328.8212231807411
            ],
            [
              235.42137768719113,
              335.3640331439674
            ],
            [
              231.46018794033444,
              340.82056848332286
            ],
            [
              225.71173956844723,
              344.3513745479286
            ],
            [
              219.0272541329614,
              345.4268168620765
            ],
            [
              212.44530966732418,
              343.88230411335826
            ],
            [
              206.94877913448727,
              339.9511675052345
            ]
          ]
        ]
      }
    },
    {
      "type": "Feature",
      "properties": {
        "sourceLayer": "TPX_BUILDINGS_SHADOWS_OUTLINES",
        "sourceEntityType": "LWPOLYLINE",
        "sourceHandle": "8AC",
        "contextKind": "building_shadow",
        "sourceSceneVersionId": "scv-b67f98b3-a52e-4ff8-b837-45864ccd9201",
        "provenance": "topoexport_dxf_2d"
      },
      "geometry": {
        "type": "Polygon",
        "coordinates": [
          [
            [
              209.22776606533444,
              420.53503219410777
            ],
            [
              204.9851455971948,
              416.2924117259681
            ],
            [
              211.0906086251489,
              419.06346933171153
            ],
            [
              212.2757435128442,
              416.43374959751964
            ],
            [
              216.51837685558712,
              420.67638198658824
            ],
            [
              215.3332534119836,
              423.3061007671058
            ],
            [
              209.22776606533444,
              420.53503219410777
            ]
          ]
        ]
      }
    },
    {
      "type": "Feature",
      "properties": {
        "sourceLayer": "TPX_BUILDINGS_SHADOWS_OUTLINES",
        "sourceEntityType": "LWPOLYLINE",
        "sourceHandle": "93E",
        "contextKind": "building_shadow",
        "sourceSceneVersionId": "scv-b67f98b3-a52e-4ff8-b837-45864ccd9201",
        "provenance": "topoexport_dxf_2d"
      },
      "geometry": {
        "type": "Polygon",
        "coordinates": [
          [
            [
              211.96720829117112,
              402.09827028773725
            ],
            [
              207.72459163772874,
              397.8556531574577
            ],
            [
              211.2683400164824,
              399.69501959346235
            ],
            [
              215.13236703979783,
              392.35898863337934
            ],
            [
              218.83613720047288,
              396.06275831721723
            ],
            [
              215.59526910888962,
              402.53031384013593
            ],
            [
              222.66083421814255,
              406.0984829571098
            ],
            [
              224.62053718673997,
              402.37522064708173
            ],
            [
              226.01671638595872,
              398.7618459369987
            ],
            [
              220.0749396334868,
              396.07271992228925
            ],
            [
              218.55422153580002,
              394.5520018246025
            ],
            [
              226.62499275314622,
              398.1545375492424
            ],
            [
              229.17245521652512,
              392.5083779003471
            ],
            [
              224.98933019745164,
              390.64941870234907
            ],
            [
              222.85747470962815,
              388.5175632145256
            ],
            [
              222.4245261203032,
              389.5096429493278
            ],
            [
              221.09059801208787,
              388.9168571140617
            ],
            [
              220.9244326602202,
              389.28600393794477
            ],
            [
              218.76623001205735,
              388.3426827099174
            ],
            [
              218.75025930511765,
              388.32671200297773
            ],
            [
              217.58122577774338,
              390.8729051258415
            ],
            [
              214.42363348114304,
              389.40986000560224
            ],
            [
              210.18101348984055,
              385.16724001429975
            ],
            [
              213.33858099090867,
              386.6302736904472
            ],
            [
              214.7894662867766,
              383.47022186778486
            ],
            [
              214.79571046936326,
              383.4764660503715
            ],
            [
              214.52358045685105,
              384.10003839991987
            ],
            [
              218.02354374038987,
              385.6298354770988
            ],
            [
              219.9620074282866,
              381.18796478770673
            ],
            [
              223.51022997009568,
              384.73618685267866
            ],
            [
              222.10824337112717,
              387.7683366443962
            ],
            [
              229.64900245773606,
              391.2044366504997
            ],
            [
              232.73901214706711,
              384.49762712977827
            ],
            [
              233.41627493011765,
              385.1748899128288
            ],
            [
              227.86187925445847,
              398.4323772098869
            ],
            [
              233.10644569504075,
              400.6054514553398
            ],
            [
              238.8006133090239,
              387.01437126658857
            ],
            [
              240.82251157867722,
              389.03626905940473
            ],
            [
              239.16358127701096,
              388.33035217784345
            ],
            [
              233.51419057953171,
              401.42400633357465
            ],
            [
              236.48423471557908,
              402.68784700892866
            ],
            [
              242.13362255203538,
              389.5941966678947
            ],
            [
              246.3762558947783,
              393.8368290569633
            ],
            [
              240.9016236315947,
              406.5254701282829
            ],
            [
              242.31872930633835,
              407.94257580302656
            ],
            [
              240.2054647456389,
              413.227866044268
            ],
            [
              245.11888351547532,
              415.1683643963188
            ],
            [
              248.7087286959868,
              406.1626738216728
            ],
            [
              251.42233314621262,
              408.87627779506147
            ],
            [
              247.7224439631682,
              418.0568512585014
            ],
            [
              256.09182443725877,
              421.3944371845573
            ],
            [
              260.2354725848418,
              411.1512254383415
            ],
            [
              260.6435364733916,
              411.55928980372846
            ],
            [
              259.358535195468,
              414.70993505977094
            ],
            [
              265.1994112979155,
              417.06059824489057
            ],
            [
              267.06068983185105,
              412.4970277454704
            ],
            [
              267.17491808044724,
              412.6112559940666
            ],
            [
              266.6941074382048,
              414.19907652400434
            ],
            [
              275.8706029902678,
              416.94063984416425
            ],
            [
              277.21254434692673,
              412.49805723689497
            ],
            [
              279.988644028781,
              415.27415644191206
            ],
            [
              278.13790311920457,
              414.6438444759697
            ],
            [
              276.6081804286223,
              419.07515322230756
            ],
            [
              283.1230730067473,
              421.2828992512077
            ],
            [
              284.6527804385405,
              416.8626502659172
            ],
            [
              288.89541330444627,
              421.1052826549858
            ],
            [
              287.8937167178374,
              423.99980865977705
            ],
            [
              284.51330938446335,
              422.66643129847944
            ],
            [
              283.6665514956694,
              424.7977026607841
            ],
            [
              281.7794589053374,
              424.7977026607841
            ],
            [
              282.5912145625334,
              422.6531056072563
            ],
            [
              278.7449025164824,
              421.21186863444746
            ],
            [
              278.1211494456511,
              420.58811556361616
            ],
            [
              276.4796437274199,
              420.09770237468183
            ],
            [
              276.9040321360808,
              420.5220907833427
            ],
            [
              276.1980604182463,
              420.2575620319694
            ],
            [
              274.47956218826585,
              424.7977026607841
            ],
            [
              270.4151143084746,
              424.7977026607841
            ],
            [
              273.0981754313689,
              416.71623455546796
            ],
            [
              267.33407392608933,
              414.8299764301628
            ],
            [
              265.68844595062546,
              419.79259478114545
            ],
            [
              263.6011847506743,
              418.9525793697685
            ],
            [
              263.2005714427214,
              418.5519660618156
            ],
            [
              263.0804032336455,
              418.84902559779584
            ],
            [
              258.737384225009,
              416.8538931515068
            ],
            [
              256.01292600738816,
              422.70989500544965
            ],
            [
              260.55766191589646,
              424.7977026607841
            ],
            [
              258.1007384310942,
              424.7977026607841
            ],
            [
              258.0152277003508,
              424.7121919300407
            ],
            [
              251.96509399521165,
              422.29949556849897
            ],
            [
              248.89060917007737,
              419.22501122020185
            ],
            [
              244.44808712112717,
              417.47048889659345
            ],
            [
              240.63851442444138,
              413.66091619990766
            ],
            [
              239.20158901321702,
              416.92253672145307
            ],
            [
              235.67953481781296,
              415.39272772334516
            ],
            [
              234.59700050461106,
              414.31019341014326
            ],
            [
              234.06651821243577,
              415.56768881343305
            ],
            [
              230.86457910644822,
              414.2372540142387
            ],
            [
              226.67999210464768,
              412.48555170558393
            ],
            [
              225.9651984225493,
              411.77075802348554
            ],
            [
              225.2873281489592,
              413.1472028400749
            ],
            [
              221.7708715449553,
              411.4452894832939
            ],
            [
              225.0755328189116,
              414.74995028041303
            ],
            [
              224.69421424972825,
              415.62902294658124
            ],
            [
              223.08119049179368,
              414.8878272678703
            ],
            [
              221.92943134414963,
              417.3185976650566
            ],
            [
              225.18638887512498,
              418.8259900715202
            ],
            [
              224.0456279765349,
              421.3120354320854
            ],
            [
              227.46822824585252,
              422.87490545772016
            ],
            [
              229.73866977798752,
              417.947001805529
            ],
            [
              231.08404054748826,
              419.2923720981926
            ],
            [
              230.14382352936082,
              420.9323681499809
            ],
            [
              235.7738241206389,
              424.1119221355766
            ],
            [
              238.23129501449876,
              419.82544218562543
            ],
            [
              242.47392835724168,
              424.06807457469404
            ],
            [
              242.05562915909104,
              424.7977026607841
            ],
            [
              234.00916137802415,
              424.7977026607841
            ],
            [
              233.1674779902678,
              423.9560192730278
            ],
            [
              232.7796892176848,
              424.7977026607841
            ],
            [
              227.53129949676804,
              424.7977026607841
            ],
            [
              226.4617918978911,
              423.7281950619072
            ],
            [
              225.7484768878203,
              424.7777928020805
            ],
            [
              221.28923835861497,
              421.7544182445854
            ],
            [
              217.0466364871245,
              417.51181589625776
            ],
            [
              221.5058306704741,
              420.5351604130119
            ],
            [
              222.99975767242722,
              418.3369597103447
            ],
            [
              222.83709278213792,
              418.2262543346733
            ],
            [
              222.23288049804978,
              417.62204205058515
            ],
            [
              221.47112550842576,
              417.29673611186445
            ],
            [
              218.54053106415085,
              415.3025149013847
            ],
            [
              218.17567815887742,
              415.84204947017133
            ],
            [
              214.01573791611008,
              411.682109227404
            ],
            [
              219.33748521911912,
              413.95475088618696
            ],
            [
              220.83289899933152,
              410.50731741450727
            ],
            [
              217.318092251895,
              409.00631033442914
            ],
            [
              213.62564983475022,
              405.3138683941215
            ],
            [
              221.04468288528733,
              408.90457092784345
            ],
            [
              222.3070649157744,
              406.3412741329521
            ],
            [
              216.69323053467087,
              403.6282752659172
            ],
            [
              216.0255946170073,
              402.96063982509077
            ],
            [
              215.88075151550584,
              403.2356308605522
            ],
            [
              214.8769563685637,
              402.7505291607231
            ],
            [
              214.54276027786545,
              403.4350985195488
            ],
            [
              211.96720829117112,
              402.09827028773725
            ]
          ]
        ]
      }
    },
    {
      "type": "Feature",
      "properties": {
        "sourceLayer": "TPX_BUILDINGS_SHADOWS_OUTLINES",
        "sourceEntityType": "LWPOLYLINE",
        "sourceHandle": "948",
        "contextKind": "building_shadow",
        "sourceSceneVersionId": "scv-b67f98b3-a52e-4ff8-b837-45864ccd9201",
        "provenance": "topoexport_dxf_2d"
      },
      "geometry": {
        "type": "Polygon",
        "coordinates": [
          [
            [
              222.43734207260422,
              408.2429069187492
            ],
            [
              226.62193479645066,
              409.9946225788444
            ],
            [
              229.82387342560105,
              411.32505737803876
            ],
            [
              233.41312875854783,
              402.8168495800346
            ],
            [
              231.41688337433152,
              401.98737560771406
            ],
            [
              231.16580953705125,
              401.7363017704338
            ],
            [
              231.11005106079392,
              401.8598836567253
            ],
            [
              226.02658691513352,
              399.74575077556074
            ],
            [
              222.43734207260422,
              408.2429069187492
            ]
          ]
        ]
      }
    },
    {
      "type": "Feature",
      "properties": {
        "sourceLayer": "TPX_BUILDINGS_SHADOWS_OUTLINES",
        "sourceEntityType": "LWPOLYLINE",
        "sourceHandle": "951",
        "contextKind": "building_shadow",
        "sourceSceneVersionId": "scv-b67f98b3-a52e-4ff8-b837-45864ccd9201",
        "provenance": "topoexport_dxf_2d"
      },
      "geometry": {
        "type": "Polygon",
        "coordinates": [
          [
            [
              231.43688526260667,
              411.15008293651044
            ],
            [
              234.9589442263823,
              412.6799048092216
            ],
            [
              238.65853300201707,
              404.2823799755424
            ],
            [
              235.13647642242722,
              402.752554288134
            ],
            [
              234.697327042697,
              403.7493365909904
            ],
            [
              234.09678259002976,
              403.5005029346794
            ],
            [
              234.58976545440964,
              403.99348627589643
            ],
            [
              231.43688526260667,
              411.15008293651044
            ]
          ]
        ]
      }
    },
    {
      "type": "Feature",
      "properties": {
        "sourceLayer": "TPX_BUILDINGS_SHADOWS_OUTLINES",
        "sourceEntityType": "LWPOLYLINE",
        "sourceHandle": "9EA",
        "contextKind": "building_shadow",
        "sourceSceneVersionId": "scv-b67f98b3-a52e-4ff8-b837-45864ccd9201",
        "provenance": "topoexport_dxf_2d"
      },
      "geometry": {
        "type": "Polygon",
        "coordinates": [
          [
            [
              261.1716374407988,
              409.07741915248334
            ],
            [
              256.9290122042876,
              404.8347939159721
            ],
            [
              266.2156042109709,
              407.8639062549919
            ],
            [
              270.461722279666,
              395.05601679347456
            ],
            [
              270.8201731692534,
              395.41446768306196
            ],
            [
              268.3423785220366,
              402.9689849521965
            ],
            [
              276.8118886004668,
              405.7097071316093
            ],
            [
              280.02703704941086,
              395.95181690715253
            ],
            [
              276.6151231776457,
              394.84469734691083
            ],
            [
              273.83451404678635,
              392.06408821605146
            ],
            [
              282.96654405700974,
              395.01562773250043
            ],
            [
              289.05330171692185,
              376.4059632923454
            ],
            [
              285.33497371780686,
              375.2041557934135
            ],
            [
              285.046439076541,
              374.91562115214765
            ],
            [
              284.99531736481003,
              375.09437643550336
            ],
            [
              279.9212516795378,
              373.45440088771284
            ],
            [
              279.77076234924607,
              373.9144753124565
            ],
            [
              277.8282813082915,
              373.3669375088066
            ],
            [
              273.58565511810593,
              369.12431131862104
            ],
            [
              280.67519178497605,
              371.1226767208427
            ],
            [
              285.78897848236375,
              353.24149548076093
            ],
            [
              286.63668241607957,
              354.08919941447675
            ],
            [
              284.70842685806565,
              360.8129905369133
            ],
            [
              288.5403298388701,
              361.8899153377861
            ],
            [
              290.6590837489348,
              354.4633606579155
            ],
            [
              294.90171661484055,
              358.70599352382123
            ],
            [
              292.78297319519334,
              366.1325462963432
            ],
            [
              292.6811508189421,
              366.10392986796796
            ],
            [
              294.9344171534758,
              368.35719620250165
            ],
            [
              292.00583686935715,
              378.6681851055473
            ],
            [
              291.04784956085496,
              378.40051065944135
            ],
            [
              293.29593505966477,
              380.648595681414
            ],
            [
              292.53027715790085,
              382.9895232822746
            ],
            [
              295.65340986358933,
              386.1126559879631
            ],
            [
              294.3303050051909,
              390.30923639796674
            ],
            [
              295.1082033168059,
              391.0871342327446
            ],
            [
              293.9577201853972,
              395.1945236828178
            ],
            [
              302.8915041934233,
              397.67046963237226
            ],
            [
              306.8741373072844,
              383.4803680088371
            ],
            [
              309.1224235545378,
              385.7286542560905
            ],
            [
              308.7586974154692,
              387.1750267650932
            ],
            [
              313.3969267855864,
              388.3192394878715
            ],
            [
              315.1173023234587,
              381.4781340267509
            ],
            [
              310.4790753375273,
              380.3339155819267
            ],
            [
              309.92827549087815,
              382.52415215037763
            ],
            [
              309.20109214889817,
              382.31474339030683
            ],
            [
              306.1062420855742,
              379.2198928501457
            ],
            [
              305.47954263794236,
              381.3374599125236
            ],
            [
              298.5667594920378,
              379.3171929027885
            ],
            [
              294.32413330185227,
              375.07456718944013
            ],
            [
              301.23689880478196,
              377.0948289539665
            ],
            [
              306.7381519328337,
              358.5065768864006
            ],
            [
              310.9807847987395,
              362.7492092754692
            ],
            [
              310.0375460635405,
              365.93633638881147
            ],
            [
              308.61876430618577,
              365.52882944606245
            ],
            [
              304.9584421168547,
              378.07209955714643
            ],
            [
              319.72272863495164,
              382.32380711100996
            ],
            [
              325.1577877055388,
              363.6580885555595
            ],
            [
              329.40042057144456,
              367.9007209446281
            ],
            [
              329.37470140564255,
              367.9890488293022
            ],
            [
              328.56629266845994,
              367.77464806102216
            ],
            [
              324.25007000076585,
              383.8105729725212
            ],
            [
              329.2747067462187,
              385.1431821491569
            ],
            [
              333.4600576411467,
              386.2536767628044
            ],
            [
              337.7762755404692,
              370.2177570965141
            ],
            [
              338.01353063690476,
              370.45501219294965
            ],
            [
              335.2002581607085,
              381.3030179645866
            ],
            [
              338.4505805026274,
              382.1405666973442
            ],
            [
              338.4505805026274,
              382.8106745388359
            ],
            [
              336.32577505218796,
              382.3545902874321
            ],
            [
              335.13730754959397,
              387.792328229174
            ],
            [
              338.4505805026274,
              388.51339851878583
            ],
            [
              338.4505805026274,
              390.17421280406415
            ],
            [
              336.31720390426926,
              389.5625508930534
            ],
            [
              330.95970811950974,
              408.02937494777143
            ],
            [
              334.0186022769194,
              408.895328393206
            ],
            [
              338.4505805026274,
              393.6277869846672
            ],
            [
              338.4505805026274,
              399.4708999302238
            ],
            [
              337.15640773880295,
              399.1373256351799
            ],
            [
              334.7593626033049,
              408.3544939663261
            ],
            [
              338.4505805026274,
              409.29661642573774
            ],
            [
              338.4505805026274,
              412.4857252743095
            ],
            [
              338.26124563324265,
              413.13795935176313
            ],
            [
              335.20235862839036,
              412.2720183040947
            ],
            [
              332.1202587138396,
              409.18991886638105
            ],
            [
              329.5731472026091,
              408.429179539904
            ],
            [
              329.34893312561326,
              408.20496546290815
            ],
            [
              328.6197723399382,
              411.2581690456718
            ],
            [
              322.7114767085295,
              409.86924492381513
            ],
            [
              318.7355793963652,
              405.8933476116508
            ],
            [
              315.2607068072539,
              405.0734928753227
            ],
            [
              314.040380860446,
              403.85316692851484
            ],
            [
              308.8567875872832,
              402.44579874537885
            ],
            [
              307.3949278842192,
              400.98393856547773
            ],
            [
              307.13414754974656,
              401.9131005909294
            ],
            [
              298.2003706942778,
              399.43716703914106
            ],
            [
              297.0077041636687,
              398.2445005085319
            ],
            [
              296.62031021225266,
              399.76694189570844
            ],
            [
              292.34653415787034,
              398.70055948756635
            ],
            [
              291.8433274279814,
              398.19735275767744
            ],
            [
              291.339989567874,
              399.79382359050214
            ],
            [
              289.16008701431565,
              399.1126030590385
            ],
            [
              291.8839553843718,
              401.8364714290947
            ],
            [
              291.57490911590867,
              401.747397294268
            ],
            [
              289.88894357788377,
              407.51619659923017
            ],
            [
              296.20545711624436,
              409.336773743853
            ],
            [
              297.8914202700835,
              403.56797968409956
            ],
            [
              298.38132085907273,
              404.0578802730888
            ],
            [
              296.24749269592576,
              411.1388038303703
            ],
            [
              299.2621602069121,
              412.03787266276777
            ],
            [
              301.6133402835112,
              404.2357185985893
            ],
            [
              301.996540928958,
              404.6189192440361
            ],
            [
              299.4486569415312,
              413.1214884426445
            ],
            [
              305.0694316874724,
              414.77540909312665
            ],
            [
              307.8975619326811,
              405.3376573231071
            ],
            [
              311.0031041156035,
              408.44319902919233
            ],
            [
              308.22624578583054,
              416.890689721331
            ],
            [
              315.47004499542527,
              419.24301611445844
            ],
            [
              319.106470490573,
              408.21428047679365
            ],
            [
              322.59012260544114,
              411.6979325916618
            ],
            [
              321.3672341357451,
              411.400841107592
            ],
            [
              318.4813517581206,
              423.0857885982841
            ],
            [
              312.468895817874,
              421.1333335544914
            ],
            [
              309.5522183428984,
              418.216656556353
            ],
            [
              309.3120755206328,
              419.01804052852094
            ],
            [
              303.9156936656218,
              417.43015800975263
            ],
            [
              306.1188663493376,
              419.63333069346845
            ],
            [
              304.7103289614897,
              424.3522123005241
            ],
            [
              303.51770391571335,
              424.0009874012321
            ],
            [
              304.31441917526536,
              424.7977026607841
            ],
            [
              299.4024471293669,
              424.7977026607841
            ],
            [
              300.5328973780852,
              421.0161813404411
            ],
            [
              297.1620267878752,
              420.0214694645256
            ],
            [
              296.1479238520842,
              419.0073670055717
            ],
            [
              295.9164251338225,
              419.65391050837934
            ],
            [
              292.29499616730027,
              418.585278859362
            ],
            [
              291.91292896377854,
              419.859937062487
            ],
            [
              289.0196236621123,
              418.83912073634565
            ],
            [
              286.55050649750046,
              416.37000357173383
            ],
            [
              281.09290256607346,
              414.83876930736005
            ],
            [
              276.85027589905076,
              410.5961431171745
            ],
            [
              284.4478053103667,
              412.7277740146965
            ],
            [
              288.50786295044236,
              398.4603794720024
            ],
            [
              280.91031398880295,
              396.328726163134
            ],
            [
              277.3725141535979,
              408.76084648631513
            ],
            [
              272.5850290309172,
              407.2116287853569
            ],
            [
              272.2065094958525,
              406.8331092502922
            ],
            [
              270.9465669642668,
              410.6335800793022
            ],
            [
              268.03603830444627,
              409.7675436642021
            ],
            [
              267.6091612826567,
              411.17721878550947
            ],
            [
              261.1716374407988,
              409.07741915248334
            ]
          ]
        ]
      }
    },
    {
      "type": "Feature",
      "properties": {
        "sourceLayer": "TPX_BUILDINGS_SHADOWS_OUTLINES",
        "sourceEntityType": "LWPOLYLINE",
        "sourceHandle": "9F0",
        "contextKind": "building_shadow",
        "sourceSceneVersionId": "scv-b67f98b3-a52e-4ff8-b837-45864ccd9201",
        "provenance": "topoexport_dxf_2d"
      },
      "geometry": {
        "type": "Polygon",
        "coordinates": [
          [
            [
              283.31287660705857,
              373.18206535838544
            ],
            [
              287.7631935130339,
              374.425553670153
            ],
            [
              290.6917838107329,
              364.11456381343305
            ],
            [
              286.23042335617356,
              362.8710569050163
            ],
            [
              283.31287660705857,
              373.18206535838544
            ]
          ]
        ]
      }
    },
    {
      "type": "Feature",
      "properties": {
        "sourceLayer": "TPX_BUILDINGS_SHADOWS_OUTLINES",
        "sourceEntityType": "LWPOLYLINE",
        "sourceHandle": "9F6",
        "contextKind": "building_shadow",
        "sourceSceneVersionId": "scv-b67f98b3-a52e-4ff8-b837-45864ccd9201",
        "provenance": "topoexport_dxf_2d"
      },
      "geometry": {
        "type": "Polygon",
        "coordinates": [
          [
            [
              283.9723056803923,
              394.5746053364128
            ],
            [
              287.0973457347136,
              395.55119215510786
            ],
            [
              291.41077699768357,
              381.8700231220573
            ],
            [
              288.2857393275481,
              380.89343153499067
            ],
            [
              283.9723056803923,
              394.5746053364128
            ]
          ]
        ]
      }
    },
    {
      "type": "Feature",
      "properties": {
        "sourceLayer": "TPX_BUILDINGS_SHADOWS_OUTLINES",
        "sourceEntityType": "LWPOLYLINE",
        "sourceHandle": "A05",
        "contextKind": "building_shadow",
        "sourceSceneVersionId": "scv-b67f98b3-a52e-4ff8-b837-45864ccd9201",
        "provenance": "topoexport_dxf_2d"
      },
      "geometry": {
        "type": "Polygon",
        "coordinates": [
          [
            [
              284.77697315323167,
              414.5964764263481
            ],
            [
              291.1592535029631,
              416.848284592852
            ],
            [
              292.99912061798386,
              411.7098182346672
            ],
            [
              296.86646118271165,
              415.57715879939497
            ],
            [
              295.90701713669114,
              418.7664664890617
            ],
            [
              300.4676856051665,
              420.109581341967
            ],
            [
              301.87623348343186,
              415.3906978275627
            ],
            [
              299.92266502487473,
              414.81396948359907
            ],
            [
              297.97541418182664,
              412.86671864055097
            ],
            [
              294.1315940867644,
              411.7588399555534
            ],
            [
              291.05032529938035,
              408.6775721218437
            ],
            [
              290.4451321612578,
              410.8042777683586
            ],
            [
              286.61685600387864,
              409.44695078395307
            ],
            [
              284.77697315323167,
              414.5964764263481
            ]
          ]
        ]
      }
    },
    {
      "type": "Feature",
      "properties": {
        "sourceLayer": "TPX_BUILDINGS_SHADOWS_OUTLINES",
        "sourceEntityType": "LWPOLYLINE",
        "sourceHandle": "A0B",
        "contextKind": "building_shadow",
        "sourceSceneVersionId": "scv-b67f98b3-a52e-4ff8-b837-45864ccd9201",
        "provenance": "topoexport_dxf_2d"
      },
      "geometry": {
        "type": "Polygon",
        "coordinates": [
          [
            [
              288.1038836489897,
              394.4579161312431
            ],
            [
              292.3776673327666,
              395.5243109371513
            ],
            [
              293.83158531296067,
              389.8105167057365
            ],
            [
              289.54675760376267,
              388.74410330317914
            ],
            [
              288.1038836489897,
              394.4579161312431
            ]
          ]
        ]
      }
    },
    {
      "type": "Feature",
      "properties": {
        "sourceLayer": "TPX_BUILDINGS_SHADOWS_OUTLINES",
        "sourceEntityType": "LWPOLYLINE",
        "sourceHandle": "A11",
        "contextKind": "building_shadow",
        "sourceSceneVersionId": "scv-b67f98b3-a52e-4ff8-b837-45864ccd9201",
        "provenance": "topoexport_dxf_2d"
      },
      "geometry": {
        "type": "Polygon",
        "coordinates": [
          [
            [
              304.6141375552397,
              398.2031553890556
            ],
            [
              310.544268990634,
              399.81322227977216
            ],
            [
              313.3401254664641,
              389.6457904484123
            ],
            [
              307.42104377853684,
              388.0357311870903
            ],
            [
              304.6141375552397,
              398.2031553890556
            ]
          ]
        ]
      }
    },
    {
      "type": "Feature",
      "properties": {
        "sourceLayer": "TPX_BUILDINGS_SHADOWS_OUTLINES",
        "sourceEntityType": "LWPOLYLINE",
        "sourceHandle": "A19",
        "contextKind": "building_shadow",
        "sourceSceneVersionId": "scv-b67f98b3-a52e-4ff8-b837-45864ccd9201",
        "provenance": "topoexport_dxf_2d"
      },
      "geometry": {
        "type": "Polygon",
        "coordinates": [
          [
            [
              311.01805629837327,
              400.8308499958366
            ],
            [
              315.1152132998686,
              401.79753576777875
            ],
            [
              317.11351671325974,
              393.4753688480705
            ],
            [
              319.51151266205125,
              383.45118223689497
            ],
            [
              315.41435852157883,
              382.48449026606977
            ],
            [
              313.0163501750212,
              392.5086840298027
            ],
            [
              311.01805629837327,
              400.8308499958366
            ]
          ]
        ]
      }
    },
    {
      "type": "Feature",
      "properties": {
        "sourceLayer": "TPX_BUILDINGS_SHADOWS_OUTLINES",
        "sourceEntityType": "LWPOLYLINE",
        "sourceHandle": "A22",
        "contextKind": "building_shadow",
        "sourceSceneVersionId": "scv-b67f98b3-a52e-4ff8-b837-45864ccd9201",
        "provenance": "topoexport_dxf_2d"
      },
      "geometry": {
        "type": "Polygon",
        "coordinates": [
          [
            [
              318.46882667648606,
              405.62660204432905
            ],
            [
              324.3771294604521,
              407.0155380871147
            ],
            [
              327.60779848205857,
              393.48785149119794
            ],
            [
              324.3028072367888,
              392.71233879588544
            ],
            [
              322.8912762652617,
              391.3008083011955
            ],
            [
              322.64657583343796,
              392.32371460460126
            ],
            [
              321.6884521495085,
              392.09889637492597
            ],
            [
              318.46882667648606,
              405.62660204432905
            ]
          ]
        ]
      }
    },
    {
      "type": "Feature",
      "properties": {
        "sourceLayer": "TPX_BUILDINGS_SHADOWS_OUTLINES",
        "sourceEntityType": "LWPOLYLINE",
        "sourceHandle": "A2E",
        "contextKind": "building_shadow",
        "sourceSceneVersionId": "scv-b67f98b3-a52e-4ff8-b837-45864ccd9201",
        "provenance": "topoexport_dxf_2d"
      },
      "geometry": {
        "type": "Polygon",
        "coordinates": [
          [
            [
              322.0853861819487,
              386.02505527995527
            ],
            [
              323.53364505874924,
              387.4733141567558
            ],
            [
              322.4631628047209,
              390.87270056270063
            ],
            [
              327.44336404907517,
              392.4153054859489
            ],
            [
              329.22861089813523,
              386.75718056224287
            ],
            [
              326.2753514300566,
              385.8358472492546
            ],
            [
              324.6510614405852,
              384.2115577366203
            ],
            [
              324.3527487765532,
              385.2360609676689
            ],
            [
              324.24842586624436,
              385.20351540111005
            ],
            [
              323.83137550461106,
              386.52785049937665
            ],
            [
              322.0853861819487,
              386.02505527995527
            ]
          ]
        ]
      }
    },
    {
      "type": "Feature",
      "properties": {
        "sourceLayer": "TPX_BUILDINGS_SHADOWS_OUTLINES",
        "sourceEntityType": "LWPOLYLINE",
        "sourceHandle": "A34",
        "contextKind": "building_shadow",
        "sourceSceneVersionId": "scv-b67f98b3-a52e-4ff8-b837-45864ccd9201",
        "provenance": "topoexport_dxf_2d"
      },
      "geometry": {
        "type": "Polygon",
        "coordinates": [
          [
            [
              322.9255150805693,
              373.6492961551994
            ],
            [
              325.6641468058806,
              374.43748318217695
            ],
            [
              327.9712142001372,
              366.56894480250776
            ],
            [
              325.23258438217454,
              365.7807525303215
            ],
            [
              322.9255150805693,
              373.6492961551994
            ]
          ]
        ]
      }
    },
    {
      "type": "Feature",
      "properties": {
        "sourceLayer": "TPX_BUILDINGS_SHADOWS_OUTLINES",
        "sourceEntityType": "LWPOLYLINE",
        "sourceHandle": "A3A",
        "contextKind": "building_shadow",
        "sourceSceneVersionId": "scv-b67f98b3-a52e-4ff8-b837-45864ccd9201",
        "provenance": "topoexport_dxf_2d"
      },
      "geometry": {
        "type": "Polygon",
        "coordinates": [
          [
            [
              325.33049717056565,
              404.1865357067436
            ],
            [
              331.12792530166917,
              405.91805016063154
            ],
            [
              334.0224746714812,
              396.35876928828657
            ],
            [
              328.23609581100754,
              394.6272629406303
            ],
            [
              325.33049717056565,
              404.1865357067436
            ]
          ]
        ]
      }
    },
    {
      "type": "Feature",
      "properties": {
        "sourceLayer": "TPX_BUILDINGS_SHADOWS_OUTLINES",
        "sourceEntityType": "LWPOLYLINE",
        "sourceHandle": "A40",
        "contextKind": "building_shadow",
        "sourceSceneVersionId": "scv-b67f98b3-a52e-4ff8-b837-45864ccd9201",
        "provenance": "topoexport_dxf_2d"
      },
      "geometry": {
        "type": "Polygon",
        "coordinates": [
          [
            [
              328.60167350876145,
              393.7432912494987
            ],
            [
              333.7367514621001,
              395.09814154170454
            ],
            [
              335.36787119018845,
              388.9976266529411
            ],
            [
              330.24384203064255,
              387.64278351329267
            ],
            [
              328.60167350876145,
              393.7432912494987
            ]
          ]
        ]
      }
    },
    {
      "type": "Feature",
      "properties": {
        "sourceLayer": "TPX_BUILDINGS_SHADOWS_OUTLINES",
        "sourceEntityType": "LWPOLYLINE",
        "sourceHandle": "A48",
        "contextKind": "building_shadow",
        "sourceSceneVersionId": "scv-b67f98b3-a52e-4ff8-b837-45864ccd9201",
        "provenance": "topoexport_dxf_2d"
      },
      "geometry": {
        "type": "Polygon",
        "coordinates": [
          [
            [
              264.0258363734465,
              424.7977026607841
            ],
            [
              261.8355368624907,
              424.7977026607841
            ],
            [
              264.33496942627244,
              419.42537437938154
            ],
            [
              265.4428433428984,
              420.53324781917036
            ],
            [
              265.1500333796721,
              421.41626440547407
            ],
            [
              264.0258363734465,
              424.7977026607841
            ]
          ]
        ]
      }
    },
    {
      "type": "Feature",
      "properties": {
        "sourceLayer": "TPX_BUILDINGS_SHADOWS_OUTLINES",
        "sourceEntityType": "LWPOLYLINE",
        "sourceHandle": "A4E",
        "contextKind": "building_shadow",
        "sourceSceneVersionId": "scv-b67f98b3-a52e-4ff8-b837-45864ccd9201",
        "provenance": "topoexport_dxf_2d"
      },
      "geometry": {
        "type": "Polygon",
        "coordinates": [
          [
            [
              289.2321375857573,
              424.7977026607841
            ],
            [
              288.6092447291594,
              424.7977026607841
            ],
            [
              288.7863549243193,
              424.35191999934614
            ],
            [
              289.2321375857573,
              424.7977026607841
            ]
          ]
        ]
      }
    },
    {
      "type": "Feature",
      "properties": {
        "sourceLayer": "TPX_BUILDINGS_SHADOWS_OUTLINES",
        "sourceEntityType": "LWPOLYLINE",
        "sourceHandle": "A56",
        "contextKind": "building_shadow",
        "sourceSceneVersionId": "scv-b67f98b3-a52e-4ff8-b837-45864ccd9201",
        "provenance": "topoexport_dxf_2d"
      },
      "geometry": {
        "type": "Polygon",
        "coordinates": [
          [
            [
              292.76715078460984,
              424.4438122417778
            ],
            [
              291.052853013156,
              422.72951399348676
            ],
            [
              298.02988710510544,
              424.7977026607841
            ],
            [
              294.0146879206877,
              424.7977026607841
            ],
            [
              292.86268606293015,
              424.2462018635124
            ],
            [
              292.76715078460984,
              424.4438122417778
            ]
          ]
        ]
      }
    },
    {
      "type": "Feature",
      "properties": {
        "sourceLayer": "TPX_BUILDINGS_SHADOWS_OUTLINES",
        "sourceEntityType": "LWPOLYLINE",
        "sourceHandle": "A5F",
        "contextKind": "building_shadow",
        "sourceSceneVersionId": "scv-b67f98b3-a52e-4ff8-b837-45864ccd9201",
        "provenance": "topoexport_dxf_2d"
      },
      "geometry": {
        "type": "Polygon",
        "coordinates": [
          [
            [
              214.42743161175167,
              34.04133979603648
            ],
            [
              210.18481352779781,
              29.798721712082624
            ],
            [
              216.08014538738644,
              32.7353572063148
            ],
            [
              219.5901851937524,
              25.796891134232283
            ],
            [
              223.83281853649532,
              30.039524000138044
            ],
            [
              220.32279017422115,
              36.97798911854625
            ],
            [
              214.42743161175167,
              34.04133979603648
            ]
          ]
        ]
      }
    },
    {
      "type": "Feature",
      "properties": {
        "sourceLayer": "TPX_BUILDINGS_SHADOWS_OUTLINES",
        "sourceEntityType": "LWPOLYLINE",
        "sourceHandle": "A74",
        "contextKind": "building_shadow",
        "sourceSceneVersionId": "scv-b67f98b3-a52e-4ff8-b837-45864ccd9201",
        "provenance": "topoexport_dxf_2d"
      },
      "geometry": {
        "type": "Polygon",
        "coordinates": [
          [
            [
              215.48639491054928,
              155.77111379429698
            ],
            [
              211.24377539608395,
              151.5284938029945
            ],
            [
              212.85565236065304,
              152.28215495869517
            ],
            [
              214.6450939461938,
              152.37273017689586
            ],
            [
              216.32488682720577,
              151.77775232121348
            ],
            [
              217.65190079662716,
              150.58537332341075
            ],
            [
              218.41602662060177,
              148.98328105732799
            ],
            [
              218.50652125332272,
              147.20350209996104
            ],
            [
              217.90094950649654,
              145.53344575688243
            ],
            [
              216.70962288830196,
              144.21660701557994
            ],
            [
              220.95211985561764,
              148.4591039828956
            ],
            [
              222.14358094189083,
              149.77608959004283
            ],
            [
              222.74915221187985,
              151.44614259526134
            ],
            [
              222.65865805599606,
              153.22591726109385
            ],
            [
              221.8945350930444,
              154.82800666615367
            ],
            [
              220.56752446148312,
              156.02038375660777
            ],
            [
              218.88773491833126,
              156.61536113545299
            ],
            [
              217.09829714748776,
              156.52478687092662
            ],
            [
              215.48639491054928,
              155.77111379429698
            ]
          ]
        ]
      }
    },
    {
      "type": "Feature",
      "properties": {
        "sourceLayer": "TPX_BUILDINGS_SHADOWS_OUTLINES",
        "sourceEntityType": "LWPOLYLINE",
        "sourceHandle": "A7D",
        "contextKind": "building_shadow",
        "sourceSceneVersionId": "scv-b67f98b3-a52e-4ff8-b837-45864ccd9201",
        "provenance": "topoexport_dxf_2d"
      },
      "geometry": {
        "type": "Polygon",
        "coordinates": [
          [
            [
              218.46676924679196,
              102.01335994526744
            ],
            [
              214.22414973232662,
              97.7707404308021
            ],
            [
              226.46793845150387,
              103.50084630772471
            ],
            [
              231.88334944698727,
              92.06519452854991
            ],
            [
              236.1259827897302,
              96.30782739445567
            ],
            [
              230.71058371517574,
              107.743477743119
            ],
            [
              218.46676924679196,
              102.01335994526744
            ]
          ]
        ]
      }
    },
    {
      "type": "Feature",
      "properties": {
        "sourceLayer": "TPX_BUILDINGS_SHADOWS_OUTLINES",
        "sourceEntityType": "LWPOLYLINE",
        "sourceHandle": "A86",
        "contextKind": "building_shadow",
        "sourceSceneVersionId": "scv-b67f98b3-a52e-4ff8-b837-45864ccd9201",
        "provenance": "topoexport_dxf_2d"
      },
      "geometry": {
        "type": "Polygon",
        "coordinates": [
          [
            [
              221.27625182125485,
              52.61114064976573
            ],
            [
              217.03363326046383,
              48.368522088974714
            ],
            [
              224.0329628274194,
              51.859231393784285
            ],
            [
              227.18869641277706,
              45.60576335713267
            ],
            [
              231.43133023235714,
              49.848396223038435
            ],
            [
              228.27560809109127,
              56.10186282917857
            ],
            [
              221.27625182125485,
              52.61114064976573
            ]
          ]
        ]
      }
    },
    {
      "type": "Feature",
      "properties": {
        "sourceLayer": "TPX_BUILDINGS_SHADOWS_OUTLINES",
        "sourceEntityType": "LWPOLYLINE",
        "sourceHandle": "A92",
        "contextKind": "building_shadow",
        "sourceSceneVersionId": "scv-b67f98b3-a52e-4ff8-b837-45864ccd9201",
        "provenance": "topoexport_dxf_2d"
      },
      "geometry": {
        "type": "Polygon",
        "coordinates": [
          [
            [
              222.6615782067529,
              85.89991800114512
            ],
            [
              218.41895869228756,
              81.65729896351695
            ],
            [
              233.41148999187863,
              88.93840305134654
            ],
            [
              246.19013312313473,
              63.007137697190046
            ],
            [
              250.43276646587765,
              67.24977103993297
            ],
            [
              250.08086016628658,
              67.96388284489512
            ],
            [
              247.24349120113766,
              68.96711389347911
            ],
            [
              248.2294674203149,
              71.72085468098521
            ],
            [
              237.6541352555505,
              93.18103496357799
            ],
            [
              222.6615782067529,
              85.89991800114512
            ]
          ]
        ]
      }
    },
    {
      "type": "Feature",
      "properties": {
        "sourceLayer": "TPX_BUILDINGS_SHADOWS_OUTLINES",
        "sourceEntityType": "LWPOLYLINE",
        "sourceHandle": "A9D",
        "contextKind": "building_shadow",
        "sourceSceneVersionId": "scv-b67f98b3-a52e-4ff8-b837-45864ccd9201",
        "provenance": "topoexport_dxf_2d"
      },
      "geometry": {
        "type": "Polygon",
        "coordinates": [
          [
            [
              223.4341702744714,
              383.0859831981361
            ],
            [
              219.19155409786617,
              378.8433665446937
            ],
            [
              222.90086844417965,
              380.7934807948768
            ],
            [
              227.97159388515865,
              371.2589077167213
            ],
            [
              232.21422722790157,
              375.50154058262706
            ],
            [
              228.46673968288815,
              382.5480217151344
            ],
            [
              225.2093029305688,
              381.0615371875465
            ],
            [
              224.10916045162594,
              383.4408492259681
            ],
            [
              223.4341702744714,
              383.0859831981361
            ]
          ]
        ]
      }
    },
    {
      "type": "Feature",
      "properties": {
        "sourceLayer": "TPX_BUILDINGS_SHADOWS_OUTLINES",
        "sourceEntityType": "LWPOLYLINE",
        "sourceHandle": "AA6",
        "contextKind": "building_shadow",
        "sourceSceneVersionId": "scv-b67f98b3-a52e-4ff8-b837-45864ccd9201",
        "provenance": "topoexport_dxf_2d"
      },
      "geometry": {
        "type": "Polygon",
        "coordinates": [
          [
            [
              228.7618937775842,
              371.0864142589271
            ],
            [
              224.51927426311886,
              366.8437947444618
            ],
            [
              227.8092284486047,
              368.4507021121681
            ],
            [
              231.44137766811764,
              361.02595226094127
            ],
            [
              235.68401101086056,
              365.26858512684703
            ],
            [
              232.05187371227657,
              372.69333354756236
            ],
            [
              228.7618937775842,
              371.0864142589271
            ]
          ]
        ]
      }
    },
    {
      "type": "Feature",
      "properties": {
        "sourceLayer": "TPX_BUILDINGS_SHADOWS_OUTLINES",
        "sourceEntityType": "LWPOLYLINE",
        "sourceHandle": "ABB",
        "contextKind": "building_shadow",
        "sourceSceneVersionId": "scv-b67f98b3-a52e-4ff8-b837-45864ccd9201",
        "provenance": "topoexport_dxf_2d"
      },
      "geometry": {
        "type": "Polygon",
        "coordinates": [
          [
            [
              232.57924702618038,
              291.64849750325084
            ],
            [
              228.33662512752926,
              287.4058756045997
            ],
            [
              234.54171803448116,
              289.9891137294471
            ],
            [
              241.26908352825558,
              290.008183401078
            ],
            [
              247.48028710338986,
              287.48394672200084
            ],
            [
              252.25802662823116,
              282.7801322154701
            ],
            [
              254.85027792904293,
              276.6144303493202
            ],
            [
              254.88032391521847,
              269.937138479203
            ],
            [
              252.3359217927209,
              263.7542633228004
            ],
            [
              247.61934903118527,
              259.0338019542396
            ],
            [
              251.8452039048425,
              263.25965682789683
            ],
            [
              256.5785532281152,
              267.9969081096351
            ],
            [
              259.1229548737756,
              274.17977945134044
            ],
            [
              259.0929093644372,
              280.8570670299232
            ],
            [
              256.50066044781124,
              287.022765558213
            ],
            [
              251.72292426083004,
              291.7265781573951
            ],
            [
              245.51172402355587,
              294.2508143596351
            ],
            [
              238.78436282131588,
              294.2317451648414
            ],
            [
              232.57924702618038,
              291.64849750325084
            ]
          ]
        ]
      }
    },
    {
      "type": "Feature",
      "properties": {
        "sourceLayer": "TPX_BUILDINGS_SHADOWS_OUTLINES",
        "sourceEntityType": "LWPOLYLINE",
        "sourceHandle": "ADC",
        "contextKind": "building_shadow",
        "sourceSceneVersionId": "scv-b67f98b3-a52e-4ff8-b837-45864ccd9201",
        "provenance": "topoexport_dxf_2d"
      },
      "geometry": {
        "type": "Polygon",
        "coordinates": [
          [
            [
              236.53720238659298,
              381.63125554844737
            ],
            [
              232.29457905743038,
              377.3886322192848
            ],
            [
              238.68766215298092,
              379.8173221759498
            ],
            [
              245.02595284435665,
              363.3526643924415
            ],
            [
              249.2685857102624,
              367.5952972583473
            ],
            [
              249.02249720547115,
              368.23454992100596
            ],
            [
              247.7159085557214,
              367.8995260410011
            ],
            [
              245.1080279633752,
              377.9013570956886
            ],
            [
              255.16844275448238,
              380.47814981266856
            ],
            [
              257.7652731225244,
              370.4763106517494
            ],
            [
              258.69175293896114,
              371.40279046818614
            ],
            [
              254.87867024395382,
              382.62249509617686
            ],
            [
              264.4854111954919,
              385.8399461917579
            ],
            [
              269.7620873734704,
              370.32476703450084
            ],
            [
              272.7555914208642,
              373.3182701282203
            ],
            [
              270.0909939095727,
              372.41456834599376
            ],
            [
              265.93405106518185,
              384.5482029132545
            ],
            [
              270.2846718117944,
              386.023733060807
            ],
            [
              274.7898865029565,
              387.54365484043956
            ],
            [
              278.9468255326501,
              375.4100240878761
            ],
            [
              279.19909527752316,
              375.6622938327491
            ],
            [
              274.4329414651147,
              390.23435727879405
            ],
            [
              270.1767010972253,
              388.79084722325206
            ],
            [
              269.42352202389156,
              388.0376681499183
            ],
            [
              268.7280550286523,
              390.08257715031505
            ],
            [
              259.1213202759973,
              386.86513892933726
            ],
            [
              256.1388387963525,
              383.8826574496925
            ],
            [
              249.35067799541866,
              382.1440004520118
            ],
            [
              245.24746182415402,
              378.04078475758433
            ],
            [
              242.93030646297848,
              384.05995313450694
            ],
            [
              236.53720238659298,
              381.63125554844737
            ]
          ]
        ]
      }
    },
    {
      "type": "Feature",
      "properties": {
        "sourceLayer": "TPX_BUILDINGS_SHADOWS_OUTLINES",
        "sourceEntityType": "LWPOLYLINE",
        "sourceHandle": "AE5",
        "contextKind": "building_shadow",
        "sourceSceneVersionId": "scv-b67f98b3-a52e-4ff8-b837-45864ccd9201",
        "provenance": "topoexport_dxf_2d"
      },
      "geometry": {
        "type": "Polygon",
        "coordinates": [
          [
            [
              237.4419794366113,
              122.89708606526256
            ],
            [
              233.19935563061154,
              118.65446273609996
            ],
            [
              259.1797657296411,
              128.85616533085704
            ],
            [
              262.2488642022363,
              121.14330951496959
            ],
            [
              266.4914975449792,
              125.38594190403819
            ],
            [
              263.42241003963863,
              133.09879676625133
            ],
            [
              237.4419794366113,
              122.89708606526256
            ]
          ]
        ]
      }
    },
    {
      "type": "Feature",
      "properties": {
        "sourceLayer": "TPX_BUILDINGS_SHADOWS_OUTLINES",
        "sourceEntityType": "LWPOLYLINE",
        "sourceHandle": "AFA",
        "contextKind": "building_shadow",
        "sourceSceneVersionId": "scv-b67f98b3-a52e-4ff8-b837-45864ccd9201",
        "provenance": "topoexport_dxf_2d"
      },
      "geometry": {
        "type": "Polygon",
        "coordinates": [
          [
            [
              237.60457280132687,
              162.58534948155284
            ],
            [
              233.36208107921993,
              158.3428577594459
            ],
            [
              234.76332381222164,
              159.6157306842506
            ],
            [
              236.55210688564694,
              160.2590641193092
            ],
            [
              238.45221188518917,
              160.18394223973155
            ],
            [
              240.17642786953365,
              159.39002315327525
            ],
            [
              241.45949223492062,
              157.9985980205238
            ],
            [
              242.11336186382687,
              156.21949092671275
            ],
            [
              242.02722933742916,
              154.34000484272838
            ],
            [
              241.23392870876705,
              152.6255292110145
            ],
            [
              245.47654870006954,
              156.868149202317
            ],
            [
              246.26985981914913,
              158.58264629170299
            ],
            [
              246.35599329922115,
              160.46212808415294
            ],
            [
              245.70212557766354,
              162.24123184010386
            ],
            [
              244.41906455013668,
              163.63265458866954
            ],
            [
              242.69485238048946,
              164.42657272145152
            ],
            [
              240.79475071880734,
              164.50169507786632
            ],
            [
              239.0059714600793,
              163.8583640269935
            ],
            [
              237.60457280132687,
              162.58534948155284
            ]
          ]
        ]
      }
    },
    {
      "type": "Feature",
      "properties": {
        "sourceLayer": "TPX_BUILDINGS_SHADOWS_OUTLINES",
        "sourceEntityType": "LWPOLYLINE",
        "sourceHandle": "B04",
        "contextKind": "building_shadow",
        "sourceSceneVersionId": "scv-b67f98b3-a52e-4ff8-b837-45864ccd9201",
        "provenance": "topoexport_dxf_2d"
      },
      "geometry": {
        "type": "Polygon",
        "coordinates": [
          [
            [
              242.89768317196285,
              231.8501147441566
            ],
            [
              239.24387839291012,
              228.19630996510386
            ],
            [
              246.5870957658044,
              230.5045279674232
            ],
            [
              249.2372994706384,
              222.06153194233775
            ],
            [
              253.47993233654415,
              226.30416433140635
            ],
            [
              251.66139414760983,
              232.09766904637218
            ],
            [
              243.60563137981808,
              229.5723227672279
            ],
            [
              242.89768317196285,
              231.8501147441566
            ]
          ]
        ]
      }
    },
    {
      "type": "Feature",
      "properties": {
        "sourceLayer": "TPX_BUILDINGS_SHADOWS_OUTLINES",
        "sourceEntityType": "LWPOLYLINE",
        "sourceHandle": "B0D",
        "contextKind": "building_shadow",
        "sourceSceneVersionId": "scv-b67f98b3-a52e-4ff8-b837-45864ccd9201",
        "provenance": "topoexport_dxf_2d"
      },
      "geometry": {
        "type": "Polygon",
        "coordinates": [
          [
            [
              244.32567074749386,
              362.58141700550914
            ],
            [
              240.08304646465695,
              358.3387927226722
            ],
            [
              247.54747822735226,
              360.91247598454356
            ],
            [
              249.14363768551266,
              356.3485893420875
            ],
            [
              253.38627102825558,
              360.5912226848304
            ],
            [
              251.79012206051266,
              365.15510741993785
            ],
            [
              244.32567074749386,
              362.58141700550914
            ]
          ]
        ]
      }
    },
    {
      "type": "Feature",
      "properties": {
        "sourceLayer": "TPX_BUILDINGS_SHADOWS_OUTLINES",
        "sourceEntityType": "LWPOLYLINE",
        "sourceHandle": "B16",
        "contextKind": "building_shadow",
        "sourceSceneVersionId": "scv-b67f98b3-a52e-4ff8-b837-45864ccd9201",
        "provenance": "topoexport_dxf_2d"
      },
      "geometry": {
        "type": "Polygon",
        "coordinates": [
          [
            [
              247.07203247997677,
              236.3125170879066
            ],
            [
              242.82940724346554,
              232.06989185139537
            ],
            [
              272.06985810253536,
              241.23628227040172
            ],
            [
              272.8461041733972,
              238.73873607441783
            ],
            [
              277.0887375161401,
              242.9813689403236
            ],
            [
              276.31250193569576,
              245.47891322895885
            ],
            [
              247.07203247997677,
              236.3125170879066
            ]
          ]
        ]
      }
    },
    {
      "type": "Feature",
      "properties": {
        "sourceLayer": "TPX_BUILDINGS_SHADOWS_OUTLINES",
        "sourceEntityType": "LWPOLYLINE",
        "sourceHandle": "B20",
        "contextKind": "building_shadow",
        "sourceSceneVersionId": "scv-b67f98b3-a52e-4ff8-b837-45864ccd9201",
        "provenance": "topoexport_dxf_2d"
      },
      "geometry": {
        "type": "Polygon",
        "coordinates": [
          [
            [
              249.46400311443722,
              333.36871902272105
            ],
            [
              245.22137930843746,
              329.1260952167213
            ],
            [
              248.7326903626672,
              330.3795041255653
            ],
            [
              251.11572506878292,
              323.66079656407237
            ],
            [
              255.35835841152584,
              327.90342942997813
            ],
            [
              253.66526940319454,
              332.676929872483
            ],
            [
              252.88278010342037,
              334.58909694477916
            ],
            [
              249.46400311443722,
              333.36871902272105
            ]
          ]
        ]
      }
    },
    {
      "type": "Feature",
      "properties": {
        "sourceLayer": "TPX_BUILDINGS_SHADOWS_OUTLINES",
        "sourceEntityType": "LWPOLYLINE",
        "sourceHandle": "B35",
        "contextKind": "building_shadow",
        "sourceSceneVersionId": "scv-b67f98b3-a52e-4ff8-b837-45864ccd9201",
        "provenance": "topoexport_dxf_2d"
      },
      "geometry": {
        "type": "Polygon",
        "coordinates": [
          [
            [
              251.611945657467,
              208.69105045124888
            ],
            [
              247.3693256661645,
              204.44842998310924
            ],
            [
              253.38654950115597,
              207.08671705052257
            ],
            [
              259.94806054088986,
              207.22719518467784
            ],
            [
              266.0817432687036,
              204.85763685032725
            ],
            [
              270.82609751675045,
              200.35277454182506
            ],
            [
              273.47335198376095,
              194.37507573887706
            ],
            [
              273.6136784836999,
              187.85268775746226
            ],
            [
              271.2348590180627,
              181.76950685307384
            ],
            [
              266.70067313167965,
              177.05496207997203
            ],
            [
              270.94295886013424,
              181.29724828526378
            ],
            [
              275.477490453457,
              186.0121511630714
            ],
            [
              277.8563089654199,
              192.09532825276256
            ],
            [
              277.7159838959924,
              198.61771241948009
            ],
            [
              275.06873133633053,
              204.59540788456798
            ],
            [
              270.32438042614376,
              209.10026828572154
            ],
            [
              264.1907015130273,
              211.4698256663978
            ],
            [
              257.6291942879907,
              211.32934848591685
            ],
            [
              251.611945657467,
              208.69105045124888
            ]
          ]
        ]
      }
    },
    {
      "type": "Feature",
      "properties": {
        "sourceLayer": "TPX_BUILDINGS_SHADOWS_OUTLINES",
        "sourceEntityType": "LWPOLYLINE",
        "sourceHandle": "BD6",
        "contextKind": "building_shadow",
        "sourceSceneVersionId": "scv-b67f98b3-a52e-4ff8-b837-45864ccd9201",
        "provenance": "topoexport_dxf_2d"
      },
      "geometry": {
        "type": "Polygon",
        "coordinates": [
          [
            [
              255.86085405456834,
              341.92198507115245
            ],
            [
              251.6182312022429,
              337.679362218827
            ],
            [
              255.60412397491746,
              339.2871002368629
            ],
            [
              259.9359678279143,
              328.7014035396278
            ],
            [
              258.5245245944243,
              328.1320718936622
            ],
            [
              256.7242406855803,
              326.3317879848182
            ],
            [
              260.290052319644,
              328.1932877711952
            ],
            [
              264.23149910080247,
              320.768904607743
            ],
            [
              264.7907165538054,
              321.32812206074595
            ],
            [
              263.1666530619841,
              324.4268864803016
            ],
            [
              269.3158482562285,
              327.5960005931556
            ],
            [
              271.31987466919236,
              323.7511853389442
            ],
            [
              272.33378162491135,
              324.7650922946632
            ],
            [
              271.0161379824858,
              328.3387087993324
            ],
            [
              278.1270874987822,
              330.9230422191322
            ],
            [
              280.3435772906523,
              324.9116658382118
            ],
            [
              284.58621063339524,
              329.15429870411754
            ],
            [
              283.24665536987595,
              332.7873429469764
            ],
            [
              281.70465316879563,
              332.22073690220714
            ],
            [
              280.8195384989958,
              334.60228864476085
            ],
            [
              279.39358463394456,
              334.0840562991798
            ],
            [
              280.5735901843291,
              335.2640623264015
            ],
            [
              277.40478077041917,
              343.79038850590587
            ],
            [
              284.32799282181077,
              346.3302764110267
            ],
            [
              288.61681594955735,
              334.760615747422
            ],
            [
              289.9160756121855,
              336.05987541005015
            ],
            [
              286.1733621608,
              345.8571080379188
            ],
            [
              291.8818959246855,
              347.9975427798927
            ],
            [
              296.0373553286772,
              337.1020883731544
            ],
            [
              296.74728527176194,
              337.8120183162391
            ],
            [
              292.8431157122832,
              347.854956548661
            ],
            [
              295.2943490992766,
              348.79757587239146
            ],
            [
              301.0119170199614,
              334.0899466685951
            ],
            [
              301.55768623459153,
              334.6357158832252
            ],
            [
              300.9318636904936,
              336.3893355540931
            ],
            [
              304.7082027446013,
              337.72044221684337
            ],
            [
              305.9939073573332,
              334.1179851703346
            ],
            [
              305.8367814074736,
              334.0625843219459
            ],
            [
              303.158189202426,
              331.3839921168983
            ],
            [
              306.12849464523606,
              332.40459529682994
            ],
            [
              310.06362285721116,
              321.00034038349986
            ],
            [
              307.104327584384,
              319.99078122898936
            ],
            [
              303.8707193385344,
              329.32670537754893
            ],
            [
              300.7817081462126,
              328.17860976979136
            ],
            [
              298.94962205993943,
              326.34652416035533
            ],
            [
              298.4183806430083,
              327.63409416005015
            ],
            [
              297.94932737457566,
              327.4439100436866
            ],
            [
              299.10212507355027,
              328.59670774266124
            ],
            [
              298.21441068756394,
              331.94536773487926
            ],
            [
              295.2990297328215,
              331.1680359058082
            ],
            [
              291.05640258896165,
              326.9254092387855
            ],
            [
              293.9717673312407,
              327.7027367763221
            ],
            [
              294.85949268448167,
              324.35407535359263
            ],
            [
              291.94410600769334,
              323.5767254047096
            ],
            [
              291.79303636658005,
              324.14655439183116
            ],
            [
              288.89802351105027,
              321.2515415363014
            ],
            [
              294.1757363330107,
              323.39146272465587
            ],
            [
              299.63748111831956,
              310.15386621281505
            ],
            [
              301.16771259414963,
              311.6840981654823
            ],
            [
              296.53905811416917,
              323.9359654597938
            ],
            [
              303.7603553782683,
              326.6199230365455
            ],
            [
              308.59194221603684,
              313.8016733340919
            ],
            [
              311.77534427749924,
              316.98507491871715
            ],
            [
              307.30045404541306,
              331.54367439076304
            ],
            [
              313.3297471057158,
              333.36390821263194
            ],
            [
              318.9743613253813,
              314.97481862828135
            ],
            [
              319.8599409114104,
              315.8603982143104
            ],
            [
              316.3748811732512,
              327.2097887210548
            ],
            [
              320.33919611084275,
              328.4084757976234
            ],
            [
              321.60342350113206,
              324.2864040546119
            ],
            [
              326.2854880343657,
              325.7070326022804
            ],
            [
              328.1485990535002,
              319.5957383327186
            ],
            [
              330.81574239837937,
              322.2628812007606
            ],
            [
              328.5437067996245,
              321.7519482783973
            ],
            [
              326.9241360675078,
              328.85614244267344
            ],
            [
              325.84605732071213,
              328.5290321521461
            ],
            [
              324.58183994400315,
              332.6511067561805
            ],
            [
              320.61753120529465,
              331.4524325542152
            ],
            [
              319.73294487106614,
              330.5678462199867
            ],
            [
              317.71011581528,
              337.15785447880626
            ],
            [
              313.48136701690964,
              335.9178136996925
            ],
            [
              313.35807266342454,
              336.33425084874034
            ],
            [
              311.5431040774565,
              335.7863177470863
            ],
            [
              310.89264574158005,
              335.1358594112098
            ],
            [
              310.37113847839646,
              336.6472267322242
            ],
            [
              307.55578889953904,
              335.67986623570323
            ],
            [
              310.23654070007615,
              338.36061803624034
            ],
            [
              308.9508465777617,
              341.96307365223765
            ],
            [
              306.4421853076201,
              341.07880536839366
            ],
            [
              308.1103710185271,
              342.7469906024635
            ],
            [
              307.7373374949675,
              344.00146667286754
            ],
            [
              310.32281818496995,
              346.5869468860328
            ],
            [
              308.7897800456267,
              351.7653531245887
            ],
            [
              316.9283193598967,
              354.140854280442
            ],
            [
              321.6198886882048,
              338.3043750934303
            ],
            [
              325.8625215541106,
              342.54700795933604
            ],
            [
              324.79085149872117,
              346.16445676609874
            ],
            [
              320.7944263468962,
              345.0359739474952
            ],
            [
              318.13215580093674,
              354.34126703068614
            ],
            [
              322.7039312373381,
              355.62911788746715
            ],
            [
              325.3551525126677,
              346.32381669804454
            ],
            [
              326.147953415988,
              347.11661760136485
            ],
            [
              323.6204113017302,
              355.9507955722511
            ],
            [
              332.39953651535325,
              358.4265526942909
            ],
            [
              336.0264333735686,
              346.1154054813087
            ],
            [
              332.2502745639067,
              344.6184524707496
            ],
            [
              333.226828957675,
              340.87192575260997
            ],
            [
              328.3348363887053,
              339.4731377772987
            ],
            [
              328.3050250064116,
              339.57729713246226
            ],
            [
              325.1901420603972,
              336.4624137096107
            ],
            [
              334.135493184207,
              338.47403613850474
            ],
            [
              337.4890765200835,
              323.7635921649635
            ],
            [
              338.4505805026274,
              324.72509614750743
            ],
            [
              338.4505805026274,
              324.88760320469737
            ],
            [
              334.728465462802,
              341.44857017323375
            ],
            [
              338.4505805026274,
              342.271168153733
            ],
            [
              338.4505805026274,
              345.17067758366466
            ],
            [
              335.30562677490525,
              342.0257238559425
            ],
            [
              334.1122654925566,
              341.7573618106544
            ],
            [
              337.4694618235808,
              345.1145581416786
            ],
            [
              336.9641603480559,
              347.05313197895885
            ],
            [
              338.4505805026274,
              348.5395521335304
            ],
            [
              338.4505805026274,
              348.54355661198497
            ],
            [
              336.39975109207444,
              348.01732103154063
            ],
            [
              333.636499787448,
              358.63806001469493
            ],
            [
              337.40225496399216,
              359.6043504886329
            ],
            [
              338.4505805026274,
              355.57504073902965
            ],
            [
              338.4505805026274,
              363.0273303203285
            ],
            [
              337.87914981949143,
              362.88070337101817
            ],
            [
              336.87553300964646,
              361.8770865611732
            ],
            [
              336.6421798716765,
              362.66918412968516
            ],
            [
              327.8630618106108,
              360.1934389285743
            ],
            [
              327.0784634600859,
              359.4088405780494
            ],
            [
              326.94657459366135,
              359.8717488460243
            ],
            [
              322.37480630981736,
              358.58391086384654
            ],
            [
              321.4002880107146,
              357.60939256474376
            ],
            [
              321.1709631930571,
              358.3834857158363
            ],
            [
              313.0324305545073,
              356.00799648091197
            ],
            [
              310.22808923828416,
              353.203655641526
            ],
            [
              309.86392297851853,
              354.4343923740089
            ],
            [
              301.50453844177537,
              351.99230758473277
            ],
            [
              300.38109722244553,
              350.86886636540294
            ],
            [
              299.53699340927415,
              353.04020730778575
            ],
            [
              297.08576574432664,
              352.09760085865855
            ],
            [
              296.4292911540251,
              351.44112626835704
            ],
            [
              296.1245402346831,
              352.2401737384498
            ],
            [
              290.4159854899626,
              350.09973184391856
            ],
            [
              289.1976655970793,
              348.8814114741981
            ],
            [
              288.5706371318083,
              350.57290736958385
            ],
            [
              281.6474308024626,
              348.03303233906627
            ],
            [
              279.7248944293242,
              346.110496442765
            ],
            [
              279.10706749069504,
              347.73151866719127
            ],
            [
              270.8251689921599,
              345.15685884281993
            ],
            [
              268.5330480586272,
              342.8647379092872
            ],
            [
              267.72131052124314,
              344.9541701488197
            ],
            [
              262.53177728760056,
              342.9580601863563
            ],
            [
              260.7924608241301,
              341.21874372288585
            ],
            [
              259.846768284915,
              343.5297316722572
            ],
            [
              255.86085405456834,
              341.92198507115245
            ]
          ]
        ]
      }
    },
    {
      "type": "Feature",
      "properties": {
        "sourceLayer": "TPX_BUILDINGS_SHADOWS_OUTLINES",
        "sourceEntityType": "LWPOLYLINE",
        "sourceHandle": "BEA",
        "contextKind": "building_shadow",
        "sourceSceneVersionId": "scv-b67f98b3-a52e-4ff8-b837-45864ccd9201",
        "provenance": "topoexport_dxf_2d"
      },
      "geometry": {
        "type": "Polygon",
        "coordinates": [
          [
            [
              258.2891272555571,
              338.71541587635875
            ],
            [
              263.47866668808274,
              340.71153919026256
            ],
            [
              266.41503038513474,
              333.15329686924815
            ],
            [
              268.61337413894944,
              335.3516401462257
            ],
            [
              266.58251896011643,
              340.91421500965953
            ],
            [
              274.86442365753464,
              343.48888770863414
            ],
            [
              278.70962038147263,
              333.400092523545
            ],
            [
              274.74681177246384,
              332.0693768672645
            ],
            [
              273.8865918170195,
              331.2091569118202
            ],
            [
              273.63314380752854,
              331.6954106502235
            ],
            [
              272.6213249217253,
              331.3556446246803
            ],
            [
              267.4093026171904,
              328.6695317439735
            ],
            [
              266.8363527308684,
              328.0965818576515
            ],
            [
              264.5363120089751,
              332.42911092564464
            ],
            [
              264.47264757263474,
              332.40457097813487
            ],
            [
              262.72874965774827,
              331.49418441578746
            ],
            [
              263.11633100616746,
              331.88176576420665
            ],
            [
              261.236540223239,
              331.15718261525035
            ],
            [
              258.2891272555571,
              338.71541587635875
            ]
          ]
        ]
      }
    },
    {
      "type": "Feature",
      "properties": {
        "sourceLayer": "TPX_BUILDINGS_SHADOWS_OUTLINES",
        "sourceEntityType": "LWPOLYLINE",
        "sourceHandle": "BF2",
        "contextKind": "building_shadow",
        "sourceSceneVersionId": "scv-b67f98b3-a52e-4ff8-b837-45864ccd9201",
        "provenance": "topoexport_dxf_2d"
      },
      "geometry": {
        "type": "Polygon",
        "coordinates": [
          [
            [
              297.26188793289475,
              347.74966422840953
            ],
            [
              305.6212796221953,
              350.19176141545177
            ],
            [
              307.5178884516936,
              343.7820176295936
            ],
            [
              302.7142786036711,
              342.38333551213145
            ],
            [
              303.86773767578416,
              338.5043582133949
            ],
            [
              300.31196394073777,
              337.46092311665416
            ],
            [
              297.26188793289475,
              347.74966422840953
            ]
          ]
        ]
      }
    },
    {
      "type": "Feature",
      "properties": {
        "sourceLayer": "TPX_BUILDINGS_SHADOWS_OUTLINES",
        "sourceEntityType": "LWPOLYLINE",
        "sourceHandle": "C0A",
        "contextKind": "building_shadow",
        "sourceSceneVersionId": "scv-b67f98b3-a52e-4ff8-b837-45864ccd9201",
        "provenance": "topoexport_dxf_2d"
      },
      "geometry": {
        "type": "Polygon",
        "coordinates": [
          [
            [
              256.0799312875024,
              362.031602781266
            ],
            [
              251.83730605099117,
              357.7889770679176
            ],
            [
              258.90448286983883,
              360.00842134281993
            ],
            [
              263.3397608086816,
              346.05102006718516
            ],
            [
              265.13262513134396,
              347.84388391301036
            ],
            [
              264.40943387005245,
              347.5999998264015
            ],
            [
              260.30798771831905,
              359.5125970058143
            ],
            [
              265.078206090664,
              361.1323446445167
            ],
            [
              269.1796627328149,
              349.2086967639625
            ],
            [
              270.34757855389034,
              350.37661258503795
            ],
            [
              266.888276605343,
              362.4500526599586
            ],
            [
              273.88948967907345,
              364.42622081562877
            ],
            [
              277.3726105973474,
              352.2696775607765
            ],
            [
              278.1683354661218,
              353.0654024295509
            ],
            [
              274.04482462856686,
              367.5151709727943
            ],
            [
              271.1309271142236,
              366.692696493119
            ],
            [
              269.4468632027856,
              365.00863210484385
            ],
            [
              269.3208499238244,
              365.374976079911
            ],
            [
              264.5506377503625,
              363.7552413158119
            ],
            [
              263.6051349923364,
              362.80973855778575
            ],
            [
              263.1471262261621,
              364.2510527782142
            ],
            [
              256.0799312875024,
              362.031602781266
            ]
          ]
        ]
      }
    },
    {
      "type": "Feature",
      "properties": {
        "sourceLayer": "TPX_BUILDINGS_SHADOWS_OUTLINES",
        "sourceEntityType": "LWPOLYLINE",
        "sourceHandle": "C13",
        "contextKind": "building_shadow",
        "sourceSceneVersionId": "scv-b67f98b3-a52e-4ff8-b837-45864ccd9201",
        "provenance": "topoexport_dxf_2d"
      },
      "geometry": {
        "type": "Polygon",
        "coordinates": [
          [
            [
              257.39846709225094,
              89.72218028828502
            ],
            [
              253.15583470318234,
              85.47954742237926
            ],
            [
              267.6771302506677,
              80.34513561055064
            ],
            [
              261.76480820629513,
              63.83272926136851
            ],
            [
              266.0074315354577,
              68.07535259053111
            ],
            [
              271.9197674081079,
              84.58776704594493
            ],
            [
              257.39846709225094,
              89.72218028828502
            ]
          ]
        ]
      }
    },
    {
      "type": "Feature",
      "properties": {
        "sourceLayer": "TPX_BUILDINGS_SHADOWS_OUTLINES",
        "sourceEntityType": "LWPOLYLINE",
        "sourceHandle": "C1C",
        "contextKind": "building_shadow",
        "sourceSceneVersionId": "scv-b67f98b3-a52e-4ff8-b837-45864ccd9201",
        "provenance": "topoexport_dxf_2d"
      },
      "geometry": {
        "type": "Polygon",
        "coordinates": [
          [
            [
              257.6857881829492,
              117.44889489933848
            ],
            [
              253.44317057583248,
              113.20627729222178
            ],
            [
              261.19308331463253,
              117.19535629078746
            ],
            [
              264.83577301952755,
              110.17965928837657
            ],
            [
              269.07840636227047,
              114.42229215428233
            ],
            [
              265.4357285783044,
              121.4379882030189
            ],
            [
              257.6857881829492,
              117.44889489933848
            ]
          ]
        ]
      }
    },
    {
      "type": "Feature",
      "properties": {
        "sourceLayer": "TPX_BUILDINGS_SHADOWS_OUTLINES",
        "sourceEntityType": "LWPOLYLINE",
        "sourceHandle": "C25",
        "contextKind": "building_shadow",
        "sourceSceneVersionId": "scv-b67f98b3-a52e-4ff8-b837-45864ccd9201",
        "provenance": "topoexport_dxf_2d"
      },
      "geometry": {
        "type": "Polygon",
        "coordinates": [
          [
            [
              261.4116816804162,
              309.53694335743785
            ],
            [
              257.16906598064816,
              305.29432813450694
            ],
            [
              259.73014786693966,
              306.72347823902965
            ],
            [
              262.73019793484127,
              301.34318105503917
            ],
            [
              266.9728312775842,
              305.5858143977821
            ],
            [
              263.97279313061154,
              310.9661101512611
            ],
            [
              261.4116816804162,
              309.53694335743785
            ]
          ]
        ]
      }
    },
    {
      "type": "Feature",
      "properties": {
        "sourceLayer": "TPX_BUILDINGS_SHADOWS_OUTLINES",
        "sourceEntityType": "LWPOLYLINE",
        "sourceHandle": "C2E",
        "contextKind": "building_shadow",
        "sourceSceneVersionId": "scv-b67f98b3-a52e-4ff8-b837-45864ccd9201",
        "provenance": "topoexport_dxf_2d"
      },
      "geometry": {
        "type": "Polygon",
        "coordinates": [
          [
            [
              261.41844752285397,
              99.80928603932261
            ],
            [
              257.17581513378536,
              95.56665412709117
            ],
            [
              261.9267730996362,
              94.77634183689952
            ],
            [
              261.35649779293453,
              91.30434123799205
            ],
            [
              265.59912636730587,
              95.54696933552623
            ],
            [
              266.169412164425,
              99.01897279545665
            ],
            [
              261.41844752285397,
              99.80928603932261
            ]
          ]
        ]
      }
    },
    {
      "type": "Feature",
      "properties": {
        "sourceLayer": "TPX_BUILDINGS_SHADOWS_OUTLINES",
        "sourceEntityType": "LWPOLYLINE",
        "sourceHandle": "C3F",
        "contextKind": "building_shadow",
        "sourceSceneVersionId": "scv-b67f98b3-a52e-4ff8-b837-45864ccd9201",
        "provenance": "topoexport_dxf_2d"
      },
      "geometry": {
        "type": "Polygon",
        "coordinates": [
          [
            [
              261.8285899445764,
              107.89110557362437
            ],
            [
              257.5859618470422,
              103.64847747609019
            ],
            [
              262.1029868409387,
              104.49404804036021
            ],
            [
              262.82563117000973,
              100.62559739872813
            ],
            [
              266.1475501343957,
              103.94751588627696
            ],
            [
              265.7821083352319,
              103.97881738469005
            ],
            [
              266.14165833446896,
              108.15811149403453
            ],
            [
              271.7428379342309,
              107.68941871449351
            ],
            [
              271.3833012864343,
              103.4990815334022
            ],
            [
              275.6259312913171,
              107.74171106144786
            ],
            [
              275.9854774758569,
              111.93204967305064
            ],
            [
              270.38430932018673,
              112.4007510356605
            ],
            [
              266.40459206554806,
              108.42103425785899
            ],
            [
              266.3456292435876,
              108.73667899891734
            ],
            [
              261.8285899445764,
              107.89110557362437
            ]
          ]
        ]
      }
    },
    {
      "type": "Feature",
      "properties": {
        "sourceLayer": "TPX_BUILDINGS_SHADOWS_OUTLINES",
        "sourceEntityType": "LWPOLYLINE",
        "sourceHandle": "C58",
        "contextKind": "building_shadow",
        "sourceSceneVersionId": "scv-b67f98b3-a52e-4ff8-b837-45864ccd9201",
        "provenance": "topoexport_dxf_2d"
      },
      "geometry": {
        "type": "Polygon",
        "coordinates": [
          [
            [
              267.4953956887475,
              321.30688993260264
            ],
            [
              263.2527804658166,
              317.06427470967174
            ],
            [
              272.3382163331262,
              322.016737382859
            ],
            [
              276.34575655910885,
              314.7472047023475
            ],
            [
              277.044535665249,
              315.4459833316505
            ],
            [
              276.42060854885494,
              316.83673326298594
            ],
            [
              278.6287322327844,
              317.82326118275523
            ],
            [
              283.7458386704675,
              306.43146983906627
            ],
            [
              286.34571221325314,
              309.03134290501475
            ],
            [
              284.2991571709863,
              314.8893427066505
            ],
            [
              287.50133469555294,
              315.99866477772593
            ],
            [
              290.68256094906246,
              306.8929886035621
            ],
            [
              293.61310198757565,
              309.8235296420753
            ],
            [
              289.6185956284753,
              319.5050048045814
            ],
            [
              288.54178193066036,
              319.13196746632457
            ],
            [
              285.5383758828393,
              316.1285618953407
            ],
            [
              282.8713770196191,
              322.0658930949867
            ],
            [
              280.6632290169946,
              321.07935420796275
            ],
            [
              279.87243416759884,
              320.288559358567
            ],
            [
              277.82785418484127,
              323.99736396595836
            ],
            [
              273.23263028118527,
              322.3273286037147
            ],
            [
              272.5857758805505,
              324.081651609391
            ],
            [
              267.4953956887475,
              321.30688993260264
            ]
          ]
        ]
      }
    },
    {
      "type": "Feature",
      "properties": {
        "sourceLayer": "TPX_BUILDINGS_SHADOWS_OUTLINES",
        "sourceEntityType": "LWPOLYLINE",
        "sourceHandle": "C5E",
        "contextKind": "building_shadow",
        "sourceSceneVersionId": "scv-b67f98b3-a52e-4ff8-b837-45864ccd9201",
        "provenance": "topoexport_dxf_2d"
      },
      "geometry": {
        "type": "Polygon",
        "coordinates": [
          [
            [
              287.54451563808834,
              316.8388957194984
            ],
            [
              289.39934876415646,
              317.6813096217811
            ],
            [
              292.44505551311886,
              311.0628856830299
            ],
            [
              290.5902242943994,
              310.22046844288707
            ],
            [
              287.54451563808834,
              316.8388957194984
            ]
          ]
        ]
      }
    },
    {
      "type": "Feature",
      "properties": {
        "sourceLayer": "TPX_BUILDINGS_SHADOWS_OUTLINES",
        "sourceEntityType": "LWPOLYLINE",
        "sourceHandle": "C67",
        "contextKind": "building_shadow",
        "sourceSceneVersionId": "scv-b67f98b3-a52e-4ff8-b837-45864ccd9201",
        "provenance": "topoexport_dxf_2d"
      },
      "geometry": {
        "type": "Polygon",
        "coordinates": [
          [
            [
              273.900839357113,
              313.3658489398658
            ],
            [
              269.65821984264767,
              309.1232294254005
            ],
            [
              276.54733469936764,
              312.43691531941295
            ],
            [
              280.2902550980798,
              304.74697057530284
            ],
            [
              281.36328652355587,
              305.8200020007789
            ],
            [
              277.2541413590661,
              314.9787973575294
            ],
            [
              273.900839357113,
              313.3658489398658
            ]
          ]
        ]
      }
    },
    {
      "type": "Feature",
      "properties": {
        "sourceLayer": "TPX_BUILDINGS_SHADOWS_OUTLINES",
        "sourceEntityType": "LWPOLYLINE",
        "sourceHandle": "CA4",
        "contextKind": "building_shadow",
        "sourceSceneVersionId": "scv-b67f98b3-a52e-4ff8-b837-45864ccd9201",
        "provenance": "topoexport_dxf_2d"
      },
      "geometry": {
        "type": "Polygon",
        "coordinates": [
          [
            [
              279.0763535783044,
              299.2987779788673
            ],
            [
              274.8337302491418,
              295.05615417286754
            ],
            [
              283.446222333645,
              298.2834538631141
            ],
            [
              287.8898916527978,
              286.5481504611671
            ],
            [
              284.87667229626095,
              285.4190115146339
            ],
            [
              281.6647806451074,
              282.2071203403175
            ],
            [
              289.2177353188745,
              284.6482433490455
            ],
            [
              290.8364296242944,
              279.70850698277354
            ],
            [
              292.0543923661462,
              280.92646972462535
            ],
            [
              290.40000727627194,
              284.4285577945411
            ],
            [
              297.0684519097558,
              287.52087585255504
            ],
            [
              299.1504979417077,
              283.09022895619273
            ],
            [
              303.39313128445065,
              287.3328618220985
            ],
            [
              301.31109669659054,
              291.7635077647865
            ],
            [
              294.6426272675744,
              288.67117826268077
            ],
            [
              293.80639269802487,
              287.8349436931312
            ],
            [
              293.52285769436276,
              288.70020715519786
            ],
            [
              289.14836981747067,
              287.2461065463722
            ],
            [
              289.0723414704553,
              287.47265664860606
            ],
            [
              288.6912184045068,
              287.3494767360389
            ],
            [
              289.00753500912106,
              287.66579381749034
            ],
            [
              284.8359289452783,
              300.09814397618175
            ],
            [
              290.7104201600305,
              302.03980342671275
            ],
            [
              295.0228443429223,
              289.1988262347877
            ],
            [
              297.3131051347009,
              291.4890865497291
            ],
            [
              294.98792412731564,
              290.6912154369056
            ],
            [
              292.6823640153161,
              297.31054393574595
            ],
            [
              295.81830122921383,
              298.38662139698863
            ],
            [
              298.12388422939694,
              291.7673167400062
            ],
            [
              301.41980555508053,
              295.06323758885264
            ],
            [
              301.3674364373437,
              295.2424797229469
            ],
            [
              297.98833373043453,
              294.2766613177955
            ],
            [
              295.98063853237545,
              301.205871026963
            ],
            [
              302.926597623562,
              303.193025033921
            ],
            [
              306.13221552822506,
              292.1527222804725
            ],
            [
              308.3182544991723,
              294.33876172825694
            ],
            [
              305.1903400704614,
              303.8700713329017
            ],
            [
              313.1629357621423,
              306.44436971470714
            ],
            [
              319.1720328614465,
              288.0999344997108
            ],
            [
              323.4146662041894,
              292.34256736561656
            ],
            [
              322.30542090389645,
              295.7288512401283
            ],
            [
              318.1257567689172,
              294.73177425190806
            ],
            [
              315.2282214448205,
              306.80058090016246
            ],
            [
              321.6444983765832,
              308.32278434559703
            ],
            [
              324.55306389782345,
              296.26505271717906
            ],
            [
              327.71492102596676,
              299.4269093684852
            ],
            [
              324.5483689591638,
              312.24780551716685
            ],
            [
              319.47087195370113,
              311.04322377964854
            ],
            [
              317.8272819802514,
              309.39963380619884
            ],
            [
              317.4055795953027,
              310.6870011501014
            ],
            [
              309.432990579342,
              308.1127151660621
            ],
            [
              307.5262775704614,
              306.2060021571815
            ],
            [
              307.1692414567224,
              307.43565599247813
            ],
            [
              300.22328904125607,
              305.44851438328624
            ],
            [
              296.4876642510644,
              301.7128905467689
            ],
            [
              294.9530639931909,
              306.28243486210704
            ],
            [
              289.07857897732174,
              304.34078780934215
            ],
            [
              287.00918343517696,
              302.27139226719737
            ],
            [
              279.0763535783044,
              299.2987779788673
            ]
          ]
        ]
      }
    },
    {
      "type": "Feature",
      "properties": {
        "sourceLayer": "TPX_BUILDINGS_SHADOWS_OUTLINES",
        "sourceEntityType": "LWPOLYLINE",
        "sourceHandle": "D06",
        "contextKind": "building_shadow",
        "sourceSceneVersionId": "scv-b67f98b3-a52e-4ff8-b837-45864ccd9201",
        "provenance": "topoexport_dxf_2d"
      },
      "geometry": {
        "type": "Polygon",
        "coordinates": [
          [
            [
              282.99425973999314,
              116.79361621662974
            ],
            [
              278.7516435633879,
              112.55100004002452
            ],
            [
              304.3192605029326,
              126.16822854802012
            ],
            [
              317.12052049743943,
              99.7726582698524
            ],
            [
              321.36315384018235,
              104.01529113575816
            ],
            [
              316.8623503695708,
              113.2957352809608
            ],
            [
              312.60912218200974,
              112.74604265019298
            ],
            [
              311.52772750961594,
              121.03614274784923
            ],
            [
              316.70778122055344,
              121.70562879368663
            ],
            [
              317.78917350876145,
              113.41553632542491
            ],
            [
              319.9104856501799,
              115.53684799000621
            ],
            [
              318.82910289871506,
              123.82693950459361
            ],
            [
              316.1908434878569,
              123.4859675578773
            ],
            [
              318.7519320498686,
              126.04705611988902
            ],
            [
              318.4912370692473,
              126.81522695347667
            ],
            [
              321.9805606852751,
              127.99123994633555
            ],
            [
              324.24200096237473,
              121.32766143605113
            ],
            [
              323.7239507685881,
              121.15304700657725
            ],
            [
              320.84330310928635,
              118.2723993472755
            ],
            [
              326.37509288894944,
              120.3905109576881
            ],
            [
              328.1036542903166,
              115.94838754460216
            ],
            [
              325.3669418345671,
              114.90048972889781
            ],
            [
              323.136611367343,
              112.67015926167369
            ],
            [
              334.00063457596116,
              117.5252389125526
            ],
            [
              335.307585145114,
              114.63033763691783
            ],
            [
              337.1976636897307,
              116.52041570469737
            ],
            [
              336.4965886126738,
              118.02570239827037
            ],
            [
              338.4505805026274,
              118.91963140293956
            ],
            [
              338.4505805026274,
              121.02531091496348
            ],
            [
              328.9531964312773,
              116.82273999974132
            ],
            [
              327.3250402461272,
              120.45798198506236
            ],
            [
              337.57084121811204,
              124.99172679707408
            ],
            [
              338.4505805026274,
              123.02754632756114
            ],
            [
              338.4505805026274,
              126.30050555989146
            ],
            [
              334.4007634173613,
              124.75577823445201
            ],
            [
              334.0032571803313,
              125.77834932133555
            ],
            [
              332.76576128113084,
              125.23076001927257
            ],
            [
              333.8101428996306,
              126.27514163777232
            ],
            [
              332.6611145983916,
              129.2310585193336
            ],
            [
              338.4505805026274,
              131.43514243885875
            ],
            [
              338.4505805026274,
              134.06258193776011
            ],
            [
              336.90376463043503,
              133.47370282933116
            ],
            [
              332.76584663498215,
              129.33578531071544
            ],
            [
              331.1034468661528,
              133.9539703540504
            ],
            [
              329.3421882640105,
              133.40595857426524
            ],
            [
              329.2276014338713,
              133.77001325413585
            ],
            [
              327.849577332614,
              133.2782234363258
            ],
            [
              329.01545181381516,
              134.44409791752696
            ],
            [
              327.2797163974028,
              139.9592274837196
            ],
            [
              333.9493979464751,
              142.02343694493175
            ],
            [
              336.0118540774565,
              135.48122779652476
            ],
            [
              336.480219746707,
              135.94959346577525
            ],
            [
              334.2590512286406,
              141.7474340610206
            ],
            [
              338.4505805026274,
              143.3394021205604
            ],
            [
              338.4505805026274,
              144.28711454197764
            ],
            [
              334.7545928012114,
              143.0414513759315
            ],
            [
              333.87886419403367,
              145.59416047856212
            ],
            [
              338.4505805026274,
              147.14137307927012
            ],
            [
              338.4505805026274,
              147.7291511707008
            ],
            [
              335.51241293060593,
              146.73478023335338
            ],
            [
              332.4971751223784,
              155.60850135609508
            ],
            [
              337.7311610232573,
              157.37251273915172
            ],
            [
              338.4505805026274,
              155.26564065739512
            ],
            [
              338.4505805026274,
              156.46061174198985
            ],
            [
              337.80779876816086,
              157.96959249302745
            ],
            [
              338.4505805026274,
              158.23966590687633
            ],
            [
              338.4505805026274,
              160.42771760746837
            ],
            [
              336.73982515442185,
              159.85114518925548
            ],
            [
              333.1361912738066,
              156.24751130864024
            ],
            [
              328.53810920822434,
              154.89972631260753
            ],
            [
              326.43822803604417,
              152.79984514042735
            ],
            [
              325.6649774562102,
              155.7586111240089
            ],
            [
              318.02309885132127,
              153.7816971950233
            ],
            [
              313.78047218429856,
              149.5390705280006
            ],
            [
              321.42233409988694,
              151.5159796886146
            ],
            [
              323.7416385661345,
              142.641436021775
            ],
            [
              318.7249306689482,
              141.34362308308482
            ],
            [
              316.71995391952805,
              139.33864633366466
            ],
            [
              324.140592957614,
              141.55850498005748
            ],
            [
              326.935279751895,
              132.36392633244395
            ],
            [
              324.0663703929167,
              131.50695649906993
            ],
            [
              322.7338875781279,
              131.05787126347423
            ],
            [
              319.2918128024321,
              127.61579696461558
            ],
            [
              318.7510389338713,
              132.62968580052257
            ],
            [
              317.9334043513518,
              135.33040849491954
            ],
            [
              313.5717529307585,
              134.8610018901527
            ],
            [
              309.32912387955,
              130.61837236210704
            ],
            [
              314.21107139694504,
              131.14377395436168
            ],
            [
              315.14934578048997,
              122.44447032734752
            ],
            [
              312.66911926376633,
              122.17752591893077
            ],
            [
              312.59219207870774,
              122.10059921070933
            ],
            [
              312.560551072238,
              122.16584245488048
            ],
            [
              310.26737871277146,
              121.91904775425792
            ],
            [
              309.5772975932341,
              128.3171695880592
            ],
            [
              308.56190576660447,
              130.4108599834144
            ],
            [
              282.99425973999314,
              116.79361621662974
            ]
          ]
        ]
      }
    },
    {
      "type": "Feature",
      "properties": {
        "sourceLayer": "TPX_BUILDINGS_SHADOWS_OUTLINES",
        "sourceEntityType": "LWPOLYLINE",
        "sourceHandle": "D0C",
        "contextKind": "building_shadow",
        "sourceSceneVersionId": "scv-b67f98b3-a52e-4ff8-b837-45864ccd9201",
        "provenance": "topoexport_dxf_2d"
      },
      "geometry": {
        "type": "Polygon",
        "coordinates": [
          [
            [
              322.51001348602585,
              128.64411203190684
            ],
            [
              326.7059349070769,
              130.14156572148204
            ],
            [
              329.6097454081755,
              122.0747446231544
            ],
            [
              325.4138258944731,
              120.57728664204478
            ],
            [
              322.51001348602585,
              128.64411203190684
            ]
          ]
        ]
      }
    },
    {
      "type": "Feature",
      "properties": {
        "sourceLayer": "TPX_BUILDINGS_SHADOWS_OUTLINES",
        "sourceEntityType": "LWPOLYLINE",
        "sourceHandle": "D15",
        "contextKind": "building_shadow",
        "sourceSceneVersionId": "scv-b67f98b3-a52e-4ff8-b837-45864ccd9201",
        "provenance": "topoexport_dxf_2d"
      },
      "geometry": {
        "type": "Polygon",
        "coordinates": [
          [
            [
              324.2954591761809,
              150.65708247944713
            ],
            [
              331.26342573272996,
              152.69953672215343
            ],
            [
              333.9030784617644,
              143.8253730945289
            ],
            [
              330.0025257121306,
              142.6820305995643
            ],
            [
              329.4877485285979,
              142.1672534160316
            ],
            [
              329.38619413482957,
              142.50137178227305
            ],
            [
              326.93511476623826,
              141.78291408345103
            ],
            [
              324.2954591761809,
              150.65708247944713
            ]
          ]
        ]
      }
    },
    {
      "type": "Feature",
      "properties": {
        "sourceLayer": "TPX_BUILDINGS_SHADOWS_OUTLINES",
        "sourceEntityType": "LWPOLYLINE",
        "sourceHandle": "D1C",
        "contextKind": "building_shadow",
        "sourceSceneVersionId": "scv-b67f98b3-a52e-4ff8-b837-45864ccd9201",
        "provenance": "topoexport_dxf_2d"
      },
      "geometry": {
        "type": "Polygon",
        "coordinates": [
          [
            [
              338.33701028930955,
              115.26149932667613
            ],
            [
              336.43585624801926,
              113.36034528538585
            ],
            [
              338.4505805026274,
              114.17277328297496
            ],
            [
              338.4505805026274,
              115.31329957768321
            ],
            [
              338.33701028930955,
              115.26149932667613
            ]
          ]
        ]
      }
    },
    {
      "type": "Feature",
      "properties": {
        "sourceLayer": "TPX_BUILDINGS_SHADOWS_OUTLINES",
        "sourceEntityType": "LWPOLYLINE",
        "sourceHandle": "D41",
        "contextKind": "building_shadow",
        "sourceSceneVersionId": "scv-b67f98b3-a52e-4ff8-b837-45864ccd9201",
        "provenance": "topoexport_dxf_2d"
      },
      "geometry": {
        "type": "Polygon",
        "coordinates": [
          [
            [
              288.8461756989709,
              276.8573559932411
            ],
            [
              284.60354950878536,
              272.6147298030555
            ],
            [
              289.0537410065881,
              273.93558732792735
            ],
            [
              291.02783396694576,
              267.3932742290199
            ],
            [
              291.7587189957849,
              268.124159257859
            ],
            [
              290.63588335964596,
              271.84803096577525
            ],
            [
              295.85908368084347,
              273.4019841365516
            ],
            [
              297.3119335458032,
              268.5836571864784
            ],
            [
              292.5566568658105,
              267.1689089946449
            ],
            [
              289.63970854732906,
              264.25196067616343
            ],
            [
              296.03332140896237,
              266.22738544270396
            ],
            [
              298.77227261516964,
              257.4638933353126
            ],
            [
              303.0149054810754,
              261.7065257243812
            ],
            [
              302.9948163316003,
              261.7708024196327
            ],
            [
              301.13143303844845,
              261.50182000920177
            ],
            [
              299.85049441311276,
              270.3385590724647
            ],
            [
              298.71645310375607,
              269.9881762675941
            ],
            [
              299.7593345925561,
              271.031057279557
            ],
            [
              309.08308651897823,
              272.3785351924598
            ],
            [
              310.47525933239376,
              262.8506340198219
            ],
            [
              314.7178912446252,
              267.09326545521617
            ],
            [
              313.32572892162716,
              276.62116615101695
            ],
            [
              312.2006397530786,
              276.4585670642555
            ],
            [
              313.1811495110742,
              277.4390768222511
            ],
            [
              312.06740096065914,
              285.07687417790294
            ],
            [
              301.7958097741357,
              283.6053685359657
            ],
            [
              297.55318119976437,
              279.3627394847572
            ],
            [
              307.8247590348474,
              280.83424369618297
            ],
            [
              308.93851759884274,
              273.19644491001964
            ],
            [
              298.66693404171383,
              271.71386520192027
            ],
            [
              297.8987698838464,
              276.9892181567848
            ],
            [
              294.8785333916894,
              276.0906743220985
            ],
            [
              294.14701130840695,
              275.359152238816
            ],
            [
              293.29638436291134,
              278.1782182864845
            ],
            [
              288.8461756989709,
              276.8573559932411
            ]
          ]
        ]
      }
    },
    {
      "type": "Feature",
      "properties": {
        "sourceLayer": "TPX_BUILDINGS_SHADOWS_OUTLINES",
        "sourceEntityType": "LWPOLYLINE",
        "sourceHandle": "D4E",
        "contextKind": "building_shadow",
        "sourceSceneVersionId": "scv-b67f98b3-a52e-4ff8-b837-45864ccd9201",
        "provenance": "topoexport_dxf_2d"
      },
      "geometry": {
        "type": "Polygon",
        "coordinates": [
          [
            [
              292.6875195786706,
              65.8518704585731
            ],
            [
              288.4449000642053,
              61.60925142094493
            ],
            [
              294.4065857217065,
              64.4906815700233
            ],
            [
              295.8701954171411,
              61.438311975449324
            ],
            [
              299.2358074471704,
              62.91554109379649
            ],
            [
              300.64257243130123,
              59.68910447880626
            ],
            [
              304.88520577404415,
              63.93173734471202
            ],
            [
              303.47845175716793,
              67.15817300602794
            ],
            [
              300.1128311440698,
              65.68093959614635
            ],
            [
              298.6492305085412,
              68.73331348225474
            ],
            [
              292.6875195786706,
              65.8518704585731
            ]
          ]
        ]
      }
    },
    {
      "type": "Feature",
      "properties": {
        "sourceLayer": "TPX_BUILDINGS_SHADOWS_OUTLINES",
        "sourceEntityType": "LWPOLYLINE",
        "sourceHandle": "E12",
        "contextKind": "building_shadow",
        "sourceSceneVersionId": "scv-b67f98b3-a52e-4ff8-b837-45864ccd9201",
        "provenance": "topoexport_dxf_2d"
      },
      "geometry": {
        "type": "Polygon",
        "coordinates": [
          [
            [
              298.71904006111436,
              251.36482803151011
            ],
            [
              294.47641244041733,
              247.1222004108131
            ],
            [
              297.92204966652207,
              247.866994779557
            ],
            [
              299.91033139335923,
              238.68251268193126
            ],
            [
              298.2439953337889,
              238.32765476033092
            ],
            [
              298.121355677722,
              238.20501510426402
            ],
            [
              307.99461569893174,
              240.20669309422374
            ],
            [
              308.87239709007554,
              235.92938606068492
            ],
            [
              301.9083968650084,
              234.52530519291759
            ],
            [
              299.5094152938109,
              232.12632362172008
            ],
            [
              309.1174108039122,
              234.24929229542613
            ],
            [
              310.5278350363951,
              227.94952194020152
            ],
            [
              304.0278636466246,
              226.5223936252296
            ],
            [
              301.1433698188048,
              223.63789979740977
            ],
            [
              308.8288742552977,
              226.07917730137706
            ],
            [
              310.80248990166,
              219.9348496608436
            ],
            [
              303.7115270148497,
              217.68240968510509
            ],
            [
              300.82249846565537,
              214.79338113591075
            ],
            [
              304.3338428984862,
              216.01362220570445
            ],
            [
              306.14055028068833,
              210.88617173954844
            ],
            [
              304.73212208854966,
              210.3982366733253
            ],
            [
              303.2155963431578,
              208.88171092793345
            ],
            [
              315.35221209633164,
              211.8810452632606
            ],
            [
              321.6214186202269,
              197.73788396641612
            ],
            [
              319.839129115222,
              197.26614038273692
            ],
            [
              318.42039122688584,
              195.84740249440074
            ],
            [
              312.40782036888413,
              193.9495062045753
            ],
            [
              308.1651951323729,
              189.70688096806407
            ],
            [
              315.05565753090195,
              191.8818883113563
            ],
            [
              317.7389222632628,
              183.49420491978526
            ],
            [
              319.2365938674193,
              184.9918760471046
            ],
            [
              318.2978354941588,
              187.253638189286
            ],
            [
              323.5534154425841,
              189.41564075276256
            ],
            [
              325.8577023993712,
              183.8797401599586
            ],
            [
              327.62367835151963,
              185.64571563526988
            ],
            [
              326.3269816886168,
              188.7003640346229
            ],
            [
              329.21971335518174,
              189.91986457630992
            ],
            [
              332.23280873405747,
              182.848138730973
            ],
            [
              329.3290044318419,
              181.6285981349647
            ],
            [
              328.87839188682847,
              182.69005576893687
            ],
            [
              326.4736701499205,
              181.68394891545177
            ],
            [
              324.6647969733458,
              179.87507573887706
            ],
            [
              322.12738003837876,
              179.2161316089332
            ],
            [
              325.47842707741074,
              182.56717817112803
            ],
            [
              325.0669628630858,
              183.55677692219615
            ],
            [
              320.5910378943663,
              181.728753965348
            ],
            [
              319.6315347205382,
              184.04037753865123
            ],
            [
              318.2528802405577,
              183.47615997120738
            ],
            [
              314.01025786506943,
              179.2335375957191
            ],
            [
              319.8620749961119,
              181.62840835377574
            ],
            [
              321.2357937346678,
              178.32454578205943
            ],
            [
              315.38396420585923,
              175.91859332844615
            ],
            [
              314.81438603508286,
              177.2930120639503
            ],
            [
              310.60417904960923,
              173.0828046016395
            ],
            [
              322.0227996360045,
              176.0481185130775
            ],
            [
              323.08810773002915,
              171.9921373538673
            ],
            [
              322.836687708972,
              171.92707244679332
            ],
            [
              321.4115697394591,
              170.50195447728038
            ],
            [
              316.8226324568968,
              169.31278363987803
            ],
            [
              312.58000531303696,
              165.07015697285533
            ],
            [
              317.98010172951035,
              166.46953050419688
            ],
            [
              320.25498356926255,
              157.79392663761973
            ],
            [
              321.41715111839585,
              158.95609418675303
            ],
            [
              319.01652445900254,
              168.10691682621837
            ],
            [
              324.7589828025084,
              169.5951542071998
            ],
            [
              327.2779404174071,
              160.03542701527476
            ],
            [
              331.52057328331284,
              164.27805940434337
            ],
            [
              329.00162615883164,
              173.83778516575694
            ],
            [
              323.51072182762437,
              172.41475097462535
            ],
            [
              325.1799780379515,
              174.08400670811534
            ],
            [
              323.88161482918076,
              173.54078761860728
            ],
            [
              322.2310477744322,
              177.44132653996348
            ],
            [
              327.7957331191283,
              179.76952401921153
            ],
            [
              329.4463254462462,
              175.86901084706187
            ],
            [
              333.6889587889891,
              180.11164371296763
            ],
            [
              332.44230332481675,
              183.05763332173228
            ],
            [
              332.9071761618834,
              183.52250568196177
            ],
            [
              332.42956795799546,
              184.6061567477882
            ],
            [
              338.450580741046,
              187.22443572804332
            ],
            [
              338.450580741046,
              188.2148689441383
            ],
            [
              333.3004948149901,
              186.0664462260902
            ],
            [
              332.2037941466551,
              188.65205709263682
            ],
            [
              330.77476229774766,
              192.03323928639293
            ],
            [
              330.4424292098265,
              192.81581155583262
            ],
            [
              328.821448470233,
              191.19483081623912
            ],
            [
              327.79605975258164,
              193.65827218815684
            ],
            [
              323.09859767067246,
              191.72586385533214
            ],
            [
              327.15283360588364,
              195.78009979054332
            ],
            [
              325.468927527545,
              199.83534375950694
            ],
            [
              322.50164904701523,
              198.6181139163673
            ],
            [
              325.864052439807,
              201.98051730915904
            ],
            [
              325.14957537758164,
              203.59235946461558
            ],
            [
              322.94111123192124,
              202.69215385243297
            ],
            [
              319.3073126326781,
              211.5209173373878
            ],
            [
              323.41467108833604,
              213.18409292027354
            ],
            [
              327.6978208075743,
              215.6434358768165
            ],
            [
              331.81842913734727,
              206.17405549809337
            ],
            [
              336.0610624800902,
              210.41668836399913
            ],
            [
              335.2814628134947,
              212.2082542590797
            ],
            [
              331.5480214606505,
              210.61789552494884
            ],
            [
              328.8120252143126,
              216.9050282649696
            ],
            [
              321.61877455818467,
              213.8323735408485
            ],
            [
              320.9201785575133,
              213.1337775401771
            ],
            [
              320.7710300933104,
              213.47025338932872
            ],
            [
              320.299439574359,
              213.26880924031138
            ],
            [
              319.1149150382262,
              216.00506822392344
            ],
            [
              314.7419053565245,
              214.92436162754893
            ],
            [
              316.4349428664427,
              216.61739913746715
            ],
            [
              315.03454270469956,
              221.29726831242442
            ],
            [
              314.74816336738877,
              222.0489696674049
            ],
            [
              312.1478568564635,
              221.28021613880992
            ],
            [
              314.2428857337218,
              223.37524501606822
            ],
            [
              312.0951687346678,
              229.012671392411
            ],
            [
              317.792669917224,
              231.1531113795936
            ],
            [
              321.42734923469834,
              221.58365670964122
            ],
            [
              323.6738678466063,
              223.83017532154918
            ],
            [
              320.8306571494322,
              231.0019406490028
            ],
            [
              326.1195146094542,
              233.07556287571788
            ],
            [
              329.90883078682236,
              223.51734630391002
            ],
            [
              324.6199766646605,
              221.44372073933482
            ],
            [
              324.18406739342026,
              222.5432380847633
            ],
            [
              322.6479031096678,
              221.8870529346168
            ],
            [
              318.40528168785386,
              217.64443151280284
            ],
            [
              326.91785397636704,
              221.2806452922523
            ],
            [
              330.93676915275864,
              222.99897758290172
            ],
            [
              335.5559059630614,
              212.32517663761973
            ],
            [
              338.450580741046,
              215.21985046193004
            ],
            [
              338.450580741046,
              219.68265001103282
            ],
            [
              335.17941393959336,
              227.241609018296
            ],
            [
              332.47812905418687,
              226.08664409443736
            ],
            [
              334.1514641295653,
              227.75997916981578
            ],
            [
              330.36215891945176,
              237.318193834275
            ],
            [
              325.0733071814757,
              235.24458495900035
            ],
            [
              322.91318431007676,
              233.08446208760142
            ],
            [
              322.19384446251206,
              234.97835866734385
            ],
            [
              325.42327275383286,
              238.20778695866466
            ],
            [
              324.2259017478209,
              241.85456888005137
            ],
            [
              315.35889258491807,
              238.99178449437022
            ],
            [
              313.63425936806016,
              237.2671512775123
            ],
            [
              313.3600536833983,
              238.49192325398326
            ],
            [
              310.88891568291,
              237.94590417668223
            ],
            [
              312.92828335869126,
              239.98527137562633
            ],
            [
              309.48760619270615,
              238.78233329579234
            ],
            [
              307.9122826110106,
              244.42967740818858
            ],
            [
              317.11017146217637,
              247.71294490620494
            ],
            [
              319.5137483130675,
              242.28771440312266
            ],
            [
              323.0492750655394,
              245.82324067875743
            ],
            [
              320.6457087050658,
              251.24846975132823
            ],
            [
              315.36363520729356,
              249.36298648640513
            ],
            [
              317.40983023750596,
              251.40918151661754
            ],
            [
              316.4287172805052,
              254.4592808894813
            ],
            [
              316.2184931288939,
              254.40024320408702
            ],
            [
              314.79857268440537,
              259.3954977206886
            ],
            [
              318.7519413481932,
              260.50573102757335
            ],
            [
              320.17185940849595,
              255.51048175618052
            ],
            [
              321.1427761565428,
              256.4813985042274
            ],
            [
              319.1926142226439,
              261.5012072734535
            ],
            [
              322.3946830283385,
              262.7210988216102
            ],
            [
              329.563795710681,
              244.26749078556895
            ],
            [
              333.8064290534239,
              248.51012412831187
            ],
            [
              330.8449965964537,
              256.1329902820289
            ],
            [
              331.44001832115464,
              256.7280115298927
            ],
            [
              330.9189440261107,
              256.5624350719154
            ],
            [
              328.09163727867417,
              265.3147734813392
            ],
            [
              330.88537755119614,
              266.2025226764381
            ],
            [
              333.71268239128403,
              257.450189512223
            ],
            [
              334.7219940673094,
              258.4595011882484
            ],
            [
              332.53254857170396,
              265.16528360173106
            ],
            [
              338.450580741046,
              267.066044729203
            ],
            [
              338.450580741046,
              269.94602624699473
            ],
            [
              336.7751986037474,
              269.40792743489146
            ],
            [
              335.7834478865843,
              268.4161767177284
            ],
            [
              335.12802138435654,
              270.4451541118324
            ],
            [
              332.3342873107176,
              269.5574173144996
            ],
            [
              330.68974652397446,
              267.91287652775645
            ],
            [
              328.04015126335435,
              267.042785089463
            ],
            [
              327.0077106009703,
              266.01034442707896
            ],
            [
              326.6373268614989,
              266.96372978016734
            ],
            [
              323.43526425468735,
              265.74385158345103
            ],
            [
              322.223126078723,
              264.5317134074867
            ],
            [
              319.04122271644883,
              263.638141553849
            ],
            [
              318.4296905051451,
              263.02660934254527
            ],
            [
              318.0244242202025,
              264.0680832080543
            ],
            [
              314.7009150038939,
              262.7927841357887
            ],
            [
              312.17876591789536,
              260.27063504979014
            ],
            [
              308.92777457344346,
              259.2372044734657
            ],
            [
              304.68514886009507,
              254.9945787601173
            ],
            [
              310.09591784584336,
              256.7145632915199
            ],
            [
              313.1671973716002,
              247.16654912754893
            ],
            [
              307.7564069281798,
              245.4465412311256
            ],
            [
              305.16242900001816,
              253.51070825383067
            ],
            [
              302.4288498412352,
              252.91696731373668
            ],
            [
              301.4717170249205,
              251.95983449742198
            ],
            [
              298.71904006111436,
              251.36482803151011
            ]
          ]
        ]
      }
    },
    {
      "type": "Feature",
      "properties": {
        "sourceLayer": "TPX_BUILDINGS_SHADOWS_OUTLINES",
        "sourceEntityType": "LWPOLYLINE",
        "sourceHandle": "E18",
        "contextKind": "building_shadow",
        "sourceSceneVersionId": "scv-b67f98b3-a52e-4ff8-b837-45864ccd9201",
        "provenance": "topoexport_dxf_2d"
      },
      "geometry": {
        "type": "Polygon",
        "coordinates": [
          [
            [
              298.1861993323546,
              248.6743244342506
            ],
            [
              304.4811407576781,
              250.04161397740245
            ],
            [
              306.63594927894883,
              240.16085473820567
            ],
            [
              300.3520437728148,
              238.8046268634498
            ],
            [
              298.1861993323546,
              248.6743244342506
            ]
          ]
        ]
      }
    },
    {
      "type": "Feature",
      "properties": {
        "sourceLayer": "TPX_BUILDINGS_SHADOWS_OUTLINES",
        "sourceEntityType": "LWPOLYLINE",
        "sourceHandle": "E1E",
        "contextKind": "building_shadow",
        "sourceSceneVersionId": "scv-b67f98b3-a52e-4ff8-b837-45864ccd9201",
        "provenance": "topoexport_dxf_2d"
      },
      "geometry": {
        "type": "Polygon",
        "coordinates": [
          [
            [
              305.6810847769957,
              216.38003389164805
            ],
            [
              310.56196751701646,
              217.82302705571055
            ],
            [
              312.19231000053696,
              212.37476627156138
            ],
            [
              307.30036988365464,
              210.9428104571998
            ],
            [
              305.6810847769957,
              216.38003389164805
            ]
          ]
        ]
      }
    },
    {
      "type": "Feature",
      "properties": {
        "sourceLayer": "TPX_BUILDINGS_SHADOWS_OUTLINES",
        "sourceEntityType": "LWPOLYLINE",
        "sourceHandle": "E24",
        "contextKind": "building_shadow",
        "sourceSceneVersionId": "scv-b67f98b3-a52e-4ff8-b837-45864ccd9201",
        "provenance": "topoexport_dxf_2d"
      },
      "geometry": {
        "type": "Polygon",
        "coordinates": [
          [
            [
              310.45826497185044,
              258.5501398257911
            ],
            [
              313.78177991020493,
              259.82545177266
            ],
            [
              315.51034560310654,
              255.38332835957408
            ],
            [
              312.18683304893784,
              254.10801212117076
            ],
            [
              310.45826497185044,
              258.5501398257911
            ]
          ]
        ]
      }
    },
    {
      "type": "Feature",
      "properties": {
        "sourceLayer": "TPX_BUILDINGS_SHADOWS_OUTLINES",
        "sourceEntityType": "LWPOLYLINE",
        "sourceHandle": "E2F",
        "contextKind": "building_shadow",
        "sourceSceneVersionId": "scv-b67f98b3-a52e-4ff8-b837-45864ccd9201",
        "provenance": "topoexport_dxf_2d"
      },
      "geometry": {
        "type": "Polygon",
        "coordinates": [
          [
            [
              311.11624207603745,
              234.74914066120982
            ],
            [
              319.9832579146605,
              237.6119374446571
            ],
            [
              321.1806398879271,
              233.96515456959605
            ],
            [
              315.07704844581895,
              231.99454538151622
            ],
            [
              313.1524254332762,
              230.06992189213634
            ],
            [
              313.0715180884581,
              230.3218082599342
            ],
            [
              312.82033362495713,
              230.24202005192637
            ],
            [
              314.3324634085875,
              231.75414983555675
            ],
            [
              312.31362643348984,
              231.10235254094005
            ],
            [
              311.11624207603745,
              234.74914066120982
            ]
          ]
        ]
      }
    },
    {
      "type": "Feature",
      "properties": {
        "sourceLayer": "TPX_BUILDINGS_SHADOWS_OUTLINES",
        "sourceEntityType": "LWPOLYLINE",
        "sourceHandle": "E38",
        "contextKind": "building_shadow",
        "sourceSceneVersionId": "scv-b67f98b3-a52e-4ff8-b837-45864ccd9201",
        "provenance": "topoexport_dxf_2d"
      },
      "geometry": {
        "type": "Polygon",
        "coordinates": [
          [
            [
              316.0369149695616,
              193.46393195912242
            ],
            [
              321.22628321754746,
              195.59271232411265
            ],
            [
              322.9102002631407,
              191.53746692463756
            ],
            [
              322.3551332007628,
              191.31093589589
            ],
            [
              321.2058478842955,
              190.1616505794227
            ],
            [
              321.0133534919005,
              190.76337425038218
            ],
            [
              317.72082104790024,
              189.41973773762584
            ],
            [
              316.0369149695616,
              193.46393195912242
            ]
          ]
        ]
      }
    },
    {
      "type": "Feature",
      "properties": {
        "sourceLayer": "TPX_BUILDINGS_SHADOWS_OUTLINES",
        "sourceEntityType": "LWPOLYLINE",
        "sourceHandle": "E3E",
        "contextKind": "building_shadow",
        "sourceSceneVersionId": "scv-b67f98b3-a52e-4ff8-b837-45864ccd9201",
        "provenance": "topoexport_dxf_2d"
      },
      "geometry": {
        "type": "Polygon",
        "coordinates": [
          [
            [
              323.7975012313109,
              262.8001412563026
            ],
            [
              327.75064625847153,
              264.0983113460243
            ],
            [
              330.5000988494139,
              255.78809253498912
            ],
            [
              326.5469566832762,
              254.48991767689586
            ],
            [
              323.7975012313109,
              262.8001412563026
            ]
          ]
        ]
      }
    },
    {
      "type": "Feature",
      "properties": {
        "sourceLayer": "TPX_BUILDINGS_SHADOWS_OUTLINES",
        "sourceEntityType": "LWPOLYLINE",
        "sourceHandle": "E45",
        "contextKind": "building_shadow",
        "sourceSceneVersionId": "scv-b67f98b3-a52e-4ff8-b837-45864ccd9201",
        "provenance": "topoexport_dxf_2d"
      },
      "geometry": {
        "type": "Polygon",
        "coordinates": [
          [
            [
              332.9368001471739,
              245.94429008290172
            ],
            [
              328.6941772948485,
              241.70166675373912
            ],
            [
              338.450580741046,
              245.44354240223765
            ],
            [
              338.450580741046,
              248.05899135395885
            ],
            [
              332.9368001471739,
              245.94429008290172
            ]
          ]
        ]
      }
    },
    {
      "type": "Feature",
      "properties": {
        "sourceLayer": "TPX_BUILDINGS_SHADOWS_OUTLINES",
        "sourceEntityType": "LWPOLYLINE",
        "sourceHandle": "E50",
        "contextKind": "building_shadow",
        "sourceSceneVersionId": "scv-b67f98b3-a52e-4ff8-b837-45864ccd9201",
        "provenance": "topoexport_dxf_2d"
      },
      "geometry": {
        "type": "Polygon",
        "coordinates": [
          [
            [
              333.2671486388426,
              200.39738027378917
            ],
            [
              329.02452721702866,
              196.15475837513804
            ],
            [
              335.0198198806029,
              198.66034929081798
            ],
            [
              336.7700811873656,
              194.5499061755836
            ],
            [
              338.1991259108763,
              191.15766898915172
            ],
            [
              338.450580741046,
              190.5707415752113
            ],
            [
              338.450580741046,
              197.74583045765758
            ],
            [
              336.4202014456969,
              201.71512405201793
            ],
            [
              333.2671486388426,
              200.39738027378917
            ]
          ]
        ]
      }
    },
    {
      "type": "Feature",
      "properties": {
        "sourceLayer": "TPX_BUILDINGS_SHADOWS_OUTLINES",
        "sourceEntityType": "LWPOLYLINE",
        "sourceHandle": "E56",
        "contextKind": "building_shadow",
        "sourceSceneVersionId": "scv-b67f98b3-a52e-4ff8-b837-45864ccd9201",
        "provenance": "topoexport_dxf_2d"
      },
      "geometry": {
        "type": "Polygon",
        "coordinates": [
          [
            [
              338.450580741046,
              254.27329103276134
            ],
            [
              336.92180218803696,
              252.7445124797523
            ],
            [
              338.450580741046,
              253.30069200322032
            ],
            [
              338.450580741046,
              254.27329103276134
            ]
          ]
        ]
      }
    },
    {
      "type": "Feature",
      "properties": {
        "sourceLayer": "TPX_BUILDINGS_SHADOWS_OUTLINES",
        "sourceEntityType": "LWPOLYLINE",
        "sourceHandle": "E5F",
        "contextKind": "building_shadow",
        "sourceSceneVersionId": "scv-b67f98b3-a52e-4ff8-b837-45864ccd9201",
        "provenance": "topoexport_dxf_2d"
      },
      "geometry": {
        "type": "Polygon",
        "coordinates": [
          [
            [
              304.87900069210446,
              180.5085128955543
            ],
            [
              300.63637164089596,
              176.2658838443458
            ],
            [
              303.5852918908349,
              176.6894883327186
            ],
            [
              304.28711703274166,
              171.74866143986583
            ],
            [
              308.5297489449731,
              175.99129287526011
            ],
            [
              307.82793429348385,
              180.93211929127574
            ],
            [
              304.87900069210446,
              180.5085128955543
            ]
          ]
        ]
      }
    },
    {
      "type": "Feature",
      "properties": {
        "sourceLayer": "TPX_BUILDINGS_SHADOWS_OUTLINES",
        "sourceEntityType": "LWPOLYLINE",
        "sourceHandle": "E69",
        "contextKind": "building_shadow",
        "sourceSceneVersionId": "scv-b67f98b3-a52e-4ff8-b837-45864ccd9201",
        "provenance": "topoexport_dxf_2d"
      },
      "geometry": {
        "type": "Polygon",
        "coordinates": [
          [
            [
              307.07107689831173,
              83.62359992787242
            ],
            [
              302.8284631058923,
              79.38098613545299
            ],
            [
              312.9402919099084,
              85.0864166431129
            ],
            [
              314.3129701897851,
              82.65591184422374
            ],
            [
              318.1013803765527,
              86.44432155415416
            ],
            [
              317.67186692211544,
              88.46332780644298
            ],
            [
              317.1829371735803,
              89.3290490321815
            ],
            [
              307.07107689831173,
              83.62359992787242
            ]
          ]
        ]
      }
    },
    {
      "type": "Feature",
      "properties": {
        "sourceLayer": "TPX_BUILDINGS_SHADOWS_OUTLINES",
        "sourceEntityType": "LWPOLYLINE",
        "sourceHandle": "E72",
        "contextKind": "building_shadow",
        "sourceSceneVersionId": "scv-b67f98b3-a52e-4ff8-b837-45864ccd9201",
        "provenance": "topoexport_dxf_2d"
      },
      "geometry": {
        "type": "Polygon",
        "coordinates": [
          [
            [
              308.04741194698727,
              293.5403513126075
            ],
            [
              303.8047857568017,
              289.297725122422
            ],
            [
              307.71395924541866,
              290.396834295243
            ],
            [
              309.04516461346066,
              285.68891422078013
            ],
            [
              310.63511803600704,
              287.2788676433265
            ],
            [
              308.53525736782467,
              293.67751495167613
            ],
            [
              308.04741194698727,
              293.5403513126075
            ]
          ]
        ]
      }
    },
    {
      "type": "Feature",
      "properties": {
        "sourceLayer": "TPX_BUILDINGS_SHADOWS_OUTLINES",
        "sourceEntityType": "LWPOLYLINE",
        "sourceHandle": "E78",
        "contextKind": "building_shadow",
        "sourceSceneVersionId": "scv-b67f98b3-a52e-4ff8-b837-45864ccd9201",
        "provenance": "topoexport_dxf_2d"
      },
      "geometry": {
        "type": "Polygon",
        "coordinates": [
          [
            [
              317.59864762279904,
              424.79770242236555
            ],
            [
              317.3070941254846,
              424.79770242236555
            ],
            [
              317.3637490555993,
              424.56280385516584
            ],
            [
              317.59864762279904,
              424.79770242236555
            ]
          ]
        ]
      }
    },
    {
      "type": "Feature",
      "properties": {
        "sourceLayer": "TPX_BUILDINGS_SHADOWS_OUTLINES",
        "sourceEntityType": "LWPOLYLINE",
        "sourceHandle": "E7F",
        "contextKind": "building_shadow",
        "sourceSceneVersionId": "scv-b67f98b3-a52e-4ff8-b837-45864ccd9201",
        "provenance": "topoexport_dxf_2d"
      },
      "geometry": {
        "type": "Polygon",
        "coordinates": [
          [
            [
              321.7191829964868,
              424.79770242236555
            ],
            [
              321.50014594051754,
              424.79770242236555
            ],
            [
              324.6140117928735,
              412.1896377708763
            ],
            [
              325.0071192071191,
              412.5827451851219
            ],
            [
              321.7191829964868,
              424.79770242236555
            ]
          ]
        ]
      }
    },
    {
      "type": "Feature",
      "properties": {
        "sourceLayer": "TPX_BUILDINGS_SHADOWS_OUTLINES",
        "sourceEntityType": "LWPOLYLINE",
        "sourceHandle": "E86",
        "contextKind": "building_shadow",
        "sourceSceneVersionId": "scv-b67f98b3-a52e-4ff8-b837-45864ccd9201",
        "provenance": "topoexport_dxf_2d"
      },
      "geometry": {
        "type": "Polygon",
        "coordinates": [
          [
            [
              330.1440682694665,
              424.79770242236555
            ],
            [
              328.2787986085168,
              424.79770242236555
            ],
            [
              331.33990195248043,
              413.457926383242
            ],
            [
              332.8797636315576,
              414.99778806231916
            ],
            [
              330.1440682694665,
              424.79770242236555
            ]
          ]
        ]
      }
    },
    {
      "type": "Feature",
      "properties": {
        "sourceLayer": "TPX_BUILDINGS_SHADOWS_OUTLINES",
        "sourceEntityType": "LWPOLYLINE",
        "sourceHandle": "E8F",
        "contextKind": "building_shadow",
        "sourceSceneVersionId": "scv-b67f98b3-a52e-4ff8-b837-45864ccd9201",
        "provenance": "topoexport_dxf_2d"
      },
      "geometry": {
        "type": "Polygon",
        "coordinates": [
          [
            [
              316.67545941326534,
              79.4893421344459
            ],
            [
              312.4328332230798,
              75.24671594426036
            ],
            [
              316.0659194276086,
              76.26811067387462
            ],
            [
              316.98668721172726,
              72.99687425419688
            ],
            [
              321.229320077633,
              77.23950712010264
            ],
            [
              320.30856278393185,
              80.5107421092689
            ],
            [
              316.67545941326534,
              79.4893421344459
            ]
          ]
        ]
      }
    },
    {
      "type": "Feature",
      "properties": {
        "sourceLayer": "TPX_BUILDINGS_SHADOWS_OUTLINES",
        "sourceEntityType": "LWPOLYLINE",
        "sourceHandle": "EA2",
        "contextKind": "building_shadow",
        "sourceSceneVersionId": "scv-b67f98b3-a52e-4ff8-b837-45864ccd9201",
        "provenance": "topoexport_dxf_2d"
      },
      "geometry": {
        "type": "Polygon",
        "coordinates": [
          [
            [
              317.1461216460448,
              287.36028234288096
            ],
            [
              312.9034968863707,
              283.1176575832069
            ],
            [
              325.69056239235215,
              287.22327749058604
            ],
            [
              331.06789412605576,
              270.6469167880714
            ],
            [
              332.6944643508177,
              272.27348701283336
            ],
            [
              332.30330529320054,
              272.1629270724952
            ],
            [
              327.4003969680052,
              289.22628490254283
            ],
            [
              333.9488226424437,
              291.09135476872325
            ],
            [
              338.450580741046,
              275.449240129441
            ],
            [
              338.450580741046,
              279.3226384334266
            ],
            [
              335.0735694419127,
              292.7730664424598
            ],
            [
              338.450580741046,
              293.606692712754
            ],
            [
              338.450580741046,
              296.15007058903575
            ],
            [
              337.41269364464097,
              295.1121834926307
            ],
            [
              331.6430470000487,
              293.4689282588661
            ],
            [
              329.50137724983506,
              291.32725850865245
            ],
            [
              317.1461216460448,
              287.36028234288096
            ]
          ]
        ]
      }
    },
    {
      "type": "Feature",
      "properties": {
        "sourceLayer": "TPX_BUILDINGS_SHADOWS_OUTLINES",
        "sourceEntityType": "LWPOLYLINE",
        "sourceHandle": "EAB",
        "contextKind": "building_shadow",
        "sourceSceneVersionId": "scv-b67f98b3-a52e-4ff8-b837-45864ccd9201",
        "provenance": "topoexport_dxf_2d"
      },
      "geometry": {
        "type": "Polygon",
        "coordinates": [
          [
            [
              318.8608632371179,
              53.16957990452647
            ],
            [
              314.61824610683834,
              48.92696277424693
            ],
            [
              320.4583378121606,
              51.87457410618663
            ],
            [
              322.5621385857812,
              47.72033159062266
            ],
            [
              326.8047724053613,
              51.96296493336558
            ],
            [
              324.7009830758325,
              56.117206018418074
            ],
            [
              318.8608632371179,
              53.16957990452647
            ]
          ]
        ]
      }
    },
    {
      "type": "Feature",
      "properties": {
        "sourceLayer": "TPX_BUILDINGS_SHADOWS_OUTLINES",
        "sourceEntityType": "LWPOLYLINE",
        "sourceHandle": "EB4",
        "contextKind": "building_shadow",
        "sourceSceneVersionId": "scv-b67f98b3-a52e-4ff8-b837-45864ccd9201",
        "provenance": "topoexport_dxf_2d"
      },
      "geometry": {
        "type": "Polygon",
        "coordinates": [
          [
            [
              321.69573882076656,
              93.73437778279185
            ],
            [
              317.4531116769067,
              89.49175016209483
            ],
            [
              320.93189051601803,
              90.2255276851356
            ],
            [
              321.68735506985104,
              86.62244025990367
            ],
            [
              325.92998745891964,
              90.86507169529796
            ],
            [
              325.1745333955041,
              94.46815864369273
            ],
            [
              321.69573882076656,
              93.73437778279185
            ]
          ]
        ]
      }
    },
    {
      "type": "Feature",
      "properties": {
        "sourceLayer": "TPX_BUILDINGS_SHADOWS_OUTLINES",
        "sourceEntityType": "LWPOLYLINE",
        "sourceHandle": "EC8",
        "contextKind": "building_shadow",
        "sourceSceneVersionId": "scv-b67f98b3-a52e-4ff8-b837-45864ccd9201",
        "provenance": "topoexport_dxf_2d"
      },
      "geometry": {
        "type": "Polygon",
        "coordinates": [
          [
            [
              325.78621640312485,
              109.57025043293834
            ],
            [
              321.5435935507994,
              105.3276275806129
            ],
            [
              330.03435816871934,
              108.70954887196422
            ],
            [
              337.0918160926085,
              91.23971883580089
            ],
            [
              337.89418473350815,
              92.04208747670054
            ],
            [
              337.077964926837,
              93.58338586613536
            ],
            [
              338.450580741046,
              94.36121312901378
            ],
            [
              338.450580741046,
              98.18105260655284
            ],
            [
              335.42809643852524,
              96.89797012135386
            ],
            [
              331.49570717918687,
              106.01381294056773
            ],
            [
              337.20388617622666,
              108.45275441929698
            ],
            [
              338.450580741046,
              105.56735126301646
            ],
            [
              338.450580741046,
              108.41576473042369
            ],
            [
              337.40970482933335,
              110.97057334706187
            ],
            [
              335.73835673439316,
              110.25645725056529
            ],
            [
              335.4731546889525,
              109.99125520512462
            ],
            [
              334.27700295555405,
              112.9521803073585
            ],
            [
              325.78621640312485,
              109.57025043293834
            ]
          ]
        ]
      }
    },
    {
      "type": "Feature",
      "properties": {
        "sourceLayer": "TPX_BUILDINGS_SHADOWS_OUTLINES",
        "sourceEntityType": "LWPOLYLINE",
        "sourceHandle": "ECE",
        "contextKind": "building_shadow",
        "sourceSceneVersionId": "scv-b67f98b3-a52e-4ff8-b837-45864ccd9201",
        "provenance": "topoexport_dxf_2d"
      },
      "geometry": {
        "type": "Polygon",
        "coordinates": [
          [
            [
              325.7581253335229,
              318.8733238391578
            ],
            [
              323.1904573724023,
              318.0973776988685
            ],
            [
              323.61185362789547,
              316.72705261036754
            ],
            [
              325.7581253335229,
              318.8733238391578
            ]
          ]
        ]
      }
    },
    {
      "type": "Feature",
      "properties": {
        "sourceLayer": "TPX_BUILDINGS_SHADOWS_OUTLINES",
        "sourceEntityType": "LWPOLYLINE",
        "sourceHandle": "ED4",
        "contextKind": "building_shadow",
        "sourceSceneVersionId": "scv-b67f98b3-a52e-4ff8-b837-45864ccd9201",
        "provenance": "topoexport_dxf_2d"
      },
      "geometry": {
        "type": "Polygon",
        "coordinates": [
          [
            [
              327.6026487633935,
              204.92058316990733
            ],
            [
              323.41478112194454,
              213.1838525943458
            ],
            [
              327.04845383617794,
              204.36638824269176
            ],
            [
              327.6026487633935,
              204.92058316990733
            ]
          ]
        ]
      }
    },
    {
      "type": "Feature",
      "properties": {
        "sourceLayer": "TPX_BUILDINGS_SHADOWS_OUTLINES",
        "sourceEntityType": "LWPOLYLINE",
        "sourceHandle": "EE4",
        "contextKind": "building_shadow",
        "sourceSceneVersionId": "scv-b67f98b3-a52e-4ff8-b837-45864ccd9201",
        "provenance": "topoexport_dxf_2d"
      },
      "geometry": {
        "type": "Polygon",
        "coordinates": [
          [
            [
              328.4436124812346,
              317.89704839512706
            ],
            [
              324.2009848605376,
              313.6544212512672
            ],
            [
              329.6895360003691,
              314.9986218623817
            ],
            [
              333.8631843577605,
              298.08917466923594
            ],
            [
              338.1058167468291,
              302.33180705830455
            ],
            [
              338.0898283969145,
              302.39658300206065
            ],
            [
              334.9414447795134,
              301.7054795436561
            ],
            [
              332.2982081423979,
              313.58665124699473
            ],
            [
              338.4505805026274,
              314.9371666125953
            ],
            [
              338.4505805026274,
              318.24849788472056
            ],
            [
              336.54085865127854,
              317.8292941264808
            ],
            [
              334.7281102191191,
              316.01654521748424
            ],
            [
              333.9321788798552,
              319.2412528209388
            ],
            [
              328.4436124812346,
              317.89704839512706
            ]
          ]
        ]
      }
    },
    {
      "type": "Feature",
      "properties": {
        "sourceLayer": "TPX_BUILDINGS_SHADOWS_OUTLINES",
        "sourceEntityType": "LWPOLYLINE",
        "sourceHandle": "EEB",
        "contextKind": "building_shadow",
        "sourceSceneVersionId": "scv-b67f98b3-a52e-4ff8-b837-45864ccd9201",
        "provenance": "topoexport_dxf_2d"
      },
      "geometry": {
        "type": "Polygon",
        "coordinates": [
          [
            [
              338.08799352752976,
              424.7977026607841
            ],
            [
              336.8748539935332,
              424.7977026607841
            ],
            [
              338.4505805026274,
              419.1530827190727
            ],
            [
              338.4505805026274,
              423.5267900135368
            ],
            [
              338.08799352752976,
              424.7977026607841
            ]
          ]
        ]
      }
    },
    {
      "type": "Feature",
      "properties": {
        "sourceLayer": "TPX_BUILDINGS_SHADOWS_OUTLINES",
        "sourceEntityType": "LWPOLYLINE",
        "sourceHandle": "EF2",
        "contextKind": "building_shadow",
        "sourceSceneVersionId": "scv-b67f98b3-a52e-4ff8-b837-45864ccd9201",
        "provenance": "topoexport_dxf_2d"
      },
      "geometry": {
        "type": "Polygon",
        "coordinates": [
          [
            [
              335.2247210990172,
              179.87025729939342
            ],
            [
              330.98209920036606,
              175.6276354007423
            ],
            [
              338.450580741046,
              178.73052207753062
            ],
            [
              338.450580741046,
              181.21048633381724
            ],
            [
              335.2247210990172,
              179.87025729939342
            ]
          ]
        ]
      }
    },
    {
      "type": "Feature",
      "properties": {
        "sourceLayer": "TPX_BUILDINGS_SHADOWS_OUTLINES",
        "sourceEntityType": "LWPOLYLINE",
        "sourceHandle": "EF9",
        "contextKind": "building_shadow",
        "sourceSceneVersionId": "scv-b67f98b3-a52e-4ff8-b837-45864ccd9201",
        "provenance": "topoexport_dxf_2d"
      },
      "geometry": {
        "type": "Polygon",
        "coordinates": [
          [
            [
              333.66089930641465,
              173.02981797978282
            ],
            [
              331.9262124549132,
              171.29513112828135
            ],
            [
              338.450580741046,
              173.93267480656505
            ],
            [
              338.450580741046,
              175.02599326893687
            ],
            [
              333.66089930641465,
              173.02981797978282
            ]
          ]
        ]
      }
    },
    {
      "type": "Feature",
      "properties": {
        "sourceLayer": "TPX_BUILDINGS_SHADOWS_OUTLINES",
        "sourceEntityType": "LWPOLYLINE",
        "sourceHandle": "EFF",
        "contextKind": "building_shadow",
        "sourceSceneVersionId": "scv-b67f98b3-a52e-4ff8-b837-45864ccd9201",
        "provenance": "topoexport_dxf_2d"
      },
      "geometry": {
        "type": "Polygon",
        "coordinates": [
          [
            [
              338.450580741046,
              168.55545656010509
            ],
            [
              335.4789601813536,
              165.5838360004127
            ],
            [
              338.450580741046,
              166.9434265308082
            ],
            [
              338.450580741046,
              168.55545656010509
            ]
          ]
        ]
      }
    },
    {
      "type": "Feature",
      "properties": {
        "sourceLayer": "TPX_BUILDINGS_SHADOWS_OUTLINES",
        "sourceEntityType": "LWPOLYLINE",
        "sourceHandle": "F05",
        "contextKind": "building_shadow",
        "sourceSceneVersionId": "scv-b67f98b3-a52e-4ff8-b837-45864ccd9201",
        "provenance": "topoexport_dxf_2d"
      },
      "geometry": {
        "type": "Polygon",
        "coordinates": [
          [
            [
              338.4505805026274,
              205.64642898365855
            ],
            [
              335.7769307147246,
              202.97277919575572
            ],
            [
              338.4505805026274,
              204.32464258000255
            ],
            [
              338.4505805026274,
              205.64642898365855
            ]
          ]
        ]
      }
    },
    {
      "type": "Feature",
      "properties": {
        "sourceLayer": "TPX_BUILDINGS",
        "sourceEntityType": "LWPOLYLINE",
        "sourceHandle": "F0B",
        "contextKind": "building",
        "sourceSceneVersionId": "scv-b67f98b3-a52e-4ff8-b837-45864ccd9201",
        "provenance": "topoexport_dxf_2d"
      },
      "geometry": {
        "type": "Polygon",
        "coordinates": [
          [
            [
              -1.905718818306923e-7,
              8.846968214958906
            ],
            [
              -1.905718818306923e-7,
              2.632098238915205
            ],
            [
              2.3640282632550225,
              3.7035193853080273
            ],
            [
              -1.905718818306923e-7,
              8.846968214958906
            ]
          ]
        ]
      }
    },
    {
      "type": "Feature",
      "properties": {
        "sourceLayer": "TPX_BUILDINGS",
        "sourceEntityType": "LWPOLYLINE",
        "sourceHandle": "F12",
        "contextKind": "building",
        "sourceSceneVersionId": "scv-b67f98b3-a52e-4ff8-b837-45864ccd9201",
        "provenance": "topoexport_dxf_2d"
      },
      "geometry": {
        "type": "Polygon",
        "coordinates": [
          [
            [
              37.62444880459225,
              160.93923656269908
            ],
            [
              33.82577708218014,
              159.80706779286265
            ],
            [
              35.61142399761593,
              153.8283518962562
            ],
            [
              39.41009476635372,
              154.96052066609263
            ],
            [
              37.62444880459225,
              160.93923656269908
            ]
          ]
        ]
      }
    },
    {
      "type": "Feature",
      "properties": {
        "sourceLayer": "TPX_BUILDINGS",
        "sourceEntityType": "LWPOLYLINE",
        "sourceHandle": "F19",
        "contextKind": "building",
        "sourceSceneVersionId": "scv-b67f98b3-a52e-4ff8-b837-45864ccd9201",
        "provenance": "topoexport_dxf_2d"
      },
      "geometry": {
        "type": "Polygon",
        "coordinates": [
          [
            [
              66.61750224087154,
              164.47837392613292
            ],
            [
              59.80511191341793,
              161.67327539250255
            ],
            [
              63.948389558529016,
              151.75067798420787
            ],
            [
              70.76077893230831,
              154.55577651783824
            ],
            [
              66.61750224087154,
              164.47837392613292
            ]
          ]
        ]
      }
    },
    {
      "type": "Feature",
      "properties": {
        "sourceLayer": "TPX_BUILDINGS",
        "sourceEntityType": "LWPOLYLINE",
        "sourceHandle": "F20",
        "contextKind": "building",
        "sourceSceneVersionId": "scv-b67f98b3-a52e-4ff8-b837-45864ccd9201",
        "provenance": "topoexport_dxf_2d"
      },
      "geometry": {
        "type": "Polygon",
        "coordinates": [
          [
            [
              88.90207436535275,
              161.4537648372352
            ],
            [
              82.79633334133541,
              158.92589275166392
            ],
            [
              86.46336272213375,
              150.04191152378917
            ],
            [
              92.58014967892086,
              152.5697969608009
            ],
            [
              88.90207436535275,
              161.4537648372352
            ]
          ]
        ]
      }
    },
    {
      "type": "Feature",
      "properties": {
        "sourceLayer": "TPX_BUILDINGS",
        "sourceEntityType": "LWPOLYLINE",
        "sourceHandle": "F33",
        "contextKind": "building",
        "sourceSceneVersionId": "scv-b67f98b3-a52e-4ff8-b837-45864ccd9201",
        "provenance": "topoexport_dxf_2d"
      },
      "geometry": {
        "type": "Polygon",
        "coordinates": [
          [
            [
              124.06515791866696,
              159.93696920201182
            ],
            [
              123.59563210461056,
              155.34851114079356
            ],
            [
              124.92649796459591,
              150.928029935807
            ],
            [
              127.85811284038937,
              147.3496526889503
            ],
            [
              131.94796708080685,
              145.1545547656715
            ],
            [
              136.56598475429928,
              144.69574872776866
            ],
            [
              141.01617958996212,
              146.0166253261268
            ],
            [
              144.62493613216793,
              148.92844239994884
            ],
            [
              146.8294077203027,
              152.98832170292735
            ],
            [
              147.29893591854488,
              157.5767788104713
            ],
            [
              145.968071489071,
              161.99726049229503
            ],
            [
              143.02541068050778,
              165.57562581822276
            ],
            [
              138.93555548641598,
              167.7707246951759
            ],
            [
              134.3175359055749,
              168.22953120991588
            ],
            [
              129.86733916256344,
              166.90865413472056
            ],
            [
              126.2696285531274,
              163.99684945866466
            ],
            [
              124.06515791866696,
              159.93696920201182
            ]
          ]
        ]
      }
    },
    {
      "type": "Feature",
      "properties": {
        "sourceLayer": "TPX_BUILDINGS",
        "sourceEntityType": "LWPOLYLINE",
        "sourceHandle": "F3A",
        "contextKind": "building",
        "sourceSceneVersionId": "scv-b67f98b3-a52e-4ff8-b837-45864ccd9201",
        "provenance": "topoexport_dxf_2d"
      },
      "geometry": {
        "type": "Polygon",
        "coordinates": [
          [
            [
              62.58859208080685,
              152.64452258870006
            ],
            [
              46.34709980938351,
              145.92567817494273
            ],
            [
              51.69785025570309,
              133.1633447818458
            ],
            [
              67.93932536098873,
              139.8932432346046
            ],
            [
              62.58859208080685,
              152.64452258870006
            ]
          ]
        ]
      }
    },
    {
      "type": "Feature",
      "properties": {
        "sourceLayer": "TPX_BUILDINGS",
        "sourceEntityType": "LWPOLYLINE",
        "sourceHandle": "F4D",
        "contextKind": "building",
        "sourceSceneVersionId": "scv-b67f98b3-a52e-4ff8-b837-45864ccd9201",
        "provenance": "topoexport_dxf_2d"
      },
      "geometry": {
        "type": "Polygon",
        "coordinates": [
          [
            [
              136.41461089107906,
              123.43646804615855
            ],
            [
              135.3818421647302,
              118.73678628727794
            ],
            [
              136.2380738541833,
              114.0061935596168
            ],
            [
              138.84990313503658,
              109.95206157490611
            ],
            [
              142.81888869259274,
              107.21511499211192
            ],
            [
              147.5591006562463,
              106.18158523365855
            ],
            [
              152.31914999935543,
              107.03851358219981
            ],
            [
              156.39224245998776,
              109.63028423115611
            ],
            [
              159.160219220852,
              113.58028356358409
            ],
            [
              160.19298985454952,
              118.27996436879039
            ],
            [
              159.33676007244503,
              123.01055757328868
            ],
            [
              156.7249450967065,
              127.05363504216075
            ],
            [
              152.744899778103,
              129.80162469670177
            ],
            [
              148.01573183987057,
              130.83516828343272
            ],
            [
              143.2556805894128,
              129.97823993489146
            ],
            [
              139.18258717510616,
              127.386468809098
            ],
            [
              136.41461089107906,
              123.43646804615855
            ]
          ]
        ]
      }
    },
    {
      "type": "Feature",
      "properties": {
        "sourceLayer": "TPX_BUILDINGS",
        "sourceEntityType": "LWPOLYLINE",
        "sourceHandle": "F54",
        "contextKind": "building",
        "sourceSceneVersionId": "scv-b67f98b3-a52e-4ff8-b837-45864ccd9201",
        "provenance": "topoexport_dxf_2d"
      },
      "geometry": {
        "type": "Polygon",
        "coordinates": [
          [
            [
              166.83423521969235,
              97.86898128315806
            ],
            [
              162.31794932339108,
              96.39325515553355
            ],
            [
              163.3047061249963,
              93.36531488224864
            ],
            [
              167.8320384309045,
              94.84105388447642
            ],
            [
              166.83423521969235,
              97.86898128315806
            ]
          ]
        ]
      }
    },
    {
      "type": "Feature",
      "properties": {
        "sourceLayer": "TPX_BUILDINGS",
        "sourceEntityType": "LWPOLYLINE",
        "sourceHandle": "F5B",
        "contextKind": "building",
        "sourceSceneVersionId": "scv-b67f98b3-a52e-4ff8-b837-45864ccd9201",
        "provenance": "topoexport_dxf_2d"
      },
      "geometry": {
        "type": "Polygon",
        "coordinates": [
          [
            [
              169.42151549312985,
              95.87108079716563
            ],
            [
              164.90488675091183,
              94.68278924748302
            ],
            [
              165.7815470978967,
              91.34517280384898
            ],
            [
              170.29817536327755,
              92.5334643535316
            ],
            [
              169.42151549312985,
              95.87108079716563
            ]
          ]
        ]
      }
    },
    {
      "type": "Feature",
      "properties": {
        "sourceLayer": "TPX_BUILDINGS",
        "sourceEntityType": "LWPOLYLINE",
        "sourceHandle": "F64",
        "contextKind": "building",
        "sourceSceneVersionId": "scv-b67f98b3-a52e-4ff8-b837-45864ccd9201",
        "provenance": "topoexport_dxf_2d"
      },
      "geometry": {
        "type": "Polygon",
        "coordinates": [
          [
            [
              37.14966299984371,
              40.62518731877208
            ],
            [
              31.110217599605676,
              38.09738675877452
            ],
            [
              36.372167615627404,
              25.688714426010847
            ],
            [
              42.544103650783654,
              28.271949212998152
            ],
            [
              47.83275368664181,
              30.489305894821882
            ],
            [
              42.5708194062463,
              42.88692418858409
            ],
            [
              37.14966299984371,
              40.62518731877208
            ]
          ]
        ]
      }
    },
    {
      "type": "Feature",
      "properties": {
        "sourceLayer": "TPX_BUILDINGS",
        "sourceEntityType": "LWPOLYLINE",
        "sourceHandle": "F6B",
        "contextKind": "building",
        "sourceSceneVersionId": "scv-b67f98b3-a52e-4ff8-b837-45864ccd9201",
        "provenance": "topoexport_dxf_2d"
      },
      "geometry": {
        "type": "Polygon",
        "coordinates": [
          [
            [
              12.996803312038537,
              26.40146056935191
            ],
            [
              0.024101285671349615,
              20.54881040379405
            ],
            [
              3.180748967861291,
              13.543604295700788
            ],
            [
              16.153449563717004,
              19.396253507584333
            ],
            [
              12.996803312038537,
              26.40146056935191
            ]
          ]
        ]
      }
    },
    {
      "type": "Feature",
      "properties": {
        "sourceLayer": "TPX_BUILDINGS",
        "sourceEntityType": "LWPOLYLINE",
        "sourceHandle": "F72",
        "contextKind": "building",
        "sourceSceneVersionId": "scv-b67f98b3-a52e-4ff8-b837-45864ccd9201",
        "provenance": "topoexport_dxf_2d"
      },
      "geometry": {
        "type": "Polygon",
        "coordinates": [
          [
            [
              131.08668234798824,
              33.805808942765
            ],
            [
              126.73639157268917,
              32.08706371113658
            ],
            [
              128.62001755688107,
              27.302421491593122
            ],
            [
              132.98135474178707,
              29.02118007466197
            ],
            [
              131.08668234798824,
              33.805808942765
            ]
          ]
        ]
      }
    },
    {
      "type": "Feature",
      "properties": {
        "sourceLayer": "TPX_BUILDINGS",
        "sourceEntityType": "LWPOLYLINE",
        "sourceHandle": "F79",
        "contextKind": "building",
        "sourceSceneVersionId": "scv-b67f98b3-a52e-4ff8-b837-45864ccd9201",
        "provenance": "topoexport_dxf_2d"
      },
      "geometry": {
        "type": "Polygon",
        "coordinates": [
          [
            [
              167.825897245144,
              44.429453294724226
            ],
            [
              143.90237000439083,
              32.39498798176646
            ],
            [
              150.0254469201318,
              20.385320585221052
            ],
            [
              173.94896891567623,
              32.419783513993025
            ],
            [
              167.825897245144,
              44.429453294724226
            ]
          ]
        ]
      }
    },
    {
      "type": "Feature",
      "properties": {
        "sourceLayer": "TPX_BUILDINGS",
        "sourceEntityType": "LWPOLYLINE",
        "sourceHandle": "F80",
        "contextKind": "building",
        "sourceSceneVersionId": "scv-b67f98b3-a52e-4ff8-b837-45864ccd9201",
        "provenance": "topoexport_dxf_2d"
      },
      "geometry": {
        "type": "Polygon",
        "coordinates": [
          [
            [
              109.85679390880978,
              69.47762290760875
            ],
            [
              102.30525925609982,
              65.8646182231605
            ],
            [
              117.58713772747433,
              34.3535064868629
            ],
            [
              125.13866856548702,
              37.96650926396251
            ],
            [
              109.85679390880978,
              69.47762290760875
            ]
          ]
        ]
      }
    },
    {
      "type": "Feature",
      "properties": {
        "sourceLayer": "TPX_BUILDINGS",
        "sourceEntityType": "LWPOLYLINE",
        "sourceHandle": "F87",
        "contextKind": "building",
        "sourceSceneVersionId": "scv-b67f98b3-a52e-4ff8-b837-45864ccd9201",
        "provenance": "topoexport_dxf_2d"
      },
      "geometry": {
        "type": "Polygon",
        "coordinates": [
          [
            [
              57.07434370968258,
              89.61237756535411
            ],
            [
              48.794146089290734,
              85.65578405186534
            ],
            [
              77.8631139085046,
              25.61669484898448
            ],
            [
              86.1322698876611,
              29.562216203659773
            ],
            [
              57.07434370968258,
              89.61237756535411
            ]
          ]
        ]
      }
    },
    {
      "type": "Feature",
      "properties": {
        "sourceLayer": "TPX_BUILDINGS",
        "sourceEntityType": "LWPOLYLINE",
        "sourceHandle": "F8E",
        "contextKind": "building",
        "sourceSceneVersionId": "scv-b67f98b3-a52e-4ff8-b837-45864ccd9201",
        "provenance": "topoexport_dxf_2d"
      },
      "geometry": {
        "type": "Polygon",
        "coordinates": [
          [
            [
              6.427736787532922,
              69.54195873066783
            ],
            [
              2.596025495266076,
              68.33236161991954
            ],
            [
              4.969004659389611,
              60.795569341629744
            ],
            [
              8.81176236126339,
              62.005179803818464
            ],
            [
              6.427736787532922,
              69.54195873066783
            ]
          ]
        ]
      }
    },
    {
      "type": "Feature",
      "properties": {
        "sourceLayer": "TPX_BUILDINGS",
        "sourceEntityType": "LWPOLYLINE",
        "sourceHandle": "F96",
        "contextKind": "building",
        "sourceSceneVersionId": "scv-b67f98b3-a52e-4ff8-b837-45864ccd9201",
        "provenance": "topoexport_dxf_2d"
      },
      "geometry": {
        "type": "Polygon",
        "coordinates": [
          [
            [
              -2.0809238776564598e-7,
              70.31106225773692
            ],
            [
              -2.0809238776564598e-7,
              65.99594966694713
            ],
            [
              1.133922368811909,
              62.40503780171275
            ],
            [
              4.225805074500386,
              63.37053672596812
            ],
            [
              1.852838784980122,
              70.89627353474498
            ],
            [
              -2.0809238776564598e-7,
              70.31106225773692
            ]
          ]
        ]
      }
    },
    {
      "type": "Feature",
      "properties": {
        "sourceLayer": "TPX_BUILDINGS",
        "sourceEntityType": "LWPOLYLINE",
        "sourceHandle": "F9D",
        "contextKind": "building",
        "sourceSceneVersionId": "scv-b67f98b3-a52e-4ff8-b837-45864ccd9201",
        "provenance": "topoexport_dxf_2d"
      },
      "geometry": {
        "type": "Polygon",
        "coordinates": [
          [
            [
              -1.1874362826347351e-8,
              81.55701104924083
            ],
            [
              -1.1874362826347351e-8,
              71.07722179219127
            ],
            [
              15.887120235012844,
              75.8326119594276
            ],
            [
              12.981421935604885,
              85.44714061543345
            ],
            [
              -1.1874362826347351e-8,
              81.55701104924083
            ]
          ]
        ]
      }
    },
    {
      "type": "Feature",
      "properties": {
        "sourceLayer": "TPX_BUILDINGS",
        "sourceEntityType": "LWPOLYLINE",
        "sourceHandle": "FA4",
        "contextKind": "building",
        "sourceSceneVersionId": "scv-b67f98b3-a52e-4ff8-b837-45864ccd9201",
        "provenance": "topoexport_dxf_2d"
      },
      "geometry": {
        "type": "Polygon",
        "coordinates": [
          [
            [
              98.38827374432003,
              99.0586313419044
            ],
            [
              81.43662837002194,
              67.26581041142344
            ],
            [
              96.91155198070919,
              59.114519994705915
            ],
            [
              113.86319020244991,
              90.91839067265391
            ],
            [
              98.38827374432003,
              99.0586313419044
            ]
          ]
        ]
      }
    },
    {
      "type": "Feature",
      "properties": {
        "sourceLayer": "TPX_BUILDINGS",
        "sourceEntityType": "LWPOLYLINE",
        "sourceHandle": "FAB",
        "contextKind": "building",
        "sourceSceneVersionId": "scv-b67f98b3-a52e-4ff8-b837-45864ccd9201",
        "provenance": "topoexport_dxf_2d"
      },
      "geometry": {
        "type": "Polygon",
        "coordinates": [
          [
            [
              147.76311352703488,
              83.33078376576304
            ],
            [
              144.85971787426388,
              81.77959434315562
            ],
            [
              149.15535643551266,
              73.75866405293345
            ],
            [
              152.0587516114465,
              75.30985299870372
            ],
            [
              147.76311352703488,
              83.33078376576304
            ]
          ]
        ]
      }
    },
    {
      "type": "Feature",
      "properties": {
        "sourceLayer": "TPX_BUILDINGS",
        "sourceEntityType": "LWPOLYLINE",
        "sourceHandle": "FB2",
        "contextKind": "building",
        "sourceSceneVersionId": "scv-b67f98b3-a52e-4ff8-b837-45864ccd9201",
        "provenance": "topoexport_dxf_2d"
      },
      "geometry": {
        "type": "Polygon",
        "coordinates": [
          [
            [
              210.16222336742794,
              85.79312459751964
            ],
            [
              199.81728795025265,
              81.0160116367042
            ],
            [
              201.9880261704675,
              76.30909625813365
            ],
            [
              212.33296111080563,
              81.08620874211192
            ],
            [
              210.16222336742794,
              85.79312459751964
            ]
          ]
        ]
      }
    },
    {
      "type": "Feature",
      "properties": {
        "sourceLayer": "TPX_BUILDINGS",
        "sourceEntityType": "LWPOLYLINE",
        "sourceHandle": "FB9",
        "contextKind": "building",
        "sourceSceneVersionId": "scv-b67f98b3-a52e-4ff8-b837-45864ccd9201",
        "provenance": "topoexport_dxf_2d"
      },
      "geometry": {
        "type": "Polygon",
        "coordinates": [
          [
            [
              199.80616238567745,
              81.08232967182994
            ],
            [
              188.72153141949093,
              75.95056669041514
            ],
            [
              190.91440346691525,
              71.21051255986094
            ],
            [
              201.99903347942745,
              76.34227458760142
            ],
            [
              199.80616238567745,
              81.08232967182994
            ]
          ]
        ]
      }
    },
    {
      "type": "Feature",
      "properties": {
        "sourceLayer": "TPX_BUILDINGS",
        "sourceEntityType": "LWPOLYLINE",
        "sourceHandle": "FC0",
        "contextKind": "building",
        "sourceSceneVersionId": "scv-b67f98b3-a52e-4ff8-b837-45864ccd9201",
        "provenance": "topoexport_dxf_2d"
      },
      "geometry": {
        "type": "Polygon",
        "coordinates": [
          [
            [
              320.93189242336666,
              90.22551767155528
            ],
            [
              317.45309832546627,
              89.4917368106544
            ],
            [
              318.21959879848873,
              85.88866321370006
            ],
            [
              321.6873464867822,
              86.62243119999766
            ],
            [
              320.93189242336666,
              90.22551767155528
            ]
          ]
        ]
      }
    },
    {
      "type": "Feature",
      "properties": {
        "sourceLayer": "TPX_BUILDINGS",
        "sourceEntityType": "LWPOLYLINE",
        "sourceHandle": "FC7",
        "contextKind": "building",
        "sourceSceneVersionId": "scv-b67f98b3-a52e-4ff8-b837-45864ccd9201",
        "provenance": "topoexport_dxf_2d"
      },
      "geometry": {
        "type": "Polygon",
        "coordinates": [
          [
            [
              312.94029620144283,
              85.08640806004405
            ],
            [
              302.8284359261743,
              79.38095895573497
            ],
            [
              304.19005635235226,
              76.95044223591685
            ],
            [
              314.31296303722775,
              82.65590373799205
            ],
            [
              312.94029620144283,
              85.08640806004405
            ]
          ]
        ]
      }
    },
    {
      "type": "Feature",
      "properties": {
        "sourceLayer": "TPX_BUILDINGS",
        "sourceEntityType": "LWPOLYLINE",
        "sourceHandle": "FCE",
        "contextKind": "building",
        "sourceSceneVersionId": "scv-b67f98b3-a52e-4ff8-b837-45864ccd9201",
        "provenance": "topoexport_dxf_2d"
      },
      "geometry": {
        "type": "Polygon",
        "coordinates": [
          [
            [
              316.0659218117944,
              76.26810113713145
            ],
            [
              312.43281891796505,
              75.24670163914561
            ],
            [
              313.3535766885034,
              71.97546664997935
            ],
            [
              316.98667910549557,
              72.99686614796519
            ],
            [
              316.0659218117944,
              76.26810113713145
            ]
          ]
        ]
      }
    },
    {
      "type": "Feature",
      "properties": {
        "sourceLayer": "TPX_BUILDINGS",
        "sourceEntityType": "LWPOLYLINE",
        "sourceHandle": "FD5",
        "contextKind": "building",
        "sourceSceneVersionId": "scv-b67f98b3-a52e-4ff8-b837-45864ccd9201",
        "provenance": "topoexport_dxf_2d"
      },
      "geometry": {
        "type": "Polygon",
        "coordinates": [
          [
            [
              253.1558261201135,
              85.47953931614757
            ],
            [
              247.24349453899777,
              68.96712295338511
            ],
            [
              261.76479104015743,
              63.83271161839366
            ],
            [
              267.6771264359704,
              80.34512607380748
            ],
            [
              253.1558261201135,
              85.47953931614757
            ]
          ]
        ]
      }
    },
    {
      "type": "Feature",
      "properties": {
        "sourceLayer": "TPX_BUILDINGS",
        "sourceEntityType": "LWPOLYLINE",
        "sourceHandle": "FDC",
        "contextKind": "building",
        "sourceSceneVersionId": "scv-b67f98b3-a52e-4ff8-b837-45864ccd9201",
        "provenance": "topoexport_dxf_2d"
      },
      "geometry": {
        "type": "Polygon",
        "coordinates": [
          [
            [
              299.23581126186764,
              62.915532033890486
            ],
            [
              293.1744180009118,
              60.2550744228065
            ],
            [
              294.5811586663476,
              57.03969423100352
            ],
            [
              300.6425648019067,
              59.68909637257457
            ],
            [
              299.23581126186764,
              62.915532033890486
            ]
          ]
        ]
      }
    },
    {
      "type": "Feature",
      "properties": {
        "sourceLayer": "TPX_BUILDINGS",
        "sourceEntityType": "LWPOLYLINE",
        "sourceHandle": "FE3",
        "contextKind": "building",
        "sourceSceneVersionId": "scv-b67f98b3-a52e-4ff8-b837-45864ccd9201",
        "provenance": "topoexport_dxf_2d"
      },
      "geometry": {
        "type": "Polygon",
        "coordinates": [
          [
            [
              294.40658953640377,
              64.49067251011729
            ],
            [
              288.44487860653317,
              61.60922996327281
            ],
            [
              290.039529351925,
              58.29457704350352
            ],
            [
              296.00125363323605,
              61.164964120835066
            ],
            [
              294.40658953640377,
              64.49067251011729
            ]
          ]
        ]
      }
    },
    {
      "type": "Feature",
      "properties": {
        "sourceLayer": "TPX_BUILDINGS",
        "sourceEntityType": "LWPOLYLINE",
        "sourceHandle": "FEE",
        "contextKind": "building",
        "sourceSceneVersionId": "scv-b67f98b3-a52e-4ff8-b837-45864ccd9201",
        "provenance": "topoexport_dxf_2d"
      },
      "geometry": {
        "type": "Polygon",
        "coordinates": [
          [
            [
              221.0544061944238,
              76.29865972325206
            ],
            [
              193.5533552453271,
              62.93333427235484
            ],
            [
              201.10539439175045,
              47.59775821492076
            ],
            [
              230.82550290081417,
              62.04913179203868
            ],
            [
              233.41665175411617,
              56.80101291462779
            ],
            [
              246.1901254937402,
              63.007130067795515
            ],
            [
              233.41149428341305,
              88.93839399144053
            ],
            [
              218.41893723461544,
              81.65727702900767
            ],
            [
              221.0544061944238,
              76.29865972325206
            ]
          ]
        ]
      }
    },
    {
      "type": "Feature",
      "properties": {
        "sourceLayer": "TPX_BUILDINGS",
        "sourceEntityType": "LWPOLYLINE",
        "sourceHandle": "FF5",
        "contextKind": "building",
        "sourceSceneVersionId": "scv-b67f98b3-a52e-4ff8-b837-45864ccd9201",
        "provenance": "topoexport_dxf_2d"
      },
      "geometry": {
        "type": "Polygon",
        "coordinates": [
          [
            [
              191.95513871166622,
              69.23287717625499
            ],
            [
              185.5851311967126,
              65.99717037007213
            ],
            [
              187.4231691643945,
              62.38432018086314
            ],
            [
              193.7931757256738,
              65.62002746388316
            ],
            [
              191.95513871166622,
              69.23287717625499
            ]
          ]
        ]
      }
    },
    {
      "type": "Feature",
      "properties": {
        "sourceLayer": "TPX_BUILDINGS",
        "sourceEntityType": "LWPOLYLINE",
        "sourceHandle": "FFC",
        "contextKind": "building",
        "sourceSceneVersionId": "scv-b67f98b3-a52e-4ff8-b837-45864ccd9201",
        "provenance": "topoexport_dxf_2d"
      },
      "geometry": {
        "type": "Polygon",
        "coordinates": [
          [
            [
              200.24632313702023,
              73.24473659321666
            ],
            [
              195.3000011727563,
              71.1162451915443
            ],
            [
              197.1609883591882,
              66.78483621403575
            ],
            [
              202.1183562562219,
              68.91334049031138
            ],
            [
              200.24632313702023,
              73.24473659321666
            ]
          ]
        ]
      }
    },
    {
      "type": "Feature",
      "properties": {
        "sourceLayer": "TPX_BUILDINGS",
        "sourceEntityType": "LWPOLYLINE",
        "sourceHandle": "1003",
        "contextKind": "building",
        "sourceSceneVersionId": "scv-b67f98b3-a52e-4ff8-b837-45864ccd9201",
        "provenance": "topoexport_dxf_2d"
      },
      "geometry": {
        "type": "Polygon",
        "coordinates": [
          [
            [
              182.6910815522424,
              65.87211171910167
            ],
            [
              176.82856991741573,
              63.17871228978038
            ],
            [
              178.96605160686886,
              58.571254175156355
            ],
            [
              184.8285761162988,
              61.253598134964705
            ],
            [
              182.6910815522424,
              65.87211171910167
            ]
          ]
        ]
      }
    },
    {
      "type": "Feature",
      "properties": {
        "sourceLayer": "TPX_BUILDINGS",
        "sourceEntityType": "LWPOLYLINE",
        "sourceHandle": "100A",
        "contextKind": "building",
        "sourceSceneVersionId": "scv-b67f98b3-a52e-4ff8-b837-45864ccd9201",
        "provenance": "topoexport_dxf_2d"
      },
      "geometry": {
        "type": "Polygon",
        "coordinates": [
          [
            [
              192.60187581036007,
              64.17037908360362
            ],
            [
              186.79491332027828,
              61.211722772568464
            ],
            [
              192.67436554882443,
              49.69924346730113
            ],
            [
              198.48131373379147,
              52.66895429417491
            ],
            [
              192.60187581036007,
              64.17037908360362
            ]
          ]
        ]
      }
    },
    {
      "type": "Feature",
      "properties": {
        "sourceLayer": "TPX_BUILDINGS",
        "sourceEntityType": "LWPOLYLINE",
        "sourceHandle": "1011",
        "contextKind": "building",
        "sourceSceneVersionId": "scv-b67f98b3-a52e-4ff8-b837-45864ccd9201",
        "provenance": "topoexport_dxf_2d"
      },
      "geometry": {
        "type": "Polygon",
        "coordinates": [
          [
            [
              198.48131373379147,
              52.66895429417491
            ],
            [
              192.67436554882443,
              49.69924346730113
            ],
            [
              196.23968317959225,
              42.71662513539195
            ],
            [
              202.04664423916256,
              45.67528049275279
            ],
            [
              198.48131373379147,
              52.66895429417491
            ]
          ]
        ]
      }
    },
    {
      "type": "Feature",
      "properties": {
        "sourceLayer": "TPX_BUILDINGS",
        "sourceEntityType": "LWPOLYLINE",
        "sourceHandle": "1018",
        "contextKind": "building",
        "sourceSceneVersionId": "scv-b67f98b3-a52e-4ff8-b837-45864ccd9201",
        "provenance": "topoexport_dxf_2d"
      },
      "geometry": {
        "type": "Polygon",
        "coordinates": [
          [
            [
              224.03296711895382,
              51.85922185704112
            ],
            [
              217.0336108491174,
              48.36849967762828
            ],
            [
              220.18933346722042,
              42.11503307148814
            ],
            [
              227.1886892602197,
              45.605755250900984
            ],
            [
              224.03296711895382,
              51.85922185704112
            ]
          ]
        ]
      }
    },
    {
      "type": "Feature",
      "properties": {
        "sourceLayer": "TPX_BUILDINGS",
        "sourceEntityType": "LWPOLYLINE",
        "sourceHandle": "101F",
        "contextKind": "building",
        "sourceSceneVersionId": "scv-b67f98b3-a52e-4ff8-b837-45864ccd9201",
        "provenance": "topoexport_dxf_2d"
      },
      "geometry": {
        "type": "Polygon",
        "coordinates": [
          [
            [
              192.91982844326412,
              47.6543287448585
            ],
            [
              173.93131545040524,
              37.95840446278453
            ],
            [
              176.5443120286218,
              32.920361917465925
            ],
            [
              195.53281023952877,
              42.62734071537852
            ],
            [
              192.91982844326412,
              47.6543287448585
            ]
          ]
        ]
      }
    },
    {
      "type": "Feature",
      "properties": {
        "sourceLayer": "TPX_BUILDINGS",
        "sourceEntityType": "LWPOLYLINE",
        "sourceHandle": "1026",
        "contextKind": "building",
        "sourceSceneVersionId": "scv-b67f98b3-a52e-4ff8-b837-45864ccd9201",
        "provenance": "topoexport_dxf_2d"
      },
      "geometry": {
        "type": "Polygon",
        "coordinates": [
          [
            [
              181.36137106869137,
              23.020671766251326
            ],
            [
              173.4537916466943,
              21.551956575363874
            ],
            [
              175.03238299343502,
              13.18507282063365
            ],
            [
              182.92891457531368,
              14.65377513691783
            ],
            [
              181.36137106869137,
              23.020671766251326
            ]
          ]
        ]
      }
    },
    {
      "type": "Feature",
      "properties": {
        "sourceLayer": "TPX_BUILDINGS",
        "sourceEntityType": "LWPOLYLINE",
        "sourceHandle": "102D",
        "contextKind": "building",
        "sourceSceneVersionId": "scv-b67f98b3-a52e-4ff8-b837-45864ccd9201",
        "provenance": "topoexport_dxf_2d"
      },
      "geometry": {
        "type": "Polygon",
        "coordinates": [
          [
            [
              203.4397855088464,
              26.076118867844343
            ],
            [
              184.95973637554562,
              16.115480344742537
            ],
            [
              188.6462884232751,
              9.365165632218122
            ],
            [
              207.12633564922726,
              19.325803201645613
            ],
            [
              203.4397855088464,
              26.076118867844343
            ]
          ]
        ]
      }
    },
    {
      "type": "Feature",
      "properties": {
        "sourceLayer": "TPX_BUILDINGS",
        "sourceEntityType": "LWPOLYLINE",
        "sourceHandle": "1034",
        "contextKind": "building",
        "sourceSceneVersionId": "scv-b67f98b3-a52e-4ff8-b837-45864ccd9201",
        "provenance": "topoexport_dxf_2d"
      },
      "geometry": {
        "type": "Polygon",
        "coordinates": [
          [
            [
              216.08014967892086,
              32.735348146408796
            ],
            [
              210.18479063961422,
              29.79869930073619
            ],
            [
              213.6948199555627,
              22.860234659165144
            ],
            [
              219.59017756435787,
              25.79688350483775
            ],
            [
              216.08014967892086,
              32.735348146408796
            ]
          ]
        ]
      }
    },
    {
      "type": "Feature",
      "properties": {
        "sourceLayer": "TPX_BUILDINGS",
        "sourceEntityType": "LWPOLYLINE",
        "sourceHandle": "103B",
        "contextKind": "building",
        "sourceSceneVersionId": "scv-b67f98b3-a52e-4ff8-b837-45864ccd9201",
        "provenance": "topoexport_dxf_2d"
      },
      "geometry": {
        "type": "Polygon",
        "coordinates": [
          [
            [
              320.45834210369503,
              51.87456504628062
            ],
            [
              314.61822226498043,
              48.92693893238902
            ],
            [
              316.7220120713464,
              44.77269832417369
            ],
            [
              322.56213143322384,
              47.72032443806529
            ],
            [
              320.45834210369503,
              51.87456504628062
            ]
          ]
        ]
      }
    },
    {
      "type": "Feature",
      "properties": {
        "sourceLayer": "TPX_BUILDINGS",
        "sourceEntityType": "LWPOLYLINE",
        "sourceHandle": "1042",
        "contextKind": "building",
        "sourceSceneVersionId": "scv-b67f98b3-a52e-4ff8-b837-45864ccd9201",
        "provenance": "topoexport_dxf_2d"
      },
      "geometry": {
        "type": "Polygon",
        "coordinates": [
          [
            [
              338.4505805153749,
              118.91961995884776
            ],
            [
              336.4965681214235,
              118.02568141743541
            ],
            [
              337.8809250969789,
              115.05348769947886
            ],
            [
              338.4505805153749,
              115.31331006810069
            ],
            [
              338.4505805153749,
              118.91961995884776
            ]
          ]
        ]
      }
    },
    {
      "type": "Feature",
      "properties": {
        "sourceLayer": "TPX_BUILDINGS",
        "sourceEntityType": "LWPOLYLINE",
        "sourceHandle": "1049",
        "contextKind": "building",
        "sourceSceneVersionId": "scv-b67f98b3-a52e-4ff8-b837-45864ccd9201",
        "provenance": "topoexport_dxf_2d"
      },
      "geometry": {
        "type": "Polygon",
        "coordinates": [
          [
            [
              338.45058060321026,
              114.17276231572032
            ],
            [
              336.43583870562725,
              113.36032716557384
            ],
            [
              337.83178139361553,
              109.93488494679332
            ],
            [
              338.45058060321026,
              110.1844128780067
            ],
            [
              338.45058060321026,
              114.17276231572032
            ]
          ]
        ]
      }
    },
    {
      "type": "Feature",
      "properties": {
        "sourceLayer": "TPX_BUILDINGS",
        "sourceEntityType": "LWPOLYLINE",
        "sourceHandle": "104F",
        "contextKind": "building",
        "sourceSceneVersionId": "scv-b67f98b3-a52e-4ff8-b837-45864ccd9201",
        "provenance": "topoexport_dxf_2d"
      },
      "geometry": {
        "type": "Polygon",
        "coordinates": [
          [
            [
              338.4505807834212,
              110.1844128780067
            ],
            [
              337.8317810969893,
              109.93488494679332
            ],
            [
              338.4505807834212,
              108.41601363942027
            ],
            [
              338.4505807834212,
              110.1844128780067
            ]
          ]
        ]
      }
    },
    {
      "type": "Feature",
      "properties": {
        "sourceLayer": "TPX_BUILDINGS",
        "sourceEntityType": "LWPOLYLINE",
        "sourceHandle": "1057",
        "contextKind": "building",
        "sourceSceneVersionId": "scv-b67f98b3-a52e-4ff8-b837-45864ccd9201",
        "provenance": "topoexport_dxf_2d"
      },
      "geometry": {
        "type": "Polygon",
        "coordinates": [
          [
            [
              337.2038901625783,
              108.45274535939097
            ],
            [
              331.49571641074726,
              106.013816755265
            ],
            [
              335.42809279548237,
              96.89797918125987
            ],
            [
              338.45058043586323,
              98.18106309697032
            ],
            [
              338.45058043586323,
              105.56734458729625
            ],
            [
              337.2038901625783,
              108.45274535939097
            ]
          ]
        ]
      }
    },
    {
      "type": "Feature",
      "properties": {
        "sourceLayer": "TPX_BUILDINGS",
        "sourceEntityType": "LWPOLYLINE",
        "sourceHandle": "105D",
        "contextKind": "building",
        "sourceSceneVersionId": "scv-b67f98b3-a52e-4ff8-b837-45864ccd9201",
        "provenance": "topoexport_dxf_2d"
      },
      "geometry": {
        "type": "Polygon",
        "coordinates": [
          [
            [
              338.4505807933165,
              94.36121026799083
            ],
            [
              337.0779740390135,
              93.58339063450694
            ],
            [
              338.4505807933165,
              90.99144498631358
            ],
            [
              338.4505807933165,
              94.36121026799083
            ]
          ]
        ]
      }
    },
    {
      "type": "Feature",
      "properties": {
        "sourceLayer": "TPX_BUILDINGS",
        "sourceEntityType": "LWPOLYLINE",
        "sourceHandle": "1064",
        "contextKind": "building",
        "sourceSceneVersionId": "scv-b67f98b3-a52e-4ff8-b837-45864ccd9201",
        "provenance": "topoexport_dxf_2d"
      },
      "geometry": {
        "type": "Polygon",
        "coordinates": [
          [
            [
              330.0343623444787,
              108.70953981205821
            ],
            [
              321.5435757920495,
              105.32760946080089
            ],
            [
              328.60102513286984,
              87.85778180882335
            ],
            [
              337.0918088242761,
              91.2397107295692
            ],
            [
              330.0343623444787,
              108.70953981205821
            ]
          ]
        ]
      }
    },
    {
      "type": "Feature",
      "properties": {
        "sourceLayer": "TPX_BUILDINGS",
        "sourceEntityType": "LWPOLYLINE",
        "sourceHandle": "106B",
        "contextKind": "building",
        "sourceSceneVersionId": "scv-b67f98b3-a52e-4ff8-b837-45864ccd9201",
        "provenance": "topoexport_dxf_2d"
      },
      "geometry": {
        "type": "Polygon",
        "coordinates": [
          [
            [
              304.31926491711056,
              126.16821948811412
            ],
            [
              278.75161889049923,
              112.55097524449229
            ],
            [
              293.8063731477014,
              86.15809432789683
            ],
            [
              317.12051299068844,
              99.77265016362071
            ],
            [
              304.31926491711056,
              126.16821948811412
            ]
          ]
        ]
      }
    },
    {
      "type": "Feature",
      "properties": {
        "sourceLayer": "TPX_BUILDINGS",
        "sourceEntityType": "LWPOLYLINE",
        "sourceHandle": "1072",
        "contextKind": "building",
        "sourceSceneVersionId": "scv-b67f98b3-a52e-4ff8-b837-45864ccd9201",
        "provenance": "topoexport_dxf_2d"
      },
      "geometry": {
        "type": "Polygon",
        "coordinates": [
          [
            [
              266.1416683480493,
              108.15811054036021
            ],
            [
              265.78210881206905,
              103.97882692143321
            ],
            [
              271.38329031917965,
              103.49907008931041
            ],
            [
              271.74283650371945,
              107.68940870091319
            ],
            [
              266.1416683480493,
              108.15811054036021
            ]
          ]
        ]
      }
    },
    {
      "type": "Feature",
      "properties": {
        "sourceLayer": "TPX_BUILDINGS",
        "sourceEntityType": "LWPOLYLINE",
        "sourceHandle": "1079",
        "contextKind": "building",
        "sourceSceneVersionId": "scv-b67f98b3-a52e-4ff8-b837-45864ccd9201",
        "provenance": "topoexport_dxf_2d"
      },
      "geometry": {
        "type": "Polygon",
        "coordinates": [
          [
            [
              262.10298827145016,
              104.49403802677989
            ],
            [
              257.5859489724389,
              103.64846460148692
            ],
            [
              258.3196306512109,
              99.78002826496959
            ],
            [
              262.8256225869409,
              100.62558881565928
            ],
            [
              262.10298827145016,
              104.49403802677989
            ]
          ]
        ]
      }
    },
    {
      "type": "Feature",
      "properties": {
        "sourceLayer": "TPX_BUILDINGS",
        "sourceEntityType": "LWPOLYLINE",
        "sourceHandle": "1080",
        "contextKind": "building",
        "sourceSceneVersionId": "scv-b67f98b3-a52e-4ff8-b837-45864ccd9201",
        "provenance": "topoexport_dxf_2d"
      },
      "geometry": {
        "type": "Polygon",
        "coordinates": [
          [
            [
              257.1758065507165,
              95.56664506718516
            ],
            [
              256.59447434399044,
              92.09462873265147
            ],
            [
              261.3564853951684,
              91.30432836338878
            ],
            [
              261.92677119228756,
              94.7763318233192
            ],
            [
              257.1758065507165,
              95.56664506718516
            ]
          ]
        ]
      }
    },
    {
      "type": "Feature",
      "properties": {
        "sourceLayer": "TPX_BUILDINGS",
        "sourceEntityType": "LWPOLYLINE",
        "sourceHandle": "1087",
        "contextKind": "building",
        "sourceSceneVersionId": "scv-b67f98b3-a52e-4ff8-b837-45864ccd9201",
        "provenance": "topoexport_dxf_2d"
      },
      "geometry": {
        "type": "Polygon",
        "coordinates": [
          [
            [
              226.4679427430383,
              103.50083677098155
            ],
            [
              214.2241282746545,
              97.77071944996715
            ],
            [
              219.6395302102319,
              86.33507005497813
            ],
            [
              231.88334181759274,
              92.06518689915538
            ],
            [
              226.4679427430383,
              103.50083677098155
            ]
          ]
        ]
      }
    },
    {
      "type": "Feature",
      "properties": {
        "sourceLayer": "TPX_BUILDINGS",
        "sourceEntityType": "LWPOLYLINE",
        "sourceHandle": "108E",
        "contextKind": "building",
        "sourceSceneVersionId": "scv-b67f98b3-a52e-4ff8-b837-45864ccd9201",
        "provenance": "topoexport_dxf_2d"
      },
      "geometry": {
        "type": "Polygon",
        "coordinates": [
          [
            [
              259.17976954433834,
              128.85615579411387
            ],
            [
              233.19933846447384,
              118.6544450931251
            ],
            [
              236.2684421822778,
              110.93053666874766
            ],
            [
              262.24885657284176,
              121.14330093190074
            ],
            [
              259.17976954433834,
              128.85615579411387
            ]
          ]
        ]
      }
    },
    {
      "type": "Feature",
      "properties": {
        "sourceLayer": "TPX_BUILDINGS",
        "sourceEntityType": "LWPOLYLINE",
        "sourceHandle": "1095",
        "contextKind": "building",
        "sourceSceneVersionId": "scv-b67f98b3-a52e-4ff8-b837-45864ccd9201",
        "provenance": "topoexport_dxf_2d"
      },
      "geometry": {
        "type": "Polygon",
        "coordinates": [
          [
            [
              261.1930880830041,
              117.19534723088145
            ],
            [
              253.44314721081173,
              113.20625392720103
            ],
            [
              257.0968590066186,
              106.20162669941783
            ],
            [
              264.835765390133,
              110.17965165898204
            ],
            [
              261.1930880830041,
              117.19534723088145
            ]
          ]
        ]
      }
    },
    {
      "type": "Feature",
      "properties": {
        "sourceLayer": "TPX_BUILDINGS",
        "sourceEntityType": "LWPOLYLINE",
        "sourceHandle": "109C",
        "contextKind": "building",
        "sourceSceneVersionId": "scv-b67f98b3-a52e-4ff8-b837-45864ccd9201",
        "provenance": "topoexport_dxf_2d"
      },
      "geometry": {
        "type": "Polygon",
        "coordinates": [
          [
            [
              334.00063851330196,
              117.52522985264659
            ],
            [
              323.1365914628259,
              112.67013875767589
            ],
            [
              324.4435310647241,
              109.7752389125526
            ],
            [
              335.307577638363,
              114.63032953068614
            ],
            [
              334.00063851330196,
              117.52522985264659
            ]
          ]
        ]
      }
    },
    {
      "type": "Feature",
      "properties": {
        "sourceLayer": "TPX_BUILDINGS",
        "sourceEntityType": "LWPOLYLINE",
        "sourceHandle": "10A3",
        "contextKind": "building",
        "sourceSceneVersionId": "scv-b67f98b3-a52e-4ff8-b837-45864ccd9201",
        "provenance": "topoexport_dxf_2d"
      },
      "geometry": {
        "type": "Polygon",
        "coordinates": [
          [
            [
              326.3750963494531,
              120.39050142094493
            ],
            [
              320.8432851121179,
              118.27238170430064
            ],
            [
              322.5718360230676,
              113.83025972172618
            ],
            [
              328.10364678356564,
              115.94837943837047
            ],
            [
              326.3750963494531,
              120.39050142094493
            ]
          ]
        ]
      }
    },
    {
      "type": "Feature",
      "properties": {
        "sourceLayer": "TPX_BUILDINGS",
        "sourceEntityType": "LWPOLYLINE",
        "sourceHandle": "10AA",
        "contextKind": "building",
        "sourceSceneVersionId": "scv-b67f98b3-a52e-4ff8-b837-45864ccd9201",
        "provenance": "topoexport_dxf_2d"
      },
      "geometry": {
        "type": "Polygon",
        "coordinates": [
          [
            [
              316.7077822968713,
              121.7056187801063
            ],
            [
              311.5277376458398,
              121.0361441783607
            ],
            [
              312.6091208741418,
              112.7460526637733
            ],
            [
              317.78916504833614,
              113.4155272655189
            ],
            [
              316.7077822968713,
              121.7056187801063
            ]
          ]
        ]
      }
    },
    {
      "type": "Feature",
      "properties": {
        "sourceLayer": "TPX_BUILDINGS",
        "sourceEntityType": "LWPOLYLINE",
        "sourceHandle": "10B1",
        "contextKind": "building",
        "sourceSceneVersionId": "scv-b67f98b3-a52e-4ff8-b837-45864ccd9201",
        "provenance": "topoexport_dxf_2d"
      },
      "geometry": {
        "type": "Polygon",
        "coordinates": [
          [
            [
              321.98056414577877,
              127.99123040959239
            ],
            [
              318.491246728634,
              126.81523029133677
            ],
            [
              320.7526765153161,
              120.15165321156383
            ],
            [
              324.24199345562374,
              121.32765285298228
            ],
            [
              321.98056414577877,
              127.99123040959239
            ]
          ]
        ]
      }
    },
    {
      "type": "Feature",
      "properties": {
        "sourceLayer": "TPX_BUILDINGS",
        "sourceEntityType": "LWPOLYLINE",
        "sourceHandle": "10B9",
        "contextKind": "building",
        "sourceSceneVersionId": "scv-b67f98b3-a52e-4ff8-b837-45864ccd9201",
        "provenance": "topoexport_dxf_2d"
      },
      "geometry": {
        "type": "Polygon",
        "coordinates": [
          [
            [
              337.5708449492813,
              124.99171726033092
            ],
            [
              327.32502108911285,
              120.45796291157603
            ],
            [
              328.9531920562149,
              116.82274858281016
            ],
            [
              338.4505804190994,
              121.02532188221812
            ],
            [
              338.4505804190994,
              123.02753297612071
            ],
            [
              337.5708449492813,
              124.99171726033092
            ]
          ]
        ]
      }
    },
    {
      "type": "Feature",
      "properties": {
        "sourceLayer": "TPX_BUILDINGS",
        "sourceEntityType": "LWPOLYLINE",
        "sourceHandle": "10C0",
        "contextKind": "building",
        "sourceSceneVersionId": "scv-b67f98b3-a52e-4ff8-b837-45864ccd9201",
        "provenance": "topoexport_dxf_2d"
      },
      "geometry": {
        "type": "Polygon",
        "coordinates": [
          [
            [
              326.70593836758053,
              130.14155618473887
            ],
            [
              322.5100226685754,
              128.64411536976695
            ],
            [
              325.41382267925655,
              120.57729570195079
            ],
            [
              329.6097379014245,
              122.07473604008555
            ],
            [
              326.70593836758053,
              130.14155618473887
            ]
          ]
        ]
      }
    },
    {
      "type": "Feature",
      "properties": {
        "sourceLayer": "TPX_BUILDINGS",
        "sourceEntityType": "LWPOLYLINE",
        "sourceHandle": "10C7",
        "contextKind": "building",
        "sourceSceneVersionId": "scv-b67f98b3-a52e-4ff8-b837-45864ccd9201",
        "provenance": "topoexport_dxf_2d"
      },
      "geometry": {
        "type": "Polygon",
        "coordinates": [
          [
            [
              314.21107199642574,
              131.14376394078135
            ],
            [
              309.32911255810177,
              130.61836091801524
            ],
            [
              310.2673778817407,
              121.91905776783824
            ],
            [
              315.1493368432275,
              122.44446079060435
            ],
            [
              314.21107199642574,
              131.14376394078135
            ]
          ]
        ]
      }
    },
    {
      "type": "Feature",
      "properties": {
        "sourceLayer": "TPX_BUILDINGS",
        "sourceEntityType": "LWPOLYLINE",
        "sourceHandle": "10CE",
        "contextKind": "building",
        "sourceSceneVersionId": "scv-b67f98b3-a52e-4ff8-b837-45864ccd9201",
        "provenance": "topoexport_dxf_2d"
      },
      "geometry": {
        "type": "Polygon",
        "coordinates": [
          [
            [
              324.1405954644433,
              141.5584954433143
            ],
            [
              316.71993878338253,
              139.3386310748756
            ],
            [
              319.5035701081506,
              130.14404146000743
            ],
            [
              326.935272245144,
              132.36391822621226
            ],
            [
              324.1405954644433,
              141.5584954433143
            ]
          ]
        ]
      }
    },
    {
      "type": "Feature",
      "properties": {
        "sourceLayer": "TPX_BUILDINGS",
        "sourceEntityType": "LWPOLYLINE",
        "sourceHandle": "10D5",
        "contextKind": "building",
        "sourceSceneVersionId": "scv-b67f98b3-a52e-4ff8-b837-45864ccd9201",
        "provenance": "topoexport_dxf_2d"
      },
      "geometry": {
        "type": "Polygon",
        "coordinates": [
          [
            [
              333.94940093014156,
              142.02342740818858
            ],
            [
              327.27972557995236,
              139.95923034474254
            ],
            [
              329.3421850487939,
              133.4059681110084
            ],
            [
              336.01184657070553,
              135.48121969029307
            ],
            [
              333.94940093014156,
              142.02342740818858
            ]
          ]
        ]
      }
    },
    {
      "type": "Feature",
      "properties": {
        "sourceLayer": "TPX_BUILDINGS",
        "sourceEntityType": "LWPOLYLINE",
        "sourceHandle": "10E8",
        "contextKind": "building",
        "sourceSceneVersionId": "scv-b67f98b3-a52e-4ff8-b837-45864ccd9201",
        "provenance": "topoexport_dxf_2d"
      },
      "geometry": {
        "type": "Polygon",
        "coordinates": [
          [
            [
              175.1521582886926,
              135.03534166142344
            ],
            [
              174.24079182598507,
              130.42424718663096
            ],
            [
              175.1852345750085,
              125.8264216594398
            ],
            [
              177.83001664135372,
              121.92709962651134
            ],
            [
              181.7656894013635,
              119.33382741734385
            ],
            [
              186.40632393810665,
              118.432837408036
            ],
            [
              191.04477074596798,
              119.36700336262584
            ],
            [
              194.96317437145626,
              121.9917515926063
            ],
            [
              197.57654240581905,
              125.90839902684093
            ],
            [
              198.48791029903805,
              130.5194925479591
            ],
            [
              197.54345610592281,
              135.12837402150035
            ],
            [
              194.8986888215295,
              139.0166415385902
            ],
            [
              190.96301510784542,
              141.609914701432
            ],
            [
              186.32237866375363,
              142.510905187577
            ],
            [
              181.68392994854366,
              141.57673923298717
            ],
            [
              177.76552536938107,
              138.95199004933238
            ],
            [
              175.1521582886926,
              135.03534166142344
            ]
          ]
        ]
      }
    },
    {
      "type": "Feature",
      "properties": {
        "sourceLayer": "TPX_BUILDINGS",
        "sourceEntityType": "LWPOLYLINE",
        "sourceHandle": "10FB",
        "contextKind": "building",
        "sourceSceneVersionId": "scv-b67f98b3-a52e-4ff8-b837-45864ccd9201",
        "provenance": "topoexport_dxf_2d"
      },
      "geometry": {
        "type": "Polygon",
        "coordinates": [
          [
            [
              210.04124691936886,
              150.21147386357188
            ],
            [
              209.435676126217,
              148.54142085835338
            ],
            [
              209.5261702821008,
              146.7616457156837
            ],
            [
              210.2902937218896,
              145.15955678746104
            ],
            [
              211.6173043534509,
              143.96717969700694
            ],
            [
              213.30813982937252,
              143.37221566960216
            ],
            [
              215.08653071377194,
              143.46277705952525
            ],
            [
              216.70947936031735,
              144.21646301075816
            ],
            [
              217.90093996975338,
              145.53344861790538
            ],
            [
              218.5065112397424,
              147.20350162312388
            ],
            [
              218.4160170838586,
              148.98327676579356
            ],
            [
              217.65189412090695,
              150.58536569401622
            ],
            [
              216.32488348934567,
              151.77774278447032
            ],
            [
              214.64509442303097,
              152.37272016331553
            ],
            [
              212.8556561753503,
              152.28214589878917
            ],
            [
              211.243754415249,
              151.52847282215953
            ],
            [
              210.04124691936886,
              150.21147386357188
            ]
          ]
        ]
      }
    },
    {
      "type": "Feature",
      "properties": {
        "sourceLayer": "TPX_BUILDINGS",
        "sourceEntityType": "LWPOLYLINE",
        "sourceHandle": "110E",
        "contextKind": "building",
        "sourceSceneVersionId": "scv-b67f98b3-a52e-4ff8-b837-45864ccd9201",
        "provenance": "topoexport_dxf_2d"
      },
      "geometry": {
        "type": "Polygon",
        "coordinates": [
          [
            [
              232.56862071010983,
              156.6282114200294
            ],
            [
              232.4825010583154,
              154.7376741580665
            ],
            [
              233.13635590526974,
              152.96962587162852
            ],
            [
              234.4194169327966,
              151.57820312306285
            ],
            [
              236.14364245388424,
              150.77322999760509
            ],
            [
              238.04374316189205,
              150.6981076411903
            ],
            [
              239.83252242062008,
              151.3414386920631
            ],
            [
              241.23390820476925,
              152.62550823017955
            ],
            [
              242.02721884701168,
              154.34000531956553
            ],
            [
              242.1133523270837,
              156.21948711201549
            ],
            [
              241.4594846055261,
              157.9985908679664
            ],
            [
              240.17642357799923,
              159.39001409336925
            ],
            [
              238.452211408352,
              160.18393222615123
            ],
            [
              236.55211022350704,
              160.25905458256602
            ],
            [
              234.76333048794186,
              159.61572305485606
            ],
            [
              233.36193182918942,
              158.3427085094154
            ],
            [
              232.56862071010983,
              156.6282114200294
            ]
          ]
        ]
      }
    },
    {
      "type": "Feature",
      "properties": {
        "sourceLayer": "TPX_BUILDINGS",
        "sourceEntityType": "LWPOLYLINE",
        "sourceHandle": "1115",
        "contextKind": "building",
        "sourceSceneVersionId": "scv-b67f98b3-a52e-4ff8-b837-45864ccd9201",
        "provenance": "topoexport_dxf_2d"
      },
      "geometry": {
        "type": "Polygon",
        "coordinates": [
          [
            [
              321.42233660671627,
              151.51597015187144
            ],
            [
              313.78045800182736,
              149.53905622288585
            ],
            [
              316.09975293133175,
              140.66451398655772
            ],
            [
              323.74163058254635,
              142.64142743870616
            ],
            [
              321.42233660671627,
              151.51597015187144
            ]
          ]
        ]
      }
    },
    {
      "type": "Feature",
      "properties": {
        "sourceLayer": "TPX_BUILDINGS",
        "sourceEntityType": "LWPOLYLINE",
        "sourceHandle": "111C",
        "contextKind": "building",
        "sourceSceneVersionId": "scv-b67f98b3-a52e-4ff8-b837-45864ccd9201",
        "provenance": "topoexport_dxf_2d"
      },
      "geometry": {
        "type": "Polygon",
        "coordinates": [
          [
            [
              331.26342871639645,
              152.6995267085731
            ],
            [
              324.29546835873043,
              150.65708534047008
            ],
            [
              326.93511202785885,
              141.7829236201942
            ],
            [
              333.9030709550134,
              143.82536498829722
            ],
            [
              331.26342871639645,
              152.6995267085731
            ]
          ]
        ]
      }
    },
    {
      "type": "Feature",
      "properties": {
        "sourceLayer": "TPX_BUILDINGS",
        "sourceEntityType": "LWPOLYLINE",
        "sourceHandle": "1123",
        "contextKind": "building",
        "sourceSceneVersionId": "scv-b67f98b3-a52e-4ff8-b837-45864ccd9201",
        "provenance": "topoexport_dxf_2d"
      },
      "geometry": {
        "type": "Polygon",
        "coordinates": [
          [
            [
              317.98010447475826,
              166.46952049061656
            ],
            [
              312.5799918458215,
              165.07014314457774
            ],
            [
              314.8548646256677,
              156.39454070851207
            ],
            [
              320.254975824093,
              157.7939180545509
            ],
            [
              317.98010447475826,
              166.46952049061656
            ]
          ]
        ]
      }
    },
    {
      "type": "Feature",
      "properties": {
        "sourceLayer": "TPX_BUILDINGS",
        "sourceEntityType": "LWPOLYLINE",
        "sourceHandle": "1129",
        "contextKind": "building",
        "sourceSceneVersionId": "scv-b67f98b3-a52e-4ff8-b837-45864ccd9201",
        "provenance": "topoexport_dxf_2d"
      },
      "geometry": {
        "type": "Polygon",
        "coordinates": [
          [
            [
              338.45058087137295,
              158.2396549396217
            ],
            [
              337.8077795865829,
              157.96957341954112
            ],
            [
              338.45058087137295,
              156.46056358143687
            ],
            [
              338.45058087137295,
              158.2396549396217
            ]
          ]
        ]
      }
    },
    {
      "type": "Feature",
      "properties": {
        "sourceLayer": "TPX_BUILDINGS",
        "sourceEntityType": "LWPOLYLINE",
        "sourceHandle": "1131",
        "contextKind": "building",
        "sourceSceneVersionId": "scv-b67f98b3-a52e-4ff8-b837-45864ccd9201",
        "provenance": "topoexport_dxf_2d"
      },
      "geometry": {
        "type": "Polygon",
        "coordinates": [
          [
            [
              337.73116410220973,
              157.37250320240855
            ],
            [
              332.4971844002139,
              155.60850469395518
            ],
            [
              335.5124098106753,
              146.73478929325938
            ],
            [
              338.4505807205569,
              147.72915260121226
            ],
            [
              338.4505807205569,
              155.26563207432628
            ],
            [
              337.73116410220973,
              157.37250320240855
            ]
          ]
        ]
      }
    },
    {
      "type": "Feature",
      "properties": {
        "sourceLayer": "TPX_BUILDINGS",
        "sourceEntityType": "LWPOLYLINE",
        "sourceHandle": "1138",
        "contextKind": "building",
        "sourceSceneVersionId": "scv-b67f98b3-a52e-4ff8-b837-45864ccd9201",
        "provenance": "topoexport_dxf_2d"
      },
      "geometry": {
        "type": "Polygon",
        "coordinates": [
          [
            [
              338.4505808663671,
              147.14136401936412
            ],
            [
              333.87887361767935,
              145.59416333958507
            ],
            [
              334.75458982709097,
              143.04146091267467
            ],
            [
              338.4505808663671,
              144.28711406514049
            ],
            [
              338.4505808663671,
              147.14136401936412
            ]
          ]
        ]
      }
    },
    {
      "type": "Feature",
      "properties": {
        "sourceLayer": "TPX_BUILDINGS",
        "sourceEntityType": "LWPOLYLINE",
        "sourceHandle": "113F",
        "contextKind": "building",
        "sourceSceneVersionId": "scv-b67f98b3-a52e-4ff8-b837-45864ccd9201",
        "provenance": "topoexport_dxf_2d"
      },
      "geometry": {
        "type": "Polygon",
        "coordinates": [
          [
            [
              338.4505804608343,
              143.33939115330577
            ],
            [
              334.25903354387265,
              141.74741641804576
            ],
            [
              336.66360650758725,
              135.47094003483653
            ],
            [
              338.4505804608343,
              136.149643342942
            ],
            [
              338.4505804608343,
              143.33939115330577
            ]
          ]
        ]
      }
    },
    {
      "type": "Feature",
      "properties": {
        "sourceLayer": "TPX_BUILDINGS",
        "sourceEntityType": "LWPOLYLINE",
        "sourceHandle": "1146",
        "contextKind": "building",
        "sourceSceneVersionId": "scv-b67f98b3-a52e-4ff8-b837-45864ccd9201",
        "provenance": "topoexport_dxf_2d"
      },
      "geometry": {
        "type": "Polygon",
        "coordinates": [
          [
            [
              338.4505806079833,
              131.43513194844127
            ],
            [
              332.66112376365345,
              129.2310618571937
            ],
            [
              334.4007597080199,
              124.75578729435802
            ],
            [
              338.4505806079833,
              126.3005050830543
            ],
            [
              338.4505806079833,
              131.43513194844127
            ]
          ]
        ]
      }
    },
    {
      "type": "Feature",
      "properties": {
        "sourceLayer": "TPX_BUILDINGS",
        "sourceEntityType": "LWPOLYLINE",
        "sourceHandle": "114D",
        "contextKind": "building",
        "sourceSceneVersionId": "scv-b67f98b3-a52e-4ff8-b837-45864ccd9201",
        "provenance": "topoexport_dxf_2d"
      },
      "geometry": {
        "type": "Polygon",
        "coordinates": [
          [
            [
              338.4505805700901,
              187.22442428395152
            ],
            [
              332.4295482367161,
              184.60613672062755
            ],
            [
              334.3679318159702,
              180.2084845714271
            ],
            [
              338.4505805700901,
              181.97921506688
            ],
            [
              338.4505805700901,
              187.22442428395152
            ]
          ]
        ]
      }
    },
    {
      "type": "Feature",
      "properties": {
        "sourceLayer": "TPX_BUILDINGS",
        "sourceEntityType": "LWPOLYLINE",
        "sourceHandle": "1154",
        "contextKind": "building",
        "sourceSceneVersionId": "scv-b67f98b3-a52e-4ff8-b837-45864ccd9201",
        "provenance": "topoexport_dxf_2d"
      },
      "geometry": {
        "type": "Polygon",
        "coordinates": [
          [
            [
              338.45058053248795,
              173.93266336247325
            ],
            [
              331.9261941265431,
              171.29511253163218
            ],
            [
              333.6655549358693,
              167.051996152848
            ],
            [
              338.45058053248795,
              168.98639241978526
            ],
            [
              338.45058053248795,
              173.93266336247325
            ]
          ]
        ]
      }
    },
    {
      "type": "Feature",
      "properties": {
        "sourceLayer": "TPX_BUILDINGS",
        "sourceEntityType": "LWPOLYLINE",
        "sourceHandle": "115B",
        "contextKind": "building",
        "sourceSceneVersionId": "scv-b67f98b3-a52e-4ff8-b837-45864ccd9201",
        "provenance": "topoexport_dxf_2d"
      },
      "geometry": {
        "type": "Polygon",
        "coordinates": [
          [
            [
              338.4505806900561,
              166.9434150867164
            ],
            [
              335.4789405800402,
              165.5838154964149
            ],
            [
              337.91544446721673,
              160.32445279881358
            ],
            [
              338.4505806900561,
              160.56929103657603
            ],
            [
              338.4505806900561,
              166.9434150867164
            ]
          ]
        ]
      }
    },
    {
      "type": "Feature",
      "properties": {
        "sourceLayer": "TPX_BUILDINGS",
        "sourceEntityType": "LWPOLYLINE",
        "sourceHandle": "1162",
        "contextKind": "building",
        "sourceSceneVersionId": "scv-b67f98b3-a52e-4ff8-b837-45864ccd9201",
        "provenance": "topoexport_dxf_2d"
      },
      "geometry": {
        "type": "Polygon",
        "coordinates": [
          [
            [
              324.7589855477563,
              169.59514467045665
            ],
            [
              319.0165343568078,
              168.10691921040416
            ],
            [
              321.52443650219357,
              158.54718009755015
            ],
            [
              327.27793314907467,
              160.03541843220592
            ],
            [
              324.7589855477563,
              169.59514467045665
            ]
          ]
        ]
      }
    },
    {
      "type": "Feature",
      "properties": {
        "sourceLayer": "TPX_BUILDINGS",
        "sourceEntityType": "LWPOLYLINE",
        "sourceHandle": "1169",
        "contextKind": "building",
        "sourceSceneVersionId": "scv-b67f98b3-a52e-4ff8-b837-45864ccd9201",
        "provenance": "topoexport_dxf_2d"
      },
      "geometry": {
        "type": "Polygon",
        "coordinates": [
          [
            [
              322.0228023812524,
              176.04810849949718
            ],
            [
              310.6041651055566,
              173.08279077336192
            ],
            [
              311.66945031139767,
              169.03786603733897
            ],
            [
              323.0880999848596,
              171.99212877079844
            ],
            [
              322.0228023812524,
              176.04810849949718
            ]
          ]
        ]
      }
    },
    {
      "type": "Feature",
      "properties": {
        "sourceLayer": "TPX_BUILDINGS",
        "sourceEntityType": "LWPOLYLINE",
        "sourceHandle": "1170",
        "contextKind": "building",
        "sourceSceneVersionId": "scv-b67f98b3-a52e-4ff8-b837-45864ccd9201",
        "provenance": "topoexport_dxf_2d"
      },
      "geometry": {
        "type": "Polygon",
        "coordinates": [
          [
            [
              338.4505808057729,
              178.73051111027598
            ],
            [
              330.9820806684438,
              175.62761632725596
            ],
            [
              332.3114297094289,
              172.46741906926036
            ],
            [
              338.4505808057729,
              175.02599326893687
            ],
            [
              338.4505808057729,
              178.73051111027598
            ]
          ]
        ]
      }
    },
    {
      "type": "Feature",
      "properties": {
        "sourceLayer": "TPX_BUILDINGS",
        "sourceEntityType": "LWPOLYLINE",
        "sourceHandle": "1177",
        "contextKind": "building",
        "sourceSceneVersionId": "scv-b67f98b3-a52e-4ff8-b837-45864ccd9201",
        "provenance": "topoexport_dxf_2d"
      },
      "geometry": {
        "type": "Polygon",
        "coordinates": [
          [
            [
              327.79573729488766,
              179.76951448246837
            ],
            [
              322.2310295388452,
              177.4413079433143
            ],
            [
              323.8816113755456,
              173.5407966785133
            ],
            [
              329.44631865475094,
              175.86900274083018
            ],
            [
              327.79573729488766,
              179.76951448246837
            ]
          ]
        ]
      }
    },
    {
      "type": "Feature",
      "properties": {
        "sourceLayer": "TPX_BUILDINGS",
        "sourceEntityType": "LWPOLYLINE",
        "sourceHandle": "117E",
        "contextKind": "building",
        "sourceSceneVersionId": "scv-b67f98b3-a52e-4ff8-b837-45864ccd9201",
        "provenance": "topoexport_dxf_2d"
      },
      "geometry": {
        "type": "Polygon",
        "coordinates": [
          [
            [
              319.8620791718713,
              181.62839929386973
            ],
            [
              314.0102396294824,
              179.23351899906993
            ],
            [
              315.3839602753869,
              175.91860238835216
            ],
            [
              321.2357864663354,
              178.32453767582774
            ],
            [
              319.8620791718713,
              181.62839929386973
            ]
          ]
        ]
      }
    },
    {
      "type": "Feature",
      "properties": {
        "sourceLayer": "TPX_BUILDINGS",
        "sourceEntityType": "LWPOLYLINE",
        "sourceHandle": "1185",
        "contextKind": "building",
        "sourceSceneVersionId": "scv-b67f98b3-a52e-4ff8-b837-45864ccd9201",
        "provenance": "topoexport_dxf_2d"
      },
      "geometry": {
        "type": "Polygon",
        "coordinates": [
          [
            [
              303.5852933213464,
              176.6894783191383
            ],
            [
              300.636359719967,
              176.26587192341685
            ],
            [
              301.3492083832971,
              171.3361143283546
            ],
            [
              304.2871084496728,
              171.74865237995982
            ],
            [
              303.5852933213464,
              176.6894783191383
            ]
          ]
        ]
      }
    },
    {
      "type": "Feature",
      "properties": {
        "sourceLayer": "TPX_BUILDINGS",
        "sourceEntityType": "LWPOLYLINE",
        "sourceHandle": "1198",
        "contextKind": "building",
        "sourceSceneVersionId": "scv-b67f98b3-a52e-4ff8-b837-45864ccd9201",
        "provenance": "topoexport_dxf_2d"
      },
      "geometry": {
        "type": "Polygon",
        "coordinates": [
          [
            [
              161.0135822579614,
              171.20206014439464
            ],
            [
              160.91986039135372,
              166.42611352726817
            ],
            [
              162.6705327317468,
              161.97296706959605
            ],
            [
              165.99966338131344,
              158.527723710984
            ],
            [
              170.40953734371578,
              156.6093839816749
            ],
            [
              175.22597125027096,
              156.50457660481334
            ],
            [
              179.70880654308712,
              158.24558536335826
            ],
            [
              183.17347338650143,
              161.56626884266734
            ],
            [
              185.11244824383175,
              165.94642965123057
            ],
            [
              185.2061724946252,
              170.72237626835704
            ],
            [
              183.45550206158077,
              175.17552367970347
            ],
            [
              180.1153250024072,
              178.62075464054942
            ],
            [
              175.70544960949337,
              180.53909532353282
            ],
            [
              170.90005972835934,
              180.64391605183482
            ],
            [
              166.4172230050317,
              178.90290681645274
            ],
            [
              162.94150975201046,
              175.5822090320289
            ],
            [
              161.0135822579614,
              171.20206014439464
            ]
          ]
        ]
      }
    },
    {
      "type": "Feature",
      "properties": {
        "sourceLayer": "TPX_BUILDINGS",
        "sourceEntityType": "LWPOLYLINE",
        "sourceHandle": "11AB",
        "contextKind": "building",
        "sourceSceneVersionId": "scv-b67f98b3-a52e-4ff8-b837-45864ccd9201",
        "provenance": "topoexport_dxf_2d"
      },
      "geometry": {
        "type": "Polygon",
        "coordinates": [
          [
            [
              199.66978457424557,
              186.20580856129527
            ],
            [
              198.47117760631954,
              181.61648265644908
            ],
            [
              199.1285267159692,
              176.91881791874766
            ],
            [
              201.54155495617306,
              172.8312806300819
            ],
            [
              205.34498742077267,
              169.9725250415504
            ],
            [
              209.96387579891598,
              168.78407184407115
            ],
            [
              214.69104197475826,
              169.43090669438243
            ],
            [
              218.79750588390743,
              171.83477298542857
            ],
            [
              221.67615416500485,
              175.61907283589244
            ],
            [
              222.8858223244897,
              180.19735614582896
            ],
            [
              222.22847559902584,
              184.89502088353038
            ],
            [
              219.80440190288937,
              188.98254577443004
            ],
            [
              216.0009689614526,
              191.841302793473
            ],
            [
              211.38206580135738,
              193.0408114604652
            ],
            [
              206.66595700237667,
              192.38293496891856
            ],
            [
              202.5484452531091,
              189.97905389592052
            ],
            [
              199.66978457424557,
              186.20580856129527
            ]
          ]
        ]
      }
    },
    {
      "type": "Feature",
      "properties": {
        "sourceLayer": "TPX_BUILDINGS",
        "sourceEntityType": "LWPOLYLINE",
        "sourceHandle": "11BE",
        "contextKind": "building",
        "sourceSceneVersionId": "scv-b67f98b3-a52e-4ff8-b837-45864ccd9201",
        "provenance": "topoexport_dxf_2d"
      },
      "geometry": {
        "type": "Polygon",
        "coordinates": [
          [
            [
              242.82372668239987,
              199.73349134251475
            ],
            [
              240.44491103145992,
              193.65031282231212
            ],
            [
              240.59628680202877,
              187.12794153019786
            ],
            [
              243.2435422227136,
              181.15024701878428
            ],
            [
              247.98790648434078,
              176.63433353230357
            ],
            [
              254.11052325222408,
              174.2758197002113
            ],
            [
              260.6830725953332,
              174.41631023213267
            ],
            [
              266.70031836483395,
              177.05460731312633
            ],
            [
              271.23484948131954,
              181.76951019093394
            ],
            [
              273.61366799328243,
              187.8526872806251
            ],
            [
              273.47334292385494,
              194.37507144734263
            ],
            [
              270.8260903641931,
              200.35276691243052
            ],
            [
              266.0817394540063,
              204.8576273135841
            ],
            [
              259.94806054088986,
              207.22718469426036
            ],
            [
              253.38655331585323,
              207.08670799061656
            ],
            [
              247.36930468532955,
              204.44840947911143
            ],
            [
              242.82372668239987,
              199.73349134251475
            ]
          ]
        ]
      }
    },
    {
      "type": "Feature",
      "properties": {
        "sourceLayer": "TPX_BUILDINGS",
        "sourceEntityType": "LWPOLYLINE",
        "sourceHandle": "11C5",
        "contextKind": "building",
        "sourceSceneVersionId": "scv-b67f98b3-a52e-4ff8-b837-45864ccd9201",
        "provenance": "topoexport_dxf_2d"
      },
      "geometry": {
        "type": "Polygon",
        "coordinates": [
          [
            [
              315.055660752987,
              191.88187877461314
            ],
            [
              308.1651797578088,
              189.70686523243785
            ],
            [
              310.8484349534265,
              181.31918374821544
            ],
            [
              317.7389149949304,
              183.49419681355357
            ],
            [
              315.055660752987,
              191.88187877461314
            ]
          ]
        ]
      }
    },
    {
      "type": "Feature",
      "properties": {
        "sourceLayer": "TPX_BUILDINGS",
        "sourceEntityType": "LWPOLYLINE",
        "sourceHandle": "11CC",
        "contextKind": "building",
        "sourceSceneVersionId": "scv-b67f98b3-a52e-4ff8-b837-45864ccd9201",
        "provenance": "topoexport_dxf_2d"
      },
      "geometry": {
        "type": "Polygon",
        "coordinates": [
          [
            [
              329.2197175309411,
              189.9198555164039
            ],
            [
              326.3269629761926,
              188.70034496113658
            ],
            [
              329.3290005013696,
              181.6286071948707
            ],
            [
              332.2328009888879,
              182.84813062474132
            ],
            [
              329.2197175309411,
              189.9198555164039
            ]
          ]
        ]
      }
    },
    {
      "type": "Feature",
      "properties": {
        "sourceLayer": "TPX_BUILDINGS",
        "sourceEntityType": "LWPOLYLINE",
        "sourceHandle": "11D3",
        "contextKind": "building",
        "sourceSceneVersionId": "scv-b67f98b3-a52e-4ff8-b837-45864ccd9201",
        "provenance": "topoexport_dxf_2d"
      },
      "geometry": {
        "type": "Polygon",
        "coordinates": [
          [
            [
              323.5534191415063,
              189.4156312160194
            ],
            [
              318.29781725857174,
              187.25361959263682
            ],
            [
              320.591033963894,
              181.728763025254
            ],
            [
              325.8576951310388,
              183.87973253056407
            ],
            [
              323.5534191415063,
              189.4156312160194
            ]
          ]
        ]
      }
    },
    {
      "type": "Feature",
      "properties": {
        "sourceLayer": "TPX_BUILDINGS",
        "sourceEntityType": "LWPOLYLINE",
        "sourceHandle": "11DB",
        "contextKind": "building",
        "sourceSceneVersionId": "scv-b67f98b3-a52e-4ff8-b837-45864ccd9201",
        "provenance": "topoexport_dxf_2d"
      },
      "geometry": {
        "type": "Polygon",
        "coordinates": [
          [
            [
              338.19911871047225,
              191.15766088292003
            ],
            [
              332.2038036355516,
              188.6520609073341
            ],
            [
              333.3004914292833,
              186.0664552859962
            ],
            [
              338.4505806931993,
              188.21486608311534
            ],
            [
              338.4505806931993,
              190.57071677967906
            ],
            [
              338.19911871047225,
              191.15766088292003
            ]
          ]
        ]
      }
    },
    {
      "type": "Feature",
      "properties": {
        "sourceLayer": "TPX_BUILDINGS",
        "sourceEntityType": "LWPOLYLINE",
        "sourceHandle": "11E2",
        "contextKind": "building",
        "sourceSceneVersionId": "scv-b67f98b3-a52e-4ff8-b837-45864ccd9201",
        "provenance": "topoexport_dxf_2d"
      },
      "geometry": {
        "type": "Polygon",
        "coordinates": [
          [
            [
              336.77007391903317,
              194.54989854618907
            ],
            [
              330.7747717187158,
              192.0332431010902
            ],
            [
              332.20380356762325,
              188.6520609073341
            ],
            [
              338.1991186425439,
              191.15766088292003
            ],
            [
              336.77007391903317,
              194.54989854618907
            ]
          ]
        ]
      }
    },
    {
      "type": "Feature",
      "properties": {
        "sourceLayer": "TPX_BUILDINGS",
        "sourceEntityType": "LWPOLYLINE",
        "sourceHandle": "11E9",
        "contextKind": "building",
        "sourceSceneVersionId": "scv-b67f98b3-a52e-4ff8-b837-45864ccd9201",
        "provenance": "topoexport_dxf_2d"
      },
      "geometry": {
        "type": "Polygon",
        "coordinates": [
          [
            [
              321.2262869164697,
              195.5927027873695
            ],
            [
              316.03692439052975,
              193.46393577381968
            ],
            [
              317.7208175942651,
              189.41974679753184
            ],
            [
              322.9101929948083,
              191.53745881840587
            ],
            [
              321.2262869164697,
              195.5927027873695
            ]
          ]
        ]
      }
    },
    {
      "type": "Feature",
      "properties": {
        "sourceLayer": "TPX_BUILDINGS",
        "sourceEntityType": "LWPOLYLINE",
        "sourceHandle": "11F0",
        "contextKind": "building",
        "sourceSceneVersionId": "scv-b67f98b3-a52e-4ff8-b837-45864ccd9201",
        "provenance": "topoexport_dxf_2d"
      },
      "geometry": {
        "type": "Polygon",
        "coordinates": [
          [
            [
              335.01982405636227,
              198.6603397540748
            ],
            [
              329.0245080277673,
              196.15473930165172
            ],
            [
              330.7747717187158,
              192.0332431010902
            ],
            [
              336.77007391903317,
              194.54989854618907
            ],
            [
              335.01982405636227,
              198.6603397540748
            ]
          ]
        ]
      }
    },
    {
      "type": "Feature",
      "properties": {
        "sourceLayer": "TPX_BUILDINGS",
        "sourceEntityType": "LWPOLYLINE",
        "sourceHandle": "11F7",
        "contextKind": "building",
        "sourceSceneVersionId": "scv-b67f98b3-a52e-4ff8-b837-45864ccd9201",
        "provenance": "topoexport_dxf_2d"
      },
      "geometry": {
        "type": "Polygon",
        "coordinates": [
          [
            [
              315.35221484157955,
              211.88103572651744
            ],
            [
              303.21558192226803,
              208.8816966228187
            ],
            [
              306.97825005505,
              193.8621973209083
            ],
            [
              321.62141182873165,
              197.7378763370216
            ],
            [
              315.35221484157955,
              211.88103572651744
            ]
          ]
        ]
      }
    },
    {
      "type": "Feature",
      "properties": {
        "sourceLayer": "TPX_BUILDINGS",
        "sourceEntityType": "LWPOLYLINE",
        "sourceHandle": "11FE",
        "contextKind": "building",
        "sourceSceneVersionId": "scv-b67f98b3-a52e-4ff8-b837-45864ccd9201",
        "provenance": "topoexport_dxf_2d"
      },
      "geometry": {
        "type": "Polygon",
        "coordinates": [
          [
            [
              323.41467478725826,
              213.18408338353038
            ],
            [
              319.3073220536462,
              211.5209206752479
            ],
            [
              322.9411077782861,
              202.69216291233897
            ],
            [
              327.04844668362057,
              204.36638013646007
            ],
            [
              323.41467478725826,
              213.18408338353038
            ]
          ]
        ]
      }
    },
    {
      "type": "Feature",
      "properties": {
        "sourceLayer": "TPX_BUILDINGS",
        "sourceEntityType": "LWPOLYLINE",
        "sourceHandle": "1205",
        "contextKind": "building",
        "sourceSceneVersionId": "scv-b67f98b3-a52e-4ff8-b837-45864ccd9201",
        "provenance": "topoexport_dxf_2d"
      },
      "geometry": {
        "type": "Polygon",
        "coordinates": [
          [
            [
              327.697825937008,
              215.6434268169105
            ],
            [
              323.41467478725826,
              213.18408338353038
            ],
            [
              327.8326349541894,
              204.46680967137218
            ],
            [
              331.81842186901486,
              206.17404739186168
            ],
            [
              327.697825937008,
              215.6434268169105
            ]
          ]
        ]
      }
    },
    {
      "type": "Feature",
      "properties": {
        "sourceLayer": "TPX_BUILDINGS",
        "sourceEntityType": "LWPOLYLINE",
        "sourceHandle": "120C",
        "contextKind": "building",
        "sourceSceneVersionId": "scv-b67f98b3-a52e-4ff8-b837-45864ccd9201",
        "provenance": "topoexport_dxf_2d"
      },
      "geometry": {
        "type": "Polygon",
        "coordinates": [
          [
            [
              310.56197026226437,
              217.8230175189674
            ],
            [
              305.68109419796383,
              216.380036752671
            ],
            [
              307.3003673836938,
              210.94281951710582
            ],
            [
              312.1923022553674,
              212.3747581653297
            ],
            [
              310.56197026226437,
              217.8230175189674
            ]
          ]
        ]
      }
    },
    {
      "type": "Feature",
      "properties": {
        "sourceLayer": "TPX_BUILDINGS",
        "sourceEntityType": "LWPOLYLINE",
        "sourceHandle": "1213",
        "contextKind": "building",
        "sourceSceneVersionId": "scv-b67f98b3-a52e-4ff8-b837-45864ccd9201",
        "provenance": "topoexport_dxf_2d"
      },
      "geometry": {
        "type": "Polygon",
        "coordinates": [
          [
            [
              304.3338465974084,
              216.0136126689613
            ],
            [
              300.8224826142541,
              214.79336492344737
            ],
            [
              302.6181326195947,
              209.6659025363624
            ],
            [
              306.14054253551876,
              210.88616363331676
            ],
            [
              304.3338465974084,
              216.0136126689613
            ]
          ]
        ]
      }
    },
    {
      "type": "Feature",
      "properties": {
        "sourceLayer": "TPX_BUILDINGS",
        "sourceEntityType": "LWPOLYLINE",
        "sourceHandle": "121A",
        "contextKind": "building",
        "sourceSceneVersionId": "scv-b67f98b3-a52e-4ff8-b837-45864ccd9201",
        "provenance": "topoexport_dxf_2d"
      },
      "geometry": {
        "type": "Polygon",
        "coordinates": [
          [
            [
              246.58709862682736,
              230.50451795384288
            ],
            [
              239.2438626572839,
              228.1962947063148
            ],
            [
              241.88301041576779,
              219.75328723713756
            ],
            [
              249.2372913644067,
              222.0615233592689
            ],
            [
              246.58709862682736,
              230.50451795384288
            ]
          ]
        ]
      }
    },
    {
      "type": "Feature",
      "properties": {
        "sourceLayer": "TPX_BUILDINGS",
        "sourceEntityType": "LWPOLYLINE",
        "sourceHandle": "1221",
        "contextKind": "building",
        "sourceSceneVersionId": "scv-b67f98b3-a52e-4ff8-b837-45864ccd9201",
        "provenance": "topoexport_dxf_2d"
      },
      "geometry": {
        "type": "Polygon",
        "coordinates": [
          [
            [
              308.8288774773828,
              226.0791677646339
            ],
            [
              301.1433539674035,
              223.6378835849464
            ],
            [
              303.11696007702267,
              217.49355737492442
            ],
            [
              310.8024826333276,
              219.93484107777476
            ],
            [
              308.8288774773828,
              226.0791677646339
            ]
          ]
        ]
      }
    },
    {
      "type": "Feature",
      "properties": {
        "sourceLayer": "TPX_BUILDINGS",
        "sourceEntityType": "LWPOLYLINE",
        "sourceHandle": "1228",
        "contextKind": "building",
        "sourceSceneVersionId": "scv-b67f98b3-a52e-4ff8-b837-45864ccd9201",
        "provenance": "topoexport_dxf_2d"
      },
      "geometry": {
        "type": "Polygon",
        "coordinates": [
          [
            [
              326.9178581521264,
              221.28063575550914
            ],
            [
              318.4052624985925,
              217.64441196247935
            ],
            [
              320.2994356438867,
              213.2688183002174
            ],
            [
              328.81203082058346,
              216.90504161641002
            ],
            [
              326.9178581521264,
              221.28063575550914
            ]
          ]
        ]
      }
    },
    {
      "type": "Feature",
      "properties": {
        "sourceLayer": "TPX_BUILDINGS",
        "sourceEntityType": "LWPOLYLINE",
        "sourceHandle": "1230",
        "contextKind": "building",
        "sourceSceneVersionId": "scv-b67f98b3-a52e-4ff8-b837-45864ccd9201",
        "provenance": "topoexport_dxf_2d"
      },
      "geometry": {
        "type": "Polygon",
        "coordinates": [
          [
            [
              330.93677332851803,
              222.9989685229957
            ],
            [
              326.9178581521264,
              221.28063575550914
            ],
            [
              328.81203082058346,
              216.90504161641002
            ],
            [
              331.5480175301782,
              210.61790458485484
            ],
            [
              335.55589869472897,
              212.32516853138804
            ],
            [
              330.93677332851803,
              222.9989685229957
            ]
          ]
        ]
      }
    },
    {
      "type": "Feature",
      "properties": {
        "sourceLayer": "TPX_BUILDINGS",
        "sourceEntityType": "LWPOLYLINE",
        "sourceHandle": "1237",
        "contextKind": "building",
        "sourceSceneVersionId": "scv-b67f98b3-a52e-4ff8-b837-45864ccd9201",
        "provenance": "topoexport_dxf_2d"
      },
      "geometry": {
        "type": "Polygon",
        "coordinates": [
          [
            [
              326.1195183083764,
              233.07555333897471
            ],
            [
              320.83066657040035,
              231.0019439868629
            ],
            [
              324.61997321102535,
              221.44372979924083
            ],
            [
              329.9088239953271,
              223.51733867451549
            ],
            [
              326.1195183083764,
              233.07555333897471
            ]
          ]
        ]
      }
    },
    {
      "type": "Feature",
      "properties": {
        "sourceLayer": "TPX_BUILDINGS",
        "sourceEntityType": "LWPOLYLINE",
        "sourceHandle": "123E",
        "contextKind": "building",
        "sourceSceneVersionId": "scv-b67f98b3-a52e-4ff8-b837-45864ccd9201",
        "provenance": "topoexport_dxf_2d"
      },
      "geometry": {
        "type": "Polygon",
        "coordinates": [
          [
            [
              317.7926736161462,
              231.15310184285045
            ],
            [
              312.09517815563595,
              229.0126747302711
            ],
            [
              315.7408938691369,
              219.4432348422706
            ],
            [
              321.42734148952877,
              221.58364860340953
            ],
            [
              317.7926736161462,
              231.15310184285045
            ]
          ]
        ]
      }
    },
    {
      "type": "Feature",
      "properties": {
        "sourceLayer": "TPX_BUILDINGS",
        "sourceEntityType": "LWPOLYLINE",
        "sourceHandle": "1245",
        "contextKind": "building",
        "sourceSceneVersionId": "scv-b67f98b3-a52e-4ff8-b837-45864ccd9201",
        "provenance": "topoexport_dxf_2d"
      },
      "geometry": {
        "type": "Polygon",
        "coordinates": [
          [
            [
              309.11741307232296,
              234.2492822818458
            ],
            [
              299.5094023034326,
              232.12631027027965
            ],
            [
              300.9087577149621,
              225.83758346363902
            ],
            [
              310.5278268143884,
              227.94951335713267
            ],
            [
              309.11741307232296,
              234.2492822818458
            ]
          ]
        ]
      }
    },
    {
      "type": "Feature",
      "properties": {
        "sourceLayer": "TPX_BUILDINGS",
        "sourceEntityType": "LWPOLYLINE",
        "sourceHandle": "124B",
        "contextKind": "building",
        "sourceSceneVersionId": "scv-b67f98b3-a52e-4ff8-b837-45864ccd9201",
        "provenance": "topoexport_dxf_2d"
      },
      "geometry": {
        "type": "Polygon",
        "coordinates": [
          [
            [
              338.4505806181114,
              204.32463113591075
            ],
            [
              335.7769088956993,
              202.97275678440928
            ],
            [
              338.4505806181114,
              197.7458428554237
            ],
            [
              338.4505806181114,
              204.32463113591075
            ]
          ]
        ]
      }
    },
    {
      "type": "Feature",
      "properties": {
        "sourceLayer": "TPX_BUILDINGS",
        "sourceEntityType": "LWPOLYLINE",
        "sourceHandle": "1252",
        "contextKind": "building",
        "sourceSceneVersionId": "scv-b67f98b3-a52e-4ff8-b837-45864ccd9201",
        "provenance": "topoexport_dxf_2d"
      },
      "geometry": {
        "type": "Polygon",
        "coordinates": [
          [
            [
              338.4505807122332,
              245.44353143498302
            ],
            [
              328.69415962306084,
              241.70164911076427
            ],
            [
              330.7108050545794,
              236.5191730670631
            ],
            [
              338.4505807122332,
              239.48761121556163
            ],
            [
              338.4505807122332,
              245.44353143498302
            ]
          ]
        ]
      }
    },
    {
      "type": "Feature",
      "properties": {
        "sourceLayer": "TPX_BUILDINGS",
        "sourceEntityType": "LWPOLYLINE",
        "sourceHandle": "1258",
        "contextKind": "building",
        "sourceSceneVersionId": "scv-b67f98b3-a52e-4ff8-b837-45864ccd9201",
        "provenance": "topoexport_dxf_2d"
      },
      "geometry": {
        "type": "Polygon",
        "coordinates": [
          [
            [
              338.4505804806249,
              253.30068151280284
            ],
            [
              336.9217857151525,
              252.74449579045177
            ],
            [
              338.4505804806249,
              248.587134283036
            ],
            [
              338.4505804806249,
              253.30068151280284
            ]
          ]
        ]
      }
    },
    {
      "type": "Feature",
      "properties": {
        "sourceLayer": "TPX_BUILDINGS",
        "sourceEntityType": "LWPOLYLINE",
        "sourceHandle": "125F",
        "contextKind": "building",
        "sourceSceneVersionId": "scv-b67f98b3-a52e-4ff8-b837-45864ccd9201",
        "provenance": "topoexport_dxf_2d"
      },
      "geometry": {
        "type": "Polygon",
        "coordinates": [
          [
            [
              338.4505808451213,
              267.066035669297
            ],
            [
              332.5325582125224,
              265.165286462754
            ],
            [
              336.036047230009,
              254.43488351628184
            ],
            [
              338.4505808451213,
              255.2077750377357
            ],
            [
              338.4505808451213,
              267.066035669297
            ]
          ]
        ]
      }
    },
    {
      "type": "Feature",
      "properties": {
        "sourceLayer": "TPX_BUILDINGS",
        "sourceEntityType": "LWPOLYLINE",
        "sourceHandle": "1265",
        "contextKind": "building",
        "sourceSceneVersionId": "scv-b67f98b3-a52e-4ff8-b837-45864ccd9201",
        "provenance": "topoexport_dxf_2d"
      },
      "geometry": {
        "type": "Polygon",
        "coordinates": [
          [
            [
              338.4505806671805,
              293.6066826991737
            ],
            [
              335.0735793816275,
              292.7730688266456
            ],
            [
              338.4505806671805,
              279.3226446323097
            ],
            [
              338.4505806671805,
              293.6066826991737
            ]
          ]
        ]
      }
    },
    {
      "type": "Feature",
      "properties": {
        "sourceLayer": "TPX_BUILDINGS",
        "sourceEntityType": "LWPOLYLINE",
        "sourceHandle": "126C",
        "contextKind": "building",
        "sourceSceneVersionId": "scv-b67f98b3-a52e-4ff8-b837-45864ccd9201",
        "provenance": "topoexport_dxf_2d"
      },
      "geometry": {
        "type": "Polygon",
        "coordinates": [
          [
            [
              325.6905656144372,
              287.2232674770057
            ],
            [
              312.90348103496945,
              283.11764184758067
            ],
            [
              318.2807927415124,
              266.55233899876475
            ],
            [
              331.0678863808862,
              270.6469086818397
            ],
            [
              325.6905656144372,
              287.2232674770057
            ]
          ]
        ]
      }
    },
    {
      "type": "Feature",
      "properties": {
        "sourceLayer": "TPX_BUILDINGS",
        "sourceEntityType": "LWPOLYLINE",
        "sourceHandle": "1273",
        "contextKind": "building",
        "sourceSceneVersionId": "scv-b67f98b3-a52e-4ff8-b837-45864ccd9201",
        "provenance": "topoexport_dxf_2d"
      },
      "geometry": {
        "type": "Polygon",
        "coordinates": [
          [
            [
              307.8247599885217,
              280.83423368260264
            ],
            [
              297.55316880199825,
              279.36272756382823
            ],
            [
              298.66693261120236,
              271.71387473866343
            ],
            [
              308.93850853893673,
              273.19643585011363
            ],
            [
              307.8247599885217,
              280.83423368260264
            ]
          ]
        ]
      }
    },
    {
      "type": "Feature",
      "properties": {
        "sourceLayer": "TPX_BUILDINGS",
        "sourceEntityType": "LWPOLYLINE",
        "sourceHandle": "127A",
        "contextKind": "building",
        "sourceSceneVersionId": "scv-b67f98b3-a52e-4ff8-b837-45864ccd9201",
        "provenance": "topoexport_dxf_2d"
      },
      "geometry": {
        "type": "Polygon",
        "coordinates": [
          [
            [
              295.85908606502926,
              273.4019741229713
            ],
            [
              290.63589241955196,
              271.84803334996104
            ],
            [
              292.0887327477685,
              267.02970830723643
            ],
            [
              297.31192591640865,
              268.58364860340953
            ],
            [
              295.85908606502926,
              273.4019741229713
            ]
          ]
        ]
      }
    },
    {
      "type": "Feature",
      "properties": {
        "sourceLayer": "TPX_BUILDINGS",
        "sourceEntityType": "LWPOLYLINE",
        "sourceHandle": "1281",
        "contextKind": "building",
        "sourceSceneVersionId": "scv-b67f98b3-a52e-4ff8-b837-45864ccd9201",
        "provenance": "topoexport_dxf_2d"
      },
      "geometry": {
        "type": "Polygon",
        "coordinates": [
          [
            [
              289.0537433907739,
              273.9355777911842
            ],
            [
              284.60353472683346,
              272.6147150211036
            ],
            [
              286.57763102505123,
              266.06134836003184
            ],
            [
              291.0278258607141,
              267.3932661227882
            ],
            [
              289.0537433907739,
              273.9355777911842
            ]
          ]
        ]
      }
    },
    {
      "type": "Feature",
      "properties": {
        "sourceLayer": "TPX_BUILDINGS",
        "sourceEntityType": "LWPOLYLINE",
        "sourceHandle": "1288",
        "contextKind": "building",
        "sourceSceneVersionId": "scv-b67f98b3-a52e-4ff8-b837-45864ccd9201",
        "provenance": "topoexport_dxf_2d"
      },
      "geometry": {
        "type": "Polygon",
        "coordinates": [
          [
            [
              289.2177381798974,
              284.6482333354652
            ],
            [
              281.6647658631555,
              282.2071050815284
            ],
            [
              283.2834501549951,
              277.2673706226051
            ],
            [
              290.83642199489987,
              279.70849887654185
            ],
            [
              289.2177381798974,
              284.6482333354652
            ]
          ]
        ]
      }
    },
    {
      "type": "Feature",
      "properties": {
        "sourceLayer": "TPX_BUILDINGS",
        "sourceEntityType": "LWPOLYLINE",
        "sourceHandle": "128F",
        "contextKind": "building",
        "sourceSceneVersionId": "scv-b67f98b3-a52e-4ff8-b837-45864ccd9201",
        "provenance": "topoexport_dxf_2d"
      },
      "geometry": {
        "type": "Polygon",
        "coordinates": [
          [
            [
              307.71396162960446,
              290.3968242816627
            ],
            [
              303.8047709748498,
              289.29771081730723
            ],
            [
              305.1470127389184,
              284.5898050479591
            ],
            [
              309.04515650722897,
              285.6889056377113
            ],
            [
              307.71396162960446,
              290.3968242816627
            ]
          ]
        ]
      }
    },
    {
      "type": "Feature",
      "properties": {
        "sourceLayer": "TPX_BUILDINGS",
        "sourceEntityType": "LWPOLYLINE",
        "sourceHandle": "1296",
        "contextKind": "building",
        "sourceSceneVersionId": "scv-b67f98b3-a52e-4ff8-b837-45864ccd9201",
        "provenance": "topoexport_dxf_2d"
      },
      "geometry": {
        "type": "Polygon",
        "coordinates": [
          [
            [
              297.0684557244531,
              287.52086679264903
            ],
            [
              290.399986295437,
              284.4285372905433
            ],
            [
              292.49306824657833,
              279.9979051761329
            ],
            [
              299.15049078915035,
              283.09022084996104
            ],
            [
              297.0684557244531,
              287.52086679264903
            ]
          ]
        ]
      }
    },
    {
      "type": "Feature",
      "properties": {
        "sourceLayer": "TPX_BUILDINGS",
        "sourceEntityType": "LWPOLYLINE",
        "sourceHandle": "129E",
        "contextKind": "building",
        "sourceSceneVersionId": "scv-b67f98b3-a52e-4ff8-b837-45864ccd9201",
        "provenance": "topoexport_dxf_2d"
      },
      "geometry": {
        "type": "Polygon",
        "coordinates": [
          [
            [
              333.948825670348,
              291.0913452319801
            ],
            [
              327.40040667162975,
              289.2262872867286
            ],
            [
              332.30330259905895,
              272.1629366092384
            ],
            [
              338.4505804310902,
              273.90044490620494
            ],
            [
              338.4505804310902,
              275.44921008870006
            ],
            [
              333.948825670348,
              291.0913452319801
            ]
          ]
        ]
      }
    },
    {
      "type": "Feature",
      "properties": {
        "sourceLayer": "TPX_BUILDINGS",
        "sourceEntityType": "LWPOLYLINE",
        "sourceHandle": "12A5",
        "contextKind": "building",
        "sourceSceneVersionId": "scv-b67f98b3-a52e-4ff8-b837-45864ccd9201",
        "provenance": "topoexport_dxf_2d"
      },
      "geometry": {
        "type": "Polygon",
        "coordinates": [
          [
            [
              295.8183040902368,
              298.38661186024547
            ],
            [
              292.6823482796899,
              297.3105277232826
            ],
            [
              294.98792078945553,
              290.6912244968116
            ],
            [
              298.12387612316525,
              291.76730815693736
            ],
            [
              295.8183040902368,
              298.38661186024547
            ]
          ]
        ]
      }
    },
    {
      "type": "Feature",
      "properties": {
        "sourceLayer": "TPX_BUILDINGS",
        "sourceEntityType": "LWPOLYLINE",
        "sourceHandle": "12AC",
        "contextKind": "building",
        "sourceSceneVersionId": "scv-b67f98b3-a52e-4ff8-b837-45864ccd9201",
        "provenance": "topoexport_dxf_2d"
      },
      "geometry": {
        "type": "Polygon",
        "coordinates": [
          [
            [
              313.16293862316525,
              306.444360177964
            ],
            [
              305.19034960720455,
              303.87007419392467
            ],
            [
              311.21048548672115,
              285.52565471455455
            ],
            [
              319.17202523205196,
              288.0999263934791
            ],
            [
              313.16293862316525,
              306.444360177964
            ]
          ]
        ]
      }
    },
    {
      "type": "Feature",
      "properties": {
        "sourceLayer": "TPX_BUILDINGS",
        "sourceEntityType": "LWPOLYLINE",
        "sourceHandle": "12B3",
        "contextKind": "building",
        "sourceSceneVersionId": "scv-b67f98b3-a52e-4ff8-b837-45864ccd9201",
        "provenance": "topoexport_dxf_2d"
      },
      "geometry": {
        "type": "Polygon",
        "coordinates": [
          [
            [
              321.64450028393185,
              308.3227743320167
            ],
            [
              315.2282309815637,
              306.8005828075111
            ],
            [
              318.1257543847314,
              294.7317837886512
            ],
            [
              324.55305579159176,
              296.26504365727305
            ],
            [
              321.64450028393185,
              308.3227743320167
            ]
          ]
        ]
      }
    },
    {
      "type": "Feature",
      "properties": {
        "sourceLayer": "TPX_BUILDINGS",
        "sourceEntityType": "LWPOLYLINE",
        "sourceHandle": "12BA",
        "contextKind": "building",
        "sourceSceneVersionId": "scv-b67f98b3-a52e-4ff8-b837-45864ccd9201",
        "provenance": "topoexport_dxf_2d"
      },
      "geometry": {
        "type": "Polygon",
        "coordinates": [
          [
            [
              329.68953850719845,
              314.9986118488014
            ],
            [
              324.2009716317407,
              313.65440789982677
            ],
            [
              328.37459805462277,
              296.75601712986827
            ],
            [
              333.86317589733517,
              298.0891660861671
            ],
            [
              329.68953850719845,
              314.9986118488014
            ]
          ]
        ]
      }
    },
    {
      "type": "Feature",
      "properties": {
        "sourceLayer": "TPX_BUILDINGS",
        "sourceEntityType": "LWPOLYLINE",
        "sourceHandle": "12C3",
        "contextKind": "building",
        "sourceSceneVersionId": "scv-b67f98b3-a52e-4ff8-b837-45864ccd9201",
        "provenance": "topoexport_dxf_2d"
      },
      "geometry": {
        "type": "Polygon",
        "coordinates": [
          [
            [
              302.9266004845849,
              303.1930150203407
            ],
            [
              295.9806480691186,
              301.2058734111488
            ],
            [
              297.9883303925744,
              294.2766708545387
            ],
            [
              301.3674431130639,
              295.242492120713
            ],
            [
              302.5653558060876,
              291.1424493007362
            ],
            [
              306.13220789883053,
              292.1527141742408
            ],
            [
              302.9266004845849,
              303.1930150203407
            ]
          ]
        ]
      }
    },
    {
      "type": "Feature",
      "properties": {
        "sourceLayer": "TPX_BUILDINGS",
        "sourceEntityType": "LWPOLYLINE",
        "sourceHandle": "12CA",
        "contextKind": "building",
        "sourceSceneVersionId": "scv-b67f98b3-a52e-4ff8-b837-45864ccd9201",
        "provenance": "topoexport_dxf_2d"
      },
      "geometry": {
        "type": "Polygon",
        "coordinates": [
          [
            [
              259.73015263531124,
              306.7234696559608
            ],
            [
              257.16904070827877,
              305.2943023853004
            ],
            [
              260.1801257416955,
              299.9140199832618
            ],
            [
              262.7301907822839,
              301.34317342564464
            ],
            [
              259.73015263531124,
              306.7234696559608
            ]
          ]
        ]
      }
    },
    {
      "type": "Feature",
      "properties": {
        "sourceLayer": "TPX_BUILDINGS",
        "sourceEntityType": "LWPOLYLINE",
        "sourceHandle": "12D1",
        "contextKind": "building",
        "sourceSceneVersionId": "scv-b67f98b3-a52e-4ff8-b837-45864ccd9201",
        "provenance": "topoexport_dxf_2d"
      },
      "geometry": {
        "type": "Polygon",
        "coordinates": [
          [
            [
              290.71042302105343,
              302.0397938899696
            ],
            [
              284.8359380051843,
              300.0981468372047
            ],
            [
              289.1483660027734,
              287.24611608311534
            ],
            [
              295.0228367135278,
              289.198818128556
            ],
            [
              290.71042302105343,
              302.0397938899696
            ]
          ]
        ]
      }
    },
    {
      "type": "Feature",
      "properties": {
        "sourceLayer": "TPX_BUILDINGS",
        "sourceEntityType": "LWPOLYLINE",
        "sourceHandle": "12D8",
        "contextKind": "building",
        "sourceSceneVersionId": "scv-b67f98b3-a52e-4ff8-b837-45864ccd9201",
        "provenance": "topoexport_dxf_2d"
      },
      "geometry": {
        "type": "Polygon",
        "coordinates": [
          [
            [
              283.44622519466793,
              298.28344432637095
            ],
            [
              274.8337130830041,
              295.05613700672984
            ],
            [
              279.27737334225094,
              283.32083551213145
            ],
            [
              287.8898840234033,
              286.5481423549354
            ],
            [
              283.44622519466793,
              298.28344432637095
            ]
          ]
        ]
      }
    },
    {
      "type": "Feature",
      "properties": {
        "sourceLayer": "TPX_BUILDINGS",
        "sourceEntityType": "LWPOLYLINE",
        "sourceHandle": "12EB",
        "contextKind": "building",
        "sourceSceneVersionId": "scv-b67f98b3-a52e-4ff8-b837-45864ccd9201",
        "provenance": "topoexport_dxf_2d"
      },
      "geometry": {
        "type": "Polygon",
        "coordinates": [
          [
            [
              175.64554789516842,
              295.6123208217323
            ],
            [
              174.39302542660153,
              289.9174131564796
            ],
            [
              175.43824723217404,
              284.18102494999766
            ],
            [
              178.60342505428707,
              279.2763022594154
            ],
            [
              183.4237065598718,
              275.9544428996742
            ],
            [
              189.1583757683984,
              274.71204559132457
            ],
            [
              194.93452980968868,
              275.7360076121986
            ],
            [
              199.86859944317257,
              278.8926133327186
            ],
            [
              203.2210707947961,
              283.67244378849864
            ],
            [
              204.47359612438595,
              289.367350500077
            ],
            [
              203.43942406628048,
              295.10375253483653
            ],
            [
              200.26320126507198,
              300.00846330448985
            ],
            [
              195.44290593120968,
              303.3413795642555
            ],
            [
              189.70823338482296,
              304.5837778262794
            ],
            [
              183.9431362435571,
              303.54877368733287
            ],
            [
              178.9980049416772,
              300.4032081775367
            ],
            [
              175.64554789516842,
              295.6123208217323
            ]
          ]
        ]
      }
    },
    {
      "type": "Feature",
      "properties": {
        "sourceLayer": "TPX_BUILDINGS",
        "sourceEntityType": "LWPOLYLINE",
        "sourceHandle": "12FE",
        "contextKind": "building",
        "sourceSceneVersionId": "scv-b67f98b3-a52e-4ff8-b837-45864ccd9201",
        "provenance": "topoexport_dxf_2d"
      },
      "geometry": {
        "type": "Polygon",
        "coordinates": [
          [
            [
              223.60325625393307,
              282.6686028651893
            ],
            [
              221.05885746929562,
              276.4857300929725
            ],
            [
              221.08890727016842,
              269.8084420375526
            ],
            [
              223.6811595246545,
              263.6427444629371
            ],
            [
              228.45889618847286,
              258.9389342479408
            ],
            [
              234.67009308788693,
              256.4146999530494
            ],
            [
              241.39745047542965,
              256.4337696246803
            ],
            [
              247.60256293270504,
              259.0170158557594
            ],
            [
              252.33591225597775,
              263.75426713749766
            ],
            [
              254.88031390163815,
              269.937138479203
            ],
            [
              254.85026839229977,
              276.61442605778575
            ],
            [
              252.2580194756738,
              282.78012458607554
            ],
            [
              247.4802832886926,
              287.4839371852577
            ],
            [
              241.26908305141842,
              290.00817338749766
            ],
            [
              234.54172184917843,
              289.98910419270396
            ],
            [
              228.33660605404293,
              287.4058565311134
            ],
            [
              223.60325625393307,
              282.6686028651893
            ]
          ]
        ]
      }
    },
    {
      "type": "Feature",
      "properties": {
        "sourceLayer": "TPX_BUILDINGS",
        "sourceEntityType": "LWPOLYLINE",
        "sourceHandle": "1305",
        "contextKind": "building",
        "sourceSceneVersionId": "scv-b67f98b3-a52e-4ff8-b837-45864ccd9201",
        "provenance": "topoexport_dxf_2d"
      },
      "geometry": {
        "type": "Polygon",
        "coordinates": [
          [
            [
              309.0830879494897,
              272.3785251788795
            ],
            [
              299.75031378719723,
              271.02974359318614
            ],
            [
              301.131431607937,
              261.5018300227821
            ],
            [
              310.47525027248776,
              262.8506244830787
            ],
            [
              309.0830879494897,
              272.3785251788795
            ]
          ]
        ]
      }
    },
    {
      "type": "Feature",
      "properties": {
        "sourceLayer": "TPX_BUILDINGS",
        "sourceEntityType": "LWPOLYLINE",
        "sourceHandle": "130C",
        "contextKind": "building",
        "sourceSceneVersionId": "scv-b67f98b3-a52e-4ff8-b837-45864ccd9201",
        "provenance": "topoexport_dxf_2d"
      },
      "geometry": {
        "type": "Polygon",
        "coordinates": [
          [
            [
              330.8853807732812,
              266.20251313969493
            ],
            [
              328.0916466996423,
              265.31477634236217
            ],
            [
              330.9189410493127,
              256.56244460865855
            ],
            [
              333.71267464611446,
              257.4501814059913
            ],
            [
              330.8853807732812,
              266.20251313969493
            ]
          ]
        ]
      }
    },
    {
      "type": "Feature",
      "properties": {
        "sourceLayer": "TPX_BUILDINGS",
        "sourceEntityType": "LWPOLYLINE",
        "sourceHandle": "1313",
        "contextKind": "building",
        "sourceSceneVersionId": "scv-b67f98b3-a52e-4ff8-b837-45864ccd9201",
        "provenance": "topoexport_dxf_2d"
      },
      "geometry": {
        "type": "Polygon",
        "coordinates": [
          [
            [
              296.0333242699853,
              266.22737542912364
            ],
            [
              289.63969328854,
              264.2519454173744
            ],
            [
              292.37863448116696,
              255.4884547404945
            ],
            [
              298.77226450893795,
              257.46388475224376
            ],
            [
              296.0333242699853,
              266.22737542912364
            ]
          ]
        ]
      }
    },
    {
      "type": "Feature",
      "properties": {
        "sourceLayer": "TPX_BUILDINGS",
        "sourceEntityType": "LWPOLYLINE",
        "sourceHandle": "131A",
        "contextKind": "building",
        "sourceSceneVersionId": "scv-b67f98b3-a52e-4ff8-b837-45864ccd9201",
        "provenance": "topoexport_dxf_2d"
      },
      "geometry": {
        "type": "Polygon",
        "coordinates": [
          [
            [
              313.78178360912716,
              259.82544223591685
            ],
            [
              310.45827439281857,
              258.5501431636512
            ],
            [
              312.1868295953027,
              254.10802118107677
            ],
            [
              315.51033833477413,
              255.3833202533424
            ],
            [
              313.78178360912716,
              259.82544223591685
            ]
          ]
        ]
      }
    },
    {
      "type": "Feature",
      "properties": {
        "sourceLayer": "TPX_BUILDINGS",
        "sourceEntityType": "LWPOLYLINE",
        "sourceHandle": "1321",
        "contextKind": "building",
        "sourceSceneVersionId": "scv-b67f98b3-a52e-4ff8-b837-45864ccd9201",
        "provenance": "topoexport_dxf_2d"
      },
      "geometry": {
        "type": "Polygon",
        "coordinates": [
          [
            [
              327.7506494805566,
              264.0983018092811
            ],
            [
              323.797510652279,
              262.80014411732554
            ],
            [
              326.54695370647823,
              254.48992673680186
            ],
            [
              330.5000915810815,
              255.78808442875743
            ],
            [
              327.7506494805566,
              264.0983018092811
            ]
          ]
        ]
      }
    },
    {
      "type": "Feature",
      "properties": {
        "sourceLayer": "TPX_BUILDINGS",
        "sourceEntityType": "LWPOLYLINE",
        "sourceHandle": "1328",
        "contextKind": "building",
        "sourceSceneVersionId": "scv-b67f98b3-a52e-4ff8-b837-45864ccd9201",
        "provenance": "topoexport_dxf_2d"
      },
      "geometry": {
        "type": "Polygon",
        "coordinates": [
          [
            [
              318.7519440934411,
              260.505721013993
            ],
            [
              314.7985821053735,
              259.39550058171153
            ],
            [
              316.21849062893307,
              254.40025274083018
            ],
            [
              320.1718516633264,
              255.51047364994884
            ],
            [
              318.7519440934411,
              260.505721013993
            ]
          ]
        ]
      }
    },
    {
      "type": "Feature",
      "properties": {
        "sourceLayer": "TPX_BUILDINGS",
        "sourceEntityType": "LWPOLYLINE",
        "sourceHandle": "132F",
        "contextKind": "building",
        "sourceSceneVersionId": "scv-b67f98b3-a52e-4ff8-b837-45864ccd9201",
        "provenance": "topoexport_dxf_2d"
      },
      "geometry": {
        "type": "Polygon",
        "coordinates": [
          [
            [
              322.3946867272607,
              262.72108928486705
            ],
            [
              319.192623643612,
              261.50121108815074
            ],
            [
              326.3617267892114,
              243.0476049594581
            ],
            [
              329.5637884423486,
              244.26748315617442
            ],
            [
              322.3946867272607,
              262.72108928486705
            ]
          ]
        ]
      }
    },
    {
      "type": "Feature",
      "properties": {
        "sourceLayer": "TPX_BUILDINGS",
        "sourceEntityType": "LWPOLYLINE",
        "sourceHandle": "1336",
        "contextKind": "building",
        "sourceSceneVersionId": "scv-b67f98b3-a52e-4ff8-b837-45864ccd9201",
        "provenance": "topoexport_dxf_2d"
      },
      "geometry": {
        "type": "Polygon",
        "coordinates": [
          [
            [
              310.09592106792843,
              256.7145537547767
            ],
            [
              304.6851339623681,
              254.99456350132823
            ],
            [
              307.7564039513818,
              245.44655076786876
            ],
            [
              313.1671896264306,
              247.16654054448009
            ],
            [
              310.09592106792843,
              256.7145537547767
            ]
          ]
        ]
      }
    },
    {
      "type": "Feature",
      "properties": {
        "sourceLayer": "TPX_BUILDINGS",
        "sourceEntityType": "LWPOLYLINE",
        "sourceHandle": "133D",
        "contextKind": "building",
        "sourceSceneVersionId": "scv-b67f98b3-a52e-4ff8-b837-45864ccd9201",
        "provenance": "topoexport_dxf_2d"
      },
      "geometry": {
        "type": "Polygon",
        "coordinates": [
          [
            [
              317.11017468426144,
              247.71293536946177
            ],
            [
              307.9122662827722,
              244.4296602420509
            ],
            [
              309.48760321590817,
              238.7823428325355
            ],
            [
              319.51374104473507,
              242.28770629689097
            ],
            [
              317.11017468426144,
              247.71293536946177
            ]
          ]
        ]
      }
    },
    {
      "type": "Feature",
      "properties": {
        "sourceLayer": "TPX_BUILDINGS",
        "sourceEntityType": "LWPOLYLINE",
        "sourceHandle": "1344",
        "contextKind": "building",
        "sourceSceneVersionId": "scv-b67f98b3-a52e-4ff8-b837-45864ccd9201",
        "provenance": "topoexport_dxf_2d"
      },
      "geometry": {
        "type": "Polygon",
        "coordinates": [
          [
            [
              304.48114302608883,
              250.04160396382213
            ],
            [
              298.1862092301599,
              248.67432634159923
            ],
            [
              300.3520417496911,
              238.80463640019298
            ],
            [
              306.6359410569421,
              240.16084567829967
            ],
            [
              304.48114302608883,
              250.04160396382213
            ]
          ]
        ]
      }
    },
    {
      "type": "Feature",
      "properties": {
        "sourceLayer": "TPX_BUILDINGS",
        "sourceEntityType": "LWPOLYLINE",
        "sourceHandle": "134B",
        "contextKind": "building",
        "sourceSceneVersionId": "scv-b67f98b3-a52e-4ff8-b837-45864ccd9201",
        "provenance": "topoexport_dxf_2d"
      },
      "geometry": {
        "type": "Polygon",
        "coordinates": [
          [
            [
              297.9220519349328,
              247.86698476597667
            ],
            [
              294.4763999268762,
              247.12218705937266
            ],
            [
              296.46465876552975,
              237.94876186177135
            ],
            [
              299.91032364818966,
              238.6825040988624
            ],
            [
              297.9220519349328,
              247.86698476597667
            ]
          ]
        ]
      }
    },
    {
      "type": "Feature",
      "properties": {
        "sourceLayer": "TPX_BUILDINGS",
        "sourceEntityType": "LWPOLYLINE",
        "sourceHandle": "1352",
        "contextKind": "building",
        "sourceSceneVersionId": "scv-b67f98b3-a52e-4ff8-b837-45864ccd9201",
        "provenance": "topoexport_dxf_2d"
      },
      "geometry": {
        "type": "Polygon",
        "coordinates": [
          [
            [
              319.98326113674557,
              237.61192790791392
            ],
            [
              311.11625197384274,
              234.74914352223277
            ],
            [
              312.31362345669186,
              231.1023620776832
            ],
            [
              321.18063214275753,
              233.9651459865272
            ],
            [
              319.98326113674557,
              237.61192790791392
            ]
          ]
        ]
      }
    },
    {
      "type": "Feature",
      "properties": {
        "sourceLayer": "TPX_BUILDINGS",
        "sourceEntityType": "LWPOLYLINE",
        "sourceHandle": "1359",
        "contextKind": "building",
        "sourceSceneVersionId": "scv-b67f98b3-a52e-4ff8-b837-45864ccd9201",
        "provenance": "topoexport_dxf_2d"
      },
      "geometry": {
        "type": "Polygon",
        "coordinates": [
          [
            [
              307.9946179673425,
              240.20668308064342
            ],
            [
              298.12134316418087,
              238.20500222966075
            ],
            [
              298.99910214397823,
              233.93875114247203
            ],
            [
              308.8723888680688,
              235.92937652394176
            ],
            [
              307.9946179673425,
              240.20668308064342
            ]
          ]
        ]
      }
    },
    {
      "type": "Feature",
      "properties": {
        "sourceLayer": "TPX_BUILDINGS",
        "sourceEntityType": "LWPOLYLINE",
        "sourceHandle": "1360",
        "contextKind": "building",
        "sourceSceneVersionId": "scv-b67f98b3-a52e-4ff8-b837-45864ccd9201",
        "provenance": "topoexport_dxf_2d"
      },
      "geometry": {
        "type": "Polygon",
        "coordinates": [
          [
            [
              272.0698609635583,
              241.2362722568214
            ],
            [
              242.82939150783932,
              232.06987611576915
            ],
            [
              243.60562851879513,
              229.57233230397105
            ],
            [
              272.84609654400265,
              238.73872796818614
            ],
            [
              272.0698609635583,
              241.2362722568214
            ]
          ]
        ]
      }
    },
    {
      "type": "Feature",
      "properties": {
        "sourceLayer": "TPX_BUILDINGS",
        "sourceEntityType": "LWPOLYLINE",
        "sourceHandle": "1373",
        "contextKind": "building",
        "sourceSceneVersionId": "scv-b67f98b3-a52e-4ff8-b837-45864ccd9201",
        "provenance": "topoexport_dxf_2d"
      },
      "geometry": {
        "type": "Polygon",
        "coordinates": [
          [
            [
              189.51186326000607,
              256.1839975528419
            ],
            [
              188.52323296520626,
              251.51753608509898
            ],
            [
              189.40150168392574,
              246.83118955418468
            ],
            [
              192.02430012676632,
              242.84339944645762
            ],
            [
              195.99323895428097,
              240.1506690196693
            ],
            [
              200.6781626031152,
              239.17234317585826
            ],
            [
              205.39401200268185,
              240.05132333561778
            ],
            [
              209.42291787121212,
              242.65409080311656
            ],
            [
              212.1246400162927,
              246.59295217320323
            ],
            [
              213.11327269527828,
              251.259413164109
            ],
            [
              212.2239594743005,
              255.94574682042003
            ],
            [
              209.60116198513424,
              259.9335378818214
            ],
            [
              205.64326909038937,
              262.62628261372447
            ],
            [
              200.94729712459957,
              263.60459558293223
            ],
            [
              196.23144534084713,
              262.7256154231727
            ],
            [
              192.21358492824947,
              260.1228598766029
            ],
            [
              189.51186326000607,
              256.1839975528419
            ]
          ]
        ]
      }
    },
    {
      "type": "Feature",
      "properties": {
        "sourceLayer": "TPX_BUILDINGS",
        "sourceEntityType": "LWPOLYLINE",
        "sourceHandle": "1389",
        "contextKind": "building",
        "sourceSceneVersionId": "scv-b67f98b3-a52e-4ff8-b837-45864ccd9201",
        "provenance": "topoexport_dxf_2d"
      },
      "geometry": {
        "type": "Polygon",
        "coordinates": [
          [
            [
              135.88280394527828,
              263.60438434407115
            ],
            [
              135.61165192577755,
              259.4030946902931
            ],
            [
              136.75429156277096,
              255.34720937535167
            ],
            [
              139.0891185090295,
              252.00027791783214
            ],
            [
              142.37286951992428,
              249.56100265309215
            ],
            [
              146.2738304421655,
              248.29431192204356
            ],
            [
              150.3720741555444,
              248.33236686512828
            ],
            [
              154.247829465603,
              249.67466632649302
            ],
            [
              157.48149874660885,
              252.1769928149879
            ],
            [
              159.75304701778805,
              255.57364074513316
            ],
            [
              160.79777815792477,
              259.51052848622203
            ],
            [
              160.5278072640649,
              263.57851020619273
            ],
            [
              158.9546952531091,
              267.34644786641
            ],
            [
              156.1561498925439,
              270.4938339404762
            ],
            [
              152.453076390957,
              272.5567340068519
            ],
            [
              148.2876286790124,
              273.29246179386973
            ],
            [
              144.10177567455685,
              272.6131023578346
            ],
            [
              140.38147547695553,
              270.59662191197276
            ],
            [
              137.53517535183346,
              267.4756669215858
            ],
            [
              135.88280394527828,
              263.60438434407115
            ]
          ]
        ]
      }
    },
    {
      "type": "Feature",
      "properties": {
        "sourceLayer": "TPX_BUILDINGS",
        "sourceEntityType": "LWPOLYLINE",
        "sourceHandle": "139C",
        "contextKind": "building",
        "sourceSceneVersionId": "scv-b67f98b3-a52e-4ff8-b837-45864ccd9201",
        "provenance": "topoexport_dxf_2d"
      },
      "geometry": {
        "type": "Polygon",
        "coordinates": [
          [
            [
              78.38738682720577,
              280.2953910045326
            ],
            [
              76.93703988048946,
              273.7600506953895
            ],
            [
              78.11584809276974,
              267.17257444188
            ],
            [
              81.74586298916256,
              261.53877107426524
            ],
            [
              87.26269200298702,
              257.709213655442
            ],
            [
              93.84818747494137,
              256.26884977146983
            ],
            [
              100.47475388500607,
              257.43755523487926
            ],
            [
              106.14839699718868,
              261.04831544682384
            ],
            [
              110.00817063305294,
              266.52523462101817
            ],
            [
              111.45852091762936,
              273.0605739764869
            ],
            [
              110.27971699688351,
              279.64805022999644
            ],
            [
              106.64969113323605,
              285.29291097447276
            ],
            [
              101.12181475613033,
              289.1224569492042
            ],
            [
              94.54736187908566,
              290.5628356151283
            ],
            [
              87.90975764248287,
              289.3830613307655
            ],
            [
              82.2360992715112,
              285.78335420414805
            ],
            [
              78.38738682720577,
              280.2953910045326
            ]
          ]
        ]
      }
    },
    {
      "type": "Feature",
      "properties": {
        "sourceLayer": "TPX_BUILDINGS",
        "sourceEntityType": "LWPOLYLINE",
        "sourceHandle": "13AF",
        "contextKind": "building",
        "sourceSceneVersionId": "scv-b67f98b3-a52e-4ff8-b837-45864ccd9201",
        "provenance": "topoexport_dxf_2d"
      },
      "geometry": {
        "type": "Polygon",
        "coordinates": [
          [
            [
              119.57930663082516,
              308.80058900639415
            ],
            [
              118.38309147808468,
              302.21027747914195
            ],
            [
              119.81590035412228,
              295.6783799342811
            ],
            [
              123.6666856095544,
              290.1774992160499
            ],
            [
              129.326855687832,
              286.56921188160777
            ],
            [
              135.9562363908044,
              285.3831638507545
            ],
            [
              142.53831723186886,
              286.80607978627086
            ],
            [
              148.0681100175134,
              290.62671176716685
            ],
            [
              151.70677330944454,
              296.25813571736217
            ],
            [
              152.90299275371945,
              302.8484458141029
            ],
            [
              151.47018816921627,
              309.3803438358009
            ],
            [
              147.61941769573605,
              314.87017146870494
            ],
            [
              141.94818642589962,
              318.48950235173106
            ],
            [
              135.32984831783688,
              319.6755646876991
            ],
            [
              128.747763185238,
              318.2526487521827
            ],
            [
              123.21796849224484,
              314.4320148639381
            ],
            [
              119.57930663082516,
              308.80058900639415
            ]
          ]
        ]
      }
    },
    {
      "type": "Feature",
      "properties": {
        "sourceLayer": "TPX_BUILDINGS",
        "sourceEntityType": "LWPOLYLINE",
        "sourceHandle": "13B6",
        "contextKind": "building",
        "sourceSceneVersionId": "scv-b67f98b3-a52e-4ff8-b837-45864ccd9201",
        "provenance": "topoexport_dxf_2d"
      },
      "geometry": {
        "type": "Polygon",
        "coordinates": [
          [
            [
              33.66188624355709,
              287.68208829686046
            ],
            [
              29.762847451900598,
              287.3347176723182
            ],
            [
              30.38978150341427,
              280.37070647999644
            ],
            [
              34.28880598995602,
              280.7291325740516
            ],
            [
              33.66188624355709,
              287.68208829686046
            ]
          ]
        ]
      }
    },
    {
      "type": "Feature",
      "properties": {
        "sourceLayer": "TPX_BUILDINGS",
        "sourceEntityType": "LWPOLYLINE",
        "sourceHandle": "13BD",
        "contextKind": "building",
        "sourceSceneVersionId": "scv-b67f98b3-a52e-4ff8-b837-45864ccd9201",
        "provenance": "topoexport_dxf_2d"
      },
      "geometry": {
        "type": "Polygon",
        "coordinates": [
          [
            [
              25.544501809810754,
              286.1136063747108
            ],
            [
              10.261883287166711,
              281.1868385486305
            ],
            [
              16.503993539547082,
              262.05779210850596
            ],
            [
              31.786607293819543,
              266.9845585040748
            ],
            [
              25.544501809810754,
              286.1136063747108
            ]
          ]
        ]
      }
    },
    {
      "type": "Feature",
      "properties": {
        "sourceLayer": "TPX_BUILDINGS",
        "sourceEntityType": "LWPOLYLINE",
        "sourceHandle": "13C3",
        "contextKind": "building",
        "sourceSceneVersionId": "scv-b67f98b3-a52e-4ff8-b837-45864ccd9201",
        "provenance": "topoexport_dxf_2d"
      },
      "geometry": {
        "type": "Polygon",
        "coordinates": [
          [
            [
              6.851041689515114e-8,
              279.22485534474254
            ],
            [
              6.851041689515114e-8,
              270.3974994830787
            ],
            [
              2.596397945249919,
              271.22801439091563
            ],
            [
              6.851041689515114e-8,
              279.22485534474254
            ]
          ]
        ]
      }
    },
    {
      "type": "Feature",
      "properties": {
        "sourceLayer": "TPX_BUILDINGS",
        "sourceEntityType": "LWPOLYLINE",
        "sourceHandle": "13CA",
        "contextKind": "building",
        "sourceSceneVersionId": "scv-b67f98b3-a52e-4ff8-b837-45864ccd9201",
        "provenance": "topoexport_dxf_2d"
      },
      "geometry": {
        "type": "Polygon",
        "coordinates": [
          [
            [
              -2.735760062932968e-8,
              230.45175401493907
            ],
            [
              -2.735760062932968e-8,
              225.74233190342784
            ],
            [
              7.1684407914290205,
              226.08414260670543
            ],
            [
              6.941890689195134,
              230.78232185170054
            ],
            [
              -2.735760062932968e-8,
              230.45175401493907
            ]
          ]
        ]
      }
    },
    {
      "type": "Feature",
      "properties": {
        "sourceLayer": "TPX_BUILDINGS",
        "sourceEntityType": "LWPOLYLINE",
        "sourceHandle": "13D1",
        "contextKind": "building",
        "sourceSceneVersionId": "scv-b67f98b3-a52e-4ff8-b837-45864ccd9201",
        "provenance": "topoexport_dxf_2d"
      },
      "geometry": {
        "type": "Polygon",
        "coordinates": [
          [
            [
              66.03746417019283,
              233.90418092533946
            ],
            [
              60.11880686733639,
              231.9624547176063
            ],
            [
              66.89258292171871,
              211.61796991154552
            ],
            [
              72.81123784038937,
              213.5596956424415
            ],
            [
              66.03746417019283,
              233.90418092533946
            ]
          ]
        ]
      }
    },
    {
      "type": "Feature",
      "properties": {
        "sourceLayer": "TPX_BUILDINGS",
        "sourceEntityType": "LWPOLYLINE",
        "sourceHandle": "13E4",
        "contextKind": "building",
        "sourceSceneVersionId": "scv-b67f98b3-a52e-4ff8-b837-45864ccd9201",
        "provenance": "topoexport_dxf_2d"
      },
      "geometry": {
        "type": "Polygon",
        "coordinates": [
          [
            [
              152.96354773495113,
              233.56574622914195
            ],
            [
              151.56590750667965,
              229.14200965687633
            ],
            [
              151.9801440522424,
              224.52144138142467
            ],
            [
              154.1391330048791,
              220.4114922694862
            ],
            [
              157.73283150646603,
              217.43088237568736
            ],
            [
              162.18626406643307,
              216.04324285313487
            ],
            [
              166.83638527843868,
              216.4578308276832
            ],
            [
              170.97629406902706,
              218.60747234150767
            ],
            [
              173.96567156765377,
              222.17080299183726
            ],
            [
              175.36331322643673,
              226.59453908726573
            ],
            [
              174.94907906505978,
              231.21510783955455
            ],
            [
              172.77904465649044,
              235.32504407688975
            ],
            [
              169.19639256451046,
              238.30566827580333
            ],
            [
              164.74297144863522,
              239.6822532825172
            ],
            [
              160.09283497784054,
              239.27872030064464
            ],
            [
              155.95292475674069,
              237.12907830998302
            ],
            [
              152.96354773495113,
              233.56574622914195
            ]
          ]
        ]
      }
    },
    {
      "type": "Feature",
      "properties": {
        "sourceLayer": "TPX_BUILDINGS",
        "sourceEntityType": "LWPOLYLINE",
        "sourceHandle": "13F7",
        "contextKind": "building",
        "sourceSceneVersionId": "scv-b67f98b3-a52e-4ff8-b837-45864ccd9201",
        "provenance": "topoexport_dxf_2d"
      },
      "geometry": {
        "type": "Polygon",
        "coordinates": [
          [
            [
              102.22985747311031,
              230.77456991001964
            ],
            [
              100.54743912670529,
              224.31633941456676
            ],
            [
              101.48324492428219,
              217.70646230503917
            ],
            [
              104.89245465252316,
              211.96184198185802
            ],
            [
              110.2548489854089,
              207.94416086003184
            ],
            [
              116.752242116665,
              206.27153054997325
            ],
            [
              123.41223242733395,
              207.19705955311656
            ],
            [
              129.1966009423486,
              210.5868467502296
            ],
            [
              133.23330214474117,
              215.90920297428966
            ],
            [
              134.91571095440304,
              222.37848703190684
            ],
            [
              133.97992232296383,
              228.97730914875865
            ],
            [
              130.58174851391232,
              234.73299972340465
            ],
            [
              125.20832016918575,
              238.7396148853004
            ],
            [
              118.71092370006954,
              240.41224662587047
            ],
            [
              112.06197550747311,
              239.48673002049327
            ],
            [
              106.26655772182858,
              236.09692851826549
            ],
            [
              102.22985747311031,
              230.77456991001964
            ]
          ]
        ]
      }
    },
    {
      "type": "Feature",
      "properties": {
        "sourceLayer": "TPX_BUILDINGS",
        "sourceEntityType": "LWPOLYLINE",
        "sourceHandle": "13FF",
        "contextKind": "building",
        "sourceSceneVersionId": "scv-b67f98b3-a52e-4ff8-b837-45864ccd9201",
        "provenance": "topoexport_dxf_2d"
      },
      "geometry": {
        "type": "Polygon",
        "coordinates": [
          [
            [
              1.7246929928660393e-7,
              220.48312084004283
            ],
            [
              1.7246929928660393e-7,
              216.71571819111705
            ],
            [
              2.6961862381431274,
              206.25686399266124
            ],
            [
              14.159004860732239,
              209.22230283543468
            ],
            [
              10.55214517674176,
              223.20278779789805
            ],
            [
              1.7246929928660393e-7,
              220.48312084004283
            ]
          ]
        ]
      }
    },
    {
      "type": "Feature",
      "properties": {
        "sourceLayer": "TPX_BUILDINGS",
        "sourceEntityType": "LWPOLYLINE",
        "sourceHandle": "1406",
        "contextKind": "building",
        "sourceSceneVersionId": "scv-b67f98b3-a52e-4ff8-b837-45864ccd9201",
        "provenance": "topoexport_dxf_2d"
      },
      "geometry": {
        "type": "Polygon",
        "coordinates": [
          [
            [
              57.55296900722897,
              188.2693361453712
            ],
            [
              48.16731837246334,
              184.96367828175426
            ],
            [
              51.64763405773556,
              175.18400708958507
            ],
            [
              61.03328278515255,
              178.48966447636485
            ],
            [
              57.55296900722897,
              188.2693361453712
            ]
          ]
        ]
      }
    },
    {
      "type": "Feature",
      "properties": {
        "sourceLayer": "TPX_BUILDINGS",
        "sourceEntityType": "LWPOLYLINE",
        "sourceHandle": "140D",
        "contextKind": "building",
        "sourceSceneVersionId": "scv-b67f98b3-a52e-4ff8-b837-45864ccd9201",
        "provenance": "topoexport_dxf_2d"
      },
      "geometry": {
        "type": "Polygon",
        "coordinates": [
          [
            [
              74.65855172130978,
              211.43930856510997
            ],
            [
              67.13872435543453,
              209.00924245640635
            ],
            [
              82.57175734493649,
              161.97685281559825
            ],
            [
              90.08053210232174,
              164.40690414234996
            ],
            [
              74.65855172130978,
              211.43930856510997
            ]
          ]
        ]
      }
    },
    {
      "type": "Feature",
      "properties": {
        "sourceLayer": "TPX_BUILDINGS",
        "sourceEntityType": "LWPOLYLINE",
        "sourceHandle": "1414",
        "contextKind": "building",
        "sourceSceneVersionId": "scv-b67f98b3-a52e-4ff8-b837-45864ccd9201",
        "provenance": "topoexport_dxf_2d"
      },
      "geometry": {
        "type": "Polygon",
        "coordinates": [
          [
            [
              59.62047102901852,
              177.52617589756846
            ],
            [
              51.69295647594845,
              174.2333163432777
            ],
            [
              56.70024683926022,
              162.3218206577003
            ],
            [
              64.62775948498165,
              165.6146797351539
            ],
            [
              59.62047102901852,
              177.52617589756846
            ]
          ]
        ]
      }
    },
    {
      "type": "Feature",
      "properties": {
        "sourceLayer": "TPX_BUILDINGS",
        "sourceEntityType": "LWPOLYLINE",
        "sourceHandle": "141B",
        "contextKind": "building",
        "sourceSceneVersionId": "scv-b67f98b3-a52e-4ff8-b837-45864ccd9201",
        "provenance": "topoexport_dxf_2d"
      },
      "geometry": {
        "type": "Polygon",
        "coordinates": [
          [
            [
              41.84026148769772,
              182.75613681599498
            ],
            [
              37.34698870632565,
              180.50656596943736
            ],
            [
              41.355295209621545,
              172.60690585896373
            ],
            [
              45.84858086559689,
              174.84542171284556
            ],
            [
              41.84026148769772,
              182.75613681599498
            ]
          ]
        ]
      }
    },
    {
      "type": "Feature",
      "properties": {
        "sourceLayer": "TPX_BUILDINGS",
        "sourceEntityType": "LWPOLYLINE",
        "sourceHandle": "1422",
        "contextKind": "building",
        "sourceSceneVersionId": "scv-b67f98b3-a52e-4ff8-b837-45864ccd9201",
        "provenance": "topoexport_dxf_2d"
      },
      "geometry": {
        "type": "Polygon",
        "coordinates": [
          [
            [
              169.46258452389156,
              394.88039914891124
            ],
            [
              161.733012227749,
              392.306381624192
            ],
            [
              164.4379840180627,
              384.26144210621715
            ],
            [
              172.16756775829708,
              386.8244036845863
            ],
            [
              169.46258452389156,
              394.88039914891124
            ]
          ]
        ]
      }
    },
    {
      "type": "Feature",
      "properties": {
        "sourceLayer": "TPX_BUILDINGS",
        "sourceEntityType": "LWPOLYLINE",
        "sourceHandle": "1429",
        "contextKind": "building",
        "sourceSceneVersionId": "scv-b67f98b3-a52e-4ff8-b837-45864ccd9201",
        "provenance": "topoexport_dxf_2d"
      },
      "geometry": {
        "type": "Polygon",
        "coordinates": [
          [
            [
              28.3206334397546,
              338.6953386478126
            ],
            [
              24.99610760662472,
              338.27126828953624
            ],
            [
              25.486690549587365,
              334.47992984578013
            ],
            [
              28.800169496273156,
              334.9039868526161
            ],
            [
              28.3206334397546,
              338.6953386478126
            ]
          ]
        ]
      }
    },
    {
      "type": "Feature",
      "properties": {
        "sourceLayer": "TPX_BUILDINGS",
        "sourceEntityType": "LWPOLYLINE",
        "sourceHandle": "1430",
        "contextKind": "building",
        "sourceSceneVersionId": "scv-b67f98b3-a52e-4ff8-b837-45864ccd9201",
        "provenance": "topoexport_dxf_2d"
      },
      "geometry": {
        "type": "Polygon",
        "coordinates": [
          [
            [
              48.101728467678186,
              323.0537943057716
            ],
            [
              42.09371092770016,
              321.93004266545177
            ],
            [
              44.783976583217736,
              307.71630231663585
            ],
            [
              50.79199221584713,
              308.8400534801185
            ],
            [
              48.101728467678186,
              323.0537943057716
            ]
          ]
        ]
      }
    },
    {
      "type": "Feature",
      "properties": {
        "sourceLayer": "TPX_BUILDINGS",
        "sourceEntityType": "LWPOLYLINE",
        "sourceHandle": "1437",
        "contextKind": "building",
        "sourceSceneVersionId": "scv-b67f98b3-a52e-4ff8-b837-45864ccd9201",
        "provenance": "topoexport_dxf_2d"
      },
      "geometry": {
        "type": "Polygon",
        "coordinates": [
          [
            [
              55.938700704311486,
              328.1817034892738
            ],
            [
              51.068944959377404,
              326.6723817996681
            ],
            [
              53.61939814541256,
              318.5277647189796
            ],
            [
              58.489166288112756,
              320.02603141590953
            ],
            [
              55.938700704311486,
              328.1817034892738
            ]
          ]
        ]
      }
    },
    {
      "type": "Feature",
      "properties": {
        "sourceLayer": "TPX_BUILDINGS",
        "sourceEntityType": "LWPOLYLINE",
        "sourceHandle": "143E",
        "contextKind": "building",
        "sourceSceneVersionId": "scv-b67f98b3-a52e-4ff8-b837-45864ccd9201",
        "provenance": "topoexport_dxf_2d"
      },
      "geometry": {
        "type": "Polygon",
        "coordinates": [
          [
            [
              88.22349646541988,
              341.1769274882972
            ],
            [
              85.40810397121822,
              339.9243311099708
            ],
            [
              91.00155547115719,
              327.43866292759776
            ],
            [
              93.81694748852169,
              328.6912593059242
            ],
            [
              88.22349646541988,
              341.1769274882972
            ]
          ]
        ]
      }
    },
    {
      "type": "Feature",
      "properties": {
        "sourceLayer": "TPX_BUILDINGS",
        "sourceEntityType": "LWPOLYLINE",
        "sourceHandle": "1445",
        "contextKind": "building",
        "sourceSceneVersionId": "scv-b67f98b3-a52e-4ff8-b837-45864ccd9201",
        "provenance": "topoexport_dxf_2d"
      },
      "geometry": {
        "type": "Polygon",
        "coordinates": [
          [
            [
              151.99803832027828,
              339.16360990330577
            ],
            [
              149.21468975994503,
              338.828634660691
            ],
            [
              149.99564030620968,
              332.3844002895057
            ],
            [
              152.76794198009884,
              332.7193626575172
            ],
            [
              151.99803832027828,
              339.16360990330577
            ]
          ]
        ]
      }
    },
    {
      "type": "Feature",
      "properties": {
        "sourceLayer": "TPX_BUILDINGS",
        "sourceEntityType": "LWPOLYLINE",
        "sourceHandle": "144C",
        "contextKind": "building",
        "sourceSceneVersionId": "scv-b67f98b3-a52e-4ff8-b837-45864ccd9201",
        "provenance": "topoexport_dxf_2d"
      },
      "geometry": {
        "type": "Polygon",
        "coordinates": [
          [
            [
              110.80797389004147,
              355.3434566669166
            ],
            [
              105.32018521282589,
              353.34697477146983
            ],
            [
              107.13772728893673,
              348.40748159214854
            ],
            [
              112.6255159661523,
              350.4039634875953
            ],
            [
              110.80797389004147,
              355.3434566669166
            ]
          ]
        ]
      }
    },
    {
      "type": "Feature",
      "properties": {
        "sourceLayer": "TPX_BUILDINGS",
        "sourceEntityType": "LWPOLYLINE",
        "sourceHandle": "1455",
        "contextKind": "building",
        "sourceSceneVersionId": "scv-b67f98b3-a52e-4ff8-b837-45864ccd9201",
        "provenance": "topoexport_dxf_2d"
      },
      "geometry": {
        "type": "Polygon",
        "coordinates": [
          [
            [
              102.57540038082516,
              357.7215470485389
            ],
            [
              99.35079386684811,
              356.87750474736094
            ],
            [
              100.44934370968258,
              352.74418107792735
            ],
            [
              110.59799578640377,
              355.42059222981334
            ],
            [
              107.95707991573727,
              365.3228758983314
            ],
            [
              101.03301957104122,
              363.5015620402992
            ],
            [
              102.57540038082516,
              357.7215470485389
            ]
          ]
        ]
      }
    },
    {
      "type": "Feature",
      "properties": {
        "sourceLayer": "TPX_BUILDINGS",
        "sourceEntityType": "LWPOLYLINE",
        "sourceHandle": "145C",
        "contextKind": "building",
        "sourceSceneVersionId": "scv-b67f98b3-a52e-4ff8-b837-45864ccd9201",
        "provenance": "topoexport_dxf_2d"
      },
      "geometry": {
        "type": "Polygon",
        "coordinates": [
          [
            [
              89.07437375042355,
              350.1879104785621
            ],
            [
              80.39455273601925,
              347.8227938823402
            ],
            [
              81.95901539776241,
              342.05386106297374
            ],
            [
              90.63883593532955,
              344.41897765919566
            ],
            [
              89.07437375042355,
              350.1879104785621
            ]
          ]
        ]
      }
    },
    {
      "type": "Feature",
      "properties": {
        "sourceLayer": "TPX_BUILDINGS",
        "sourceEntityType": "LWPOLYLINE",
        "sourceHandle": "1463",
        "contextKind": "building",
        "sourceSceneVersionId": "scv-b67f98b3-a52e-4ff8-b837-45864ccd9201",
        "provenance": "topoexport_dxf_2d"
      },
      "geometry": {
        "type": "Polygon",
        "coordinates": [
          [
            [
              113.09622099850094,
              363.26169196888804
            ],
            [
              110.09241393062985,
              362.52846566960216
            ],
            [
              111.11363699886715,
              358.39504949375987
            ],
            [
              114.10638382885372,
              359.13931791111827
            ],
            [
              113.09622099850094,
              363.26169196888804
            ]
          ]
        ]
      }
    },
    {
      "type": "Feature",
      "properties": {
        "sourceLayer": "TPX_BUILDINGS",
        "sourceEntityType": "LWPOLYLINE",
        "sourceHandle": "146A",
        "contextKind": "building",
        "sourceSceneVersionId": "scv-b67f98b3-a52e-4ff8-b837-45864ccd9201",
        "provenance": "topoexport_dxf_2d"
      },
      "geometry": {
        "type": "Polygon",
        "coordinates": [
          [
            [
              227.80923274013912,
              368.4506925754249
            ],
            [
              224.51925280544674,
              366.84377328678966
            ],
            [
              228.15139105770504,
              359.4190253429115
            ],
            [
              231.4413700387231,
              361.02594463154674
            ],
            [
              227.80923274013912,
              368.4506925754249
            ]
          ]
        ]
      }
    },
    {
      "type": "Feature",
      "properties": {
        "sourceLayer": "TPX_BUILDINGS",
        "sourceEntityType": "LWPOLYLINE",
        "sourceHandle": "1471",
        "contextKind": "building",
        "sourceSceneVersionId": "scv-b67f98b3-a52e-4ff8-b837-45864ccd9201",
        "provenance": "topoexport_dxf_2d"
      },
      "geometry": {
        "type": "Polygon",
        "coordinates": [
          [
            [
              238.68766549084103,
              379.81731263920665
            ],
            [
              232.29456141445553,
              377.3886145763099
            ],
            [
              238.63284304592526,
              360.9239591769874
            ],
            [
              245.02594521496212,
              363.3526562862098
            ],
            [
              238.68766549084103,
              379.81731263920665
            ]
          ]
        ]
      }
    },
    {
      "type": "Feature",
      "properties": {
        "sourceLayer": "TPX_BUILDINGS",
        "sourceEntityType": "LWPOLYLINE",
        "sourceHandle": "1478",
        "contextKind": "building",
        "sourceSceneVersionId": "scv-b67f98b3-a52e-4ff8-b837-45864ccd9201",
        "provenance": "topoexport_dxf_2d"
      },
      "geometry": {
        "type": "Polygon",
        "coordinates": [
          [
            [
              222.90087273571407,
              380.7934717349708
            ],
            [
              219.19152930233395,
              378.84334222599864
            ],
            [
              224.2622437760583,
              369.3087705783546
            ],
            [
              227.97158673260128,
              371.2588996104896
            ],
            [
              222.90087273571407,
              380.7934717349708
            ]
          ]
        ]
      }
    },
    {
      "type": "Feature",
      "properties": {
        "sourceLayer": "TPX_BUILDINGS",
        "sourceEntityType": "LWPOLYLINE",
        "sourceHandle": "147F",
        "contextKind": "building",
        "sourceSceneVersionId": "scv-b67f98b3-a52e-4ff8-b837-45864ccd9201",
        "provenance": "topoexport_dxf_2d"
      },
      "geometry": {
        "type": "Polygon",
        "coordinates": [
          [
            [
              255.16844513866818,
              380.47813979908824
            ],
            [
              245.1080370232812,
              377.9013594798744
            ],
            [
              247.71590569469845,
              367.89953557774425
            ],
            [
              257.76526549312985,
              370.4763025455177
            ],
            [
              255.16844513866818,
              380.47813979908824
            ]
          ]
        ]
      }
    },
    {
      "type": "Feature",
      "properties": {
        "sourceLayer": "TPX_BUILDINGS",
        "sourceEntityType": "LWPOLYLINE",
        "sourceHandle": "1486",
        "contextKind": "building",
        "sourceSceneVersionId": "scv-b67f98b3-a52e-4ff8-b837-45864ccd9201",
        "provenance": "topoexport_dxf_2d"
      },
      "geometry": {
        "type": "Polygon",
        "coordinates": [
          [
            [
              264.48541405651486,
              385.83993665501475
            ],
            [
              254.87867930385983,
              382.6224979571998
            ],
            [
              260.1553607270471,
              367.0962657146156
            ],
            [
              269.7620797440759,
              370.324758451432
            ],
            [
              264.48541405651486,
              385.83993665501475
            ]
          ]
        ]
      }
    },
    {
      "type": "Feature",
      "properties": {
        "sourceLayer": "TPX_BUILDINGS",
        "sourceEntityType": "LWPOLYLINE",
        "sourceHandle": "148D",
        "contextKind": "building",
        "sourceSceneVersionId": "scv-b67f98b3-a52e-4ff8-b837-45864ccd9201",
        "provenance": "topoexport_dxf_2d"
      },
      "geometry": {
        "type": "Polygon",
        "coordinates": [
          [
            [
              333.46006014797604,
              386.2536667995155
            ],
            [
              329.27470925304806,
              385.143172185868
            ],
            [
              333.59091809246456,
              369.1072539500892
            ],
            [
              337.77626755688107,
              370.2177485637367
            ],
            [
              333.46006014797604,
              386.2536667995155
            ]
          ]
        ]
      }
    },
    {
      "type": "Feature",
      "properties": {
        "sourceLayer": "TPX_BUILDINGS",
        "sourceEntityType": "LWPOLYLINE",
        "sourceHandle": "1494",
        "contextKind": "building",
        "sourceSceneVersionId": "scv-b67f98b3-a52e-4ff8-b837-45864ccd9201",
        "provenance": "topoexport_dxf_2d"
      },
      "geometry": {
        "type": "Polygon",
        "coordinates": [
          [
            [
              329.27470925304806,
              385.143172185868
            ],
            [
              324.25007966015255,
              383.8105754069984
            ],
            [
              328.56628993008053,
              367.77465764805675
            ],
            [
              333.59091809246456,
              369.1072539500892
            ],
            [
              329.27470925304806,
              385.143172185868
            ]
          ]
        ]
      }
    },
    {
      "type": "Feature",
      "properties": {
        "sourceLayer": "TPX_BUILDINGS",
        "sourceEntityType": "LWPOLYLINE",
        "sourceHandle": "149B",
        "contextKind": "building",
        "sourceSceneVersionId": "scv-b67f98b3-a52e-4ff8-b837-45864ccd9201",
        "provenance": "topoexport_dxf_2d"
      },
      "geometry": {
        "type": "Polygon",
        "coordinates": [
          [
            [
              325.6641497895471,
              374.43747321888804
            ],
            [
              322.92552426311886,
              373.6492985896766
            ],
            [
              325.23258164379513,
              365.78076211735606
            ],
            [
              327.97120621654904,
              366.56893626973033
            ],
            [
              325.6641497895471,
              374.43747321888804
            ]
          ]
        ]
      }
    },
    {
      "type": "Feature",
      "properties": {
        "sourceLayer": "TPX_BUILDINGS",
        "sourceEntityType": "LWPOLYLINE",
        "sourceHandle": "14A4",
        "contextKind": "building",
        "sourceSceneVersionId": "scv-b67f98b3-a52e-4ff8-b837-45864ccd9201",
        "provenance": "topoexport_dxf_2d"
      },
      "geometry": {
        "type": "Polygon",
        "coordinates": [
          [
            [
              319.7227316186181,
              382.3237976245582
            ],
            [
              304.95845129940426,
              378.0721024684608
            ],
            [
              308.61876156780636,
              365.52883903309703
            ],
            [
              313.2567577645532,
              366.8609775714576
            ],
            [
              315.0314879700891,
              360.7495798282325
            ],
            [
              325.1577801987878,
              363.65808049961925
            ],
            [
              319.7227316186181,
              382.3237976245582
            ]
          ]
        ]
      }
    },
    {
      "type": "Feature",
      "properties": {
        "sourceLayer": "TPX_BUILDINGS",
        "sourceEntityType": "LWPOLYLINE",
        "sourceHandle": "14AB",
        "contextKind": "building",
        "sourceSceneVersionId": "scv-b67f98b3-a52e-4ff8-b837-45864ccd9201",
        "provenance": "topoexport_dxf_2d"
      },
      "geometry": {
        "type": "Polygon",
        "coordinates": [
          [
            [
              301.23690178844845,
              377.0948189906776
            ],
            [
              294.3241186425439,
              375.0745519809425
            ],
            [
              299.825363664364,
              356.4863018207252
            ],
            [
              306.73814394924557,
              358.50656835362315
            ],
            [
              301.23690178844845,
              377.0948189906776
            ]
          ]
        ]
      }
    },
    {
      "type": "Feature",
      "properties": {
        "sourceLayer": "TPX_BUILDINGS",
        "sourceEntityType": "LWPOLYLINE",
        "sourceHandle": "14B2",
        "contextKind": "building",
        "sourceSceneVersionId": "scv-b67f98b3-a52e-4ff8-b837-45864ccd9201",
        "provenance": "topoexport_dxf_2d"
      },
      "geometry": {
        "type": "Polygon",
        "coordinates": [
          [
            [
              280.6751942918054,
              371.1226667575538
            ],
            [
              273.58564045879757,
              369.1242970637977
            ],
            [
              278.68837264034664,
              351.2431048564613
            ],
            [
              285.7889704987756,
              353.24148742482066
            ],
            [
              280.6751942918054,
              371.1226667575538
            ]
          ]
        ]
      }
    },
    {
      "type": "Feature",
      "properties": {
        "sourceLayer": "TPX_BUILDINGS",
        "sourceEntityType": "LWPOLYLINE",
        "sourceHandle": "14B9",
        "contextKind": "building",
        "sourceSceneVersionId": "scv-b67f98b3-a52e-4ff8-b837-45864ccd9201",
        "provenance": "topoexport_dxf_2d"
      },
      "geometry": {
        "type": "Polygon",
        "coordinates": [
          [
            [
              287.76319601986324,
              374.4255441837013
            ],
            [
              283.3128862664453,
              373.1820682696998
            ],
            [
              286.23042061779415,
              362.8710664920509
            ],
            [
              290.6917763039819,
              364.1145552806556
            ],
            [
              287.76319601986324,
              374.4255441837013
            ]
          ]
        ]
      }
    },
    {
      "type": "Feature",
      "properties": {
        "sourceLayer": "TPX_BUILDINGS",
        "sourceEntityType": "LWPOLYLINE",
        "sourceHandle": "14C0",
        "contextKind": "building",
        "sourceSceneVersionId": "scv-b67f98b3-a52e-4ff8-b837-45864ccd9201",
        "provenance": "topoexport_dxf_2d"
      },
      "geometry": {
        "type": "Polygon",
        "coordinates": [
          [
            [
              273.88949206325924,
              364.42621080204844
            ],
            [
              266.88828614208614,
              362.45005552098155
            ],
            [
              270.3713984772912,
              350.2935141734779
            ],
            [
              277.37260296795284,
              352.2696694545448
            ],
            [
              273.88949206325924,
              364.42621080204844
            ]
          ]
        ]
      }
    },
    {
      "type": "Feature",
      "properties": {
        "sourceLayer": "TPX_BUILDINGS",
        "sourceEntityType": "LWPOLYLINE",
        "sourceHandle": "14C9",
        "contextKind": "building",
        "sourceSceneVersionId": "scv-b67f98b3-a52e-4ff8-b837-45864ccd9201",
        "provenance": "topoexport_dxf_2d"
      },
      "geometry": {
        "type": "Polygon",
        "coordinates": [
          [
            [
              258.9044852540246,
              360.00841180607677
            ],
            [
              251.83729031536495,
              357.7889618091285
            ],
            [
              254.79780581447994,
              348.4950884990394
            ],
            [
              258.07742312405026,
              349.5271248035133
            ],
            [
              259.56322291347897,
              344.86361161991954
            ],
            [
              263.3397527024499,
              346.0510119609535
            ],
            [
              258.9044852540246,
              360.00841180607677
            ]
          ]
        ]
      }
    },
    {
      "type": "Feature",
      "properties": {
        "sourceLayer": "TPX_BUILDINGS",
        "sourceEntityType": "LWPOLYLINE",
        "sourceHandle": "14D0",
        "contextKind": "building",
        "sourceSceneVersionId": "scv-b67f98b3-a52e-4ff8-b837-45864ccd9201",
        "provenance": "topoexport_dxf_2d"
      },
      "geometry": {
        "type": "Polygon",
        "coordinates": [
          [
            [
              265.078208951687,
              361.13233510777354
            ],
            [
              260.30799677822506,
              359.5126003436744
            ],
            [
              264.40943053219235,
              347.60000936314464
            ],
            [
              269.1796551034204,
              349.2086886577308
            ],
            [
              265.078208951687,
              361.13233510777354
            ]
          ]
        ]
      }
    },
    {
      "type": "Feature",
      "properties": {
        "sourceLayer": "TPX_BUILDINGS",
        "sourceEntityType": "LWPOLYLINE",
        "sourceHandle": "14D7",
        "contextKind": "building",
        "sourceSceneVersionId": "scv-b67f98b3-a52e-4ff8-b837-45864ccd9201",
        "provenance": "topoexport_dxf_2d"
      },
      "geometry": {
        "type": "Polygon",
        "coordinates": [
          [
            [
              288.5403323456994,
              361.8899053744972
            ],
            [
              284.70843651745236,
              360.81299344822764
            ],
            [
              286.83822682354366,
              353.38645355030894
            ],
            [
              290.65907576534664,
              354.4633526019752
            ],
            [
              288.5403323456994,
              361.8899053744972
            ]
          ]
        ]
      }
    },
    {
      "type": "Feature",
      "properties": {
        "sourceLayer": "TPX_BUILDINGS",
        "sourceEntityType": "LWPOLYLINE",
        "sourceHandle": "14DE",
        "contextKind": "building",
        "sourceSceneVersionId": "scv-b67f98b3-a52e-4ff8-b837-45864ccd9201",
        "provenance": "topoexport_dxf_2d"
      },
      "geometry": {
        "type": "Polygon",
        "coordinates": [
          [
            [
              322.7039342210046,
              355.6291078738868
            ],
            [
              318.13216546032345,
              354.3412698917091
            ],
            [
              320.7944236085168,
              345.0359834842384
            ],
            [
              325.35514452907955,
              346.32380859181285
            ],
            [
              322.7039342210046,
              355.6291078738868
            ]
          ]
        ]
      }
    },
    {
      "type": "Feature",
      "properties": {
        "sourceLayer": "TPX_BUILDINGS",
        "sourceEntityType": "LWPOLYLINE",
        "sourceHandle": "14E7",
        "contextKind": "building",
        "sourceSceneVersionId": "scv-b67f98b3-a52e-4ff8-b837-45864ccd9201",
        "provenance": "topoexport_dxf_2d"
      },
      "geometry": {
        "type": "Polygon",
        "coordinates": [
          [
            [
              332.3995390221826,
              358.4265431575477
            ],
            [
              323.6204209611169,
              355.9507979564369
            ],
            [
              328.33483317348873,
              339.47314731404185
            ],
            [
              333.2268209740869,
              340.8719171695411
            ],
            [
              332.2502627656213,
              344.6184581927955
            ],
            [
              336.02642538998043,
              346.115397375077
            ],
            [
              332.3995390221826,
              358.4265431575477
            ]
          ]
        ]
      }
    },
    {
      "type": "Feature",
      "properties": {
        "sourceLayer": "TPX_BUILDINGS",
        "sourceEntityType": "LWPOLYLINE",
        "sourceHandle": "14EE",
        "contextKind": "building",
        "sourceSceneVersionId": "scv-b67f98b3-a52e-4ff8-b837-45864ccd9201",
        "provenance": "topoexport_dxf_2d"
      },
      "geometry": {
        "type": "Polygon",
        "coordinates": [
          [
            [
              316.9283223435632,
              354.14084474369884
            ],
            [
              308.7897897050134,
              351.7653555087745
            ],
            [
              313.4813638016931,
              335.91782323643565
            ],
            [
              321.61988070461666,
              338.3043669871986
            ],
            [
              316.9283223435632,
              354.14084474369884
            ]
          ]
        ]
      }
    },
    {
      "type": "Feature",
      "properties": {
        "sourceLayer": "TPX_BUILDINGS",
        "sourceEntityType": "LWPOLYLINE",
        "sourceHandle": "14F7",
        "contextKind": "building",
        "sourceSceneVersionId": "scv-b67f98b3-a52e-4ff8-b837-45864ccd9201",
        "provenance": "topoexport_dxf_2d"
      },
      "geometry": {
        "type": "Polygon",
        "coordinates": [
          [
            [
              305.6212821290246,
              350.19175140187144
            ],
            [
              297.26189759228146,
              347.7496666125953
            ],
            [
              300.31196120235836,
              337.4609326533973
            ],
            [
              303.86773016903317,
              338.50434963032603
            ],
            [
              302.71426632854855,
              342.38334218785167
            ],
            [
              307.51788046810543,
              343.78200904652476
            ],
            [
              305.6212821290246,
              350.19175140187144
            ]
          ]
        ]
      }
    },
    {
      "type": "Feature",
      "properties": {
        "sourceLayer": "TPX_BUILDINGS",
        "sourceEntityType": "LWPOLYLINE",
        "sourceHandle": "14FE",
        "contextKind": "building",
        "sourceSceneVersionId": "scv-b67f98b3-a52e-4ff8-b837-45864ccd9201",
        "provenance": "topoexport_dxf_2d"
      },
      "geometry": {
        "type": "Polygon",
        "coordinates": [
          [
            [
              247.5474810883752,
              360.9124664478004
            ],
            [
              240.0830297753564,
              358.33877651020885
            ],
            [
              241.69022610638058,
              353.7749046497047
            ],
            [
              249.14363005611813,
              356.348581712693
            ],
            [
              247.5474810883752,
              360.9124664478004
            ]
          ]
        ]
      }
    },
    {
      "type": "Feature",
      "properties": {
        "sourceLayer": "TPX_BUILDINGS",
        "sourceEntityType": "LWPOLYLINE",
        "sourceHandle": "1511",
        "contextKind": "building",
        "sourceSceneVersionId": "scv-b67f98b3-a52e-4ff8-b837-45864ccd9201",
        "provenance": "topoexport_dxf_2d"
      },
      "geometry": {
        "type": "Polygon",
        "coordinates": [
          [
            [
              160.74573567364132,
              340.1911195926368
            ],
            [
              159.96840193722164,
              334.34200612828135
            ],
            [
              161.49963620159542,
              328.6393632106483
            ],
            [
              165.10641863796627,
              323.9562715701759
            ],
            [
              170.24660780880367,
              321.010670106858
            ],
            [
              176.13538125011837,
              320.232774656266
            ],
            [
              181.86676028225338,
              321.7541674785316
            ],
            [
              186.5793881699792,
              325.34166185185313
            ],
            [
              189.5558948800317,
              330.441644590348
            ],
            [
              190.3332319543115,
              336.2907575778663
            ],
            [
              188.8020000741235,
              341.99340097233653
            ],
            [
              185.19523241970455,
              346.6654395274818
            ],
            [
              180.0550289437524,
              349.6220974139869
            ],
            [
              174.17729857418453,
              350.4000062160194
            ],
            [
              168.43486979458248,
              348.87860004231334
            ],
            [
              163.72224095318234,
              345.29110423848033
            ],
            [
              160.74573567364132,
              340.1911195926368
            ]
          ]
        ]
      }
    },
    {
      "type": "Feature",
      "properties": {
        "sourceLayer": "TPX_BUILDINGS",
        "sourceEntityType": "LWPOLYLINE",
        "sourceHandle": "1518",
        "contextKind": "building",
        "sourceSceneVersionId": "scv-b67f98b3-a52e-4ff8-b837-45864ccd9201",
        "provenance": "topoexport_dxf_2d"
      },
      "geometry": {
        "type": "Polygon",
        "coordinates": [
          [
            [
              248.73269322369015,
              330.3794945888221
            ],
            [
              245.22136261913693,
              329.1260780505836
            ],
            [
              247.61542036983883,
              322.4184407405555
            ],
            [
              251.1157174393884,
              323.6607884578407
            ],
            [
              248.73269322369015,
              330.3794945888221
            ]
          ]
        ]
      }
    },
    {
      "type": "Feature",
      "properties": {
        "sourceLayer": "TPX_BUILDINGS",
        "sourceEntityType": "LWPOLYLINE",
        "sourceHandle": "152B",
        "contextKind": "building",
        "sourceSceneVersionId": "scv-b67f98b3-a52e-4ff8-b837-45864ccd9201",
        "provenance": "topoexport_dxf_2d"
      },
      "geometry": {
        "type": "Polygon",
        "coordinates": [
          [
            [
              199.1448979661218,
              329.98875753208995
            ],
            [
              198.0702376649133,
              323.3543733768165
            ],
            [
              199.61351588222897,
              316.8115510158241
            ],
            [
              203.5746937081567,
              311.36607209965587
            ],
            [
              209.33419993374264,
              307.82422630116343
            ],
            [
              216.00763514492428,
              306.74877206608653
            ],
            [
              222.60062220547115,
              308.2932972125709
            ],
            [
              228.0861044213525,
              312.2244190387428
            ],
            [
              231.647346048092,
              317.94418565556407
            ],
            [
              232.73305705044186,
              324.5785822086036
            ],
            [
              231.17873671505367,
              331.12139217182994
            ],
            [
              227.21754696819698,
              336.57792798802257
            ],
            [
              221.46909907314694,
              340.1087340526283
            ],
            [
              214.78461316082394,
              341.18417588993907
            ],
            [
              208.20266869518673,
              339.6396631412208
            ],
            [
              202.70613816234982,
              335.70852653309703
            ],
            [
              199.1448979661218,
              329.98875753208995
            ]
          ]
        ]
      }
    },
    {
      "type": "Feature",
      "properties": {
        "sourceLayer": "TPX_BUILDINGS",
        "sourceEntityType": "LWPOLYLINE",
        "sourceHandle": "1532",
        "contextKind": "building",
        "sourceSceneVersionId": "scv-b67f98b3-a52e-4ff8-b837-45864ccd9201",
        "provenance": "topoexport_dxf_2d"
      },
      "geometry": {
        "type": "Polygon",
        "coordinates": [
          [
            [
              260.290056733822,
              328.19327871128917
            ],
            [
              256.72421696636593,
              326.3317641429603
            ],
            [
              260.65460589382565,
              318.9073690585792
            ],
            [
              264.23149207088863,
              320.7688969783485
            ],
            [
              260.290056733822,
              328.19327871128917
            ]
          ]
        ]
      }
    },
    {
      "type": "Feature",
      "properties": {
        "sourceLayer": "TPX_BUILDINGS",
        "sourceEntityType": "LWPOLYLINE",
        "sourceHandle": "1539",
        "contextKind": "building",
        "sourceSceneVersionId": "scv-b67f98b3-a52e-4ff8-b837-45864ccd9201",
        "provenance": "topoexport_dxf_2d"
      },
      "geometry": {
        "type": "Polygon",
        "coordinates": [
          [
            [
              269.31585267040646,
              327.5959915332496
            ],
            [
              263.1666617676965,
              324.42689077183604
            ],
            [
              265.1817231461755,
              320.5820907764137
            ],
            [
              271.3198676392785,
              323.75117770954967
            ],
            [
              269.31585267040646,
              327.5959915332496
            ]
          ]
        ]
      }
    },
    {
      "type": "Feature",
      "properties": {
        "sourceLayer": "TPX_BUILDINGS",
        "sourceEntityType": "LWPOLYLINE",
        "sourceHandle": "1540",
        "contextKind": "building",
        "sourceSceneVersionId": "scv-b67f98b3-a52e-4ff8-b837-45864ccd9201",
        "provenance": "topoexport_dxf_2d"
      },
      "geometry": {
        "type": "Polygon",
        "coordinates": [
          [
            [
              272.33822110149777,
              322.016728322953
            ],
            [
              263.25275471661007,
              317.06424943730235
            ],
            [
              267.2602839753381,
              309.79471818730235
            ],
            [
              276.3457494065515,
              314.7471965961158
            ],
            [
              272.33822110149777,
              322.016728322953
            ]
          ]
        ]
      }
    },
    {
      "type": "Feature",
      "properties": {
        "sourceLayer": "TPX_BUILDINGS",
        "sourceEntityType": "LWPOLYLINE",
        "sourceHandle": "1547",
        "contextKind": "building",
        "sourceSceneVersionId": "scv-b67f98b3-a52e-4ff8-b837-45864ccd9201",
        "provenance": "topoexport_dxf_2d"
      },
      "geometry": {
        "type": "Polygon",
        "coordinates": [
          [
            [
              276.5473385140649,
              312.4369057826698
            ],
            [
              269.65819838497555,
              309.1232079677284
            ],
            [
              273.4010949418298,
              301.4443201236427
            ],
            [
              280.29024746868527,
              304.74696246907115
            ],
            [
              276.5473385140649,
              312.4369057826698
            ]
          ]
        ]
      }
    },
    {
      "type": "Feature",
      "properties": {
        "sourceLayer": "TPX_BUILDINGS",
        "sourceEntityType": "LWPOLYLINE",
        "sourceHandle": "154E",
        "contextKind": "building",
        "sourceSceneVersionId": "scv-b67f98b3-a52e-4ff8-b837-45864ccd9201",
        "provenance": "topoexport_dxf_2d"
      },
      "geometry": {
        "type": "Polygon",
        "coordinates": [
          [
            [
              287.50133803341305,
              315.99865524098277
            ],
            [
              284.2991409585229,
              314.8893264941871
            ],
            [
              287.48035672161495,
              305.78365222737193
            ],
            [
              290.68255331966793,
              306.8929809741676
            ],
            [
              287.50133803341305,
              315.99865524098277
            ]
          ]
        ]
      }
    },
    {
      "type": "Feature",
      "properties": {
        "sourceLayer": "TPX_BUILDINGS",
        "sourceEntityType": "LWPOLYLINE",
        "sourceHandle": "1555",
        "contextKind": "building",
        "sourceSceneVersionId": "scv-b67f98b3-a52e-4ff8-b837-45864ccd9201",
        "provenance": "topoexport_dxf_2d"
      },
      "geometry": {
        "type": "Polygon",
        "coordinates": [
          [
            [
              278.62873604748165,
              317.8232521228492
            ],
            [
              276.42058804485714,
              316.8367132358253
            ],
            [
              281.52662375423824,
              305.4559654407203
            ],
            [
              283.7458315179101,
              306.43146220967174
            ],
            [
              278.62873604748165,
              317.8232521228492
            ]
          ]
        ]
      }
    },
    {
      "type": "Feature",
      "properties": {
        "sourceLayer": "TPX_BUILDINGS",
        "sourceEntityType": "LWPOLYLINE",
        "sourceHandle": "155C",
        "contextKind": "building",
        "sourceSceneVersionId": "scv-b67f98b3-a52e-4ff8-b837-45864ccd9201",
        "provenance": "topoexport_dxf_2d"
      },
      "geometry": {
        "type": "Polygon",
        "coordinates": [
          [
            [
              289.3993525788537,
              317.68130008503795
            ],
            [
              287.5445242211572,
              316.83889953419566
            ],
            [
              290.59022000286495,
              310.2204775027931
            ],
            [
              292.4450478837243,
              311.06287805363536
            ],
            [
              289.3993525788537,
              317.68130008503795
            ]
          ]
        ]
      }
    },
    {
      "type": "Feature",
      "properties": {
        "sourceLayer": "TPX_BUILDINGS",
        "sourceEntityType": "LWPOLYLINE",
        "sourceHandle": "1563",
        "contextKind": "building",
        "sourceSceneVersionId": "scv-b67f98b3-a52e-4ff8-b837-45864ccd9201",
        "provenance": "topoexport_dxf_2d"
      },
      "geometry": {
        "type": "Polygon",
        "coordinates": [
          [
            [
              294.17573979351437,
              323.3914531879127
            ],
            [
              288.8980055138818,
              321.2515238933265
            ],
            [
              294.3597402856103,
              308.0139297656715
            ],
            [
              299.63747361156857,
              310.1538585834205
            ],
            [
              294.17573979351437,
              323.3914531879127
            ]
          ]
        ]
      }
    },
    {
      "type": "Feature",
      "properties": {
        "sourceLayer": "TPX_BUILDINGS",
        "sourceEntityType": "LWPOLYLINE",
        "sourceHandle": "156A",
        "contextKind": "building",
        "sourceSceneVersionId": "scv-b67f98b3-a52e-4ff8-b837-45864ccd9201",
        "provenance": "topoexport_dxf_2d"
      },
      "geometry": {
        "type": "Polygon",
        "coordinates": [
          [
            [
              303.76035883877194,
              326.61991349980235
            ],
            [
              296.5390672967187,
              323.9359692744911
            ],
            [
              301.38169100735104,
              311.1177338771522
            ],
            [
              308.59193470928585,
              313.8016652278602
            ],
            [
              303.76035883877194,
              326.61991349980235
            ]
          ]
        ]
      }
    },
    {
      "type": "Feature",
      "properties": {
        "sourceLayer": "TPX_BUILDINGS",
        "sourceEntityType": "LWPOLYLINE",
        "sourceHandle": "1571",
        "contextKind": "building",
        "sourceSceneVersionId": "scv-b67f98b3-a52e-4ff8-b837-45864ccd9201",
        "provenance": "topoexport_dxf_2d"
      },
      "geometry": {
        "type": "Polygon",
        "coordinates": [
          [
            [
              313.32974961254513,
              333.3638986758888
            ],
            [
              307.30046370479977,
              331.54367677494884
            ],
            [
              312.9561291024438,
              313.14354745671153
            ],
            [
              318.9743533417932,
              314.97481052204967
            ],
            [
              313.32974961254513,
              333.3638986758888
            ]
          ]
        ]
      }
    },
    {
      "type": "Feature",
      "properties": {
        "sourceLayer": "TPX_BUILDINGS",
        "sourceEntityType": "LWPOLYLINE",
        "sourceHandle": "157C",
        "contextKind": "building",
        "sourceSceneVersionId": "scv-b67f98b3-a52e-4ff8-b837-45864ccd9201",
        "provenance": "topoexport_dxf_2d"
      },
      "geometry": {
        "type": "Polygon",
        "coordinates": [
          [
            [
              320.33919909450924,
              328.40846626088023
            ],
            [
              316.37489035580074,
              327.20979158207774
            ],
            [
              319.9346447274438,
              315.61715261265635
            ],
            [
              323.61184599850094,
              316.7270440272987
            ],
            [
              323.19044449779904,
              318.09738389775157
            ],
            [
              328.1485910699121,
              319.59572974964976
            ],
            [
              326.2854910180322,
              325.7070230655372
            ],
            [
              321.6034164712182,
              324.2863916568458
            ],
            [
              320.33919909450924,
              328.40846626088023
            ]
          ]
        ]
      }
    },
    {
      "type": "Feature",
      "properties": {
        "sourceLayer": "TPX_BUILDINGS",
        "sourceEntityType": "LWPOLYLINE",
        "sourceHandle": "1583",
        "contextKind": "building",
        "sourceSceneVersionId": "scv-b67f98b3-a52e-4ff8-b837-45864ccd9201",
        "provenance": "topoexport_dxf_2d"
      },
      "geometry": {
        "type": "Polygon",
        "coordinates": [
          [
            [
              334.1354952141992,
              338.4740261249244
            ],
            [
              325.1901288316003,
              336.46240035817027
            ],
            [
              328.54370453808224,
              321.75195829197764
            ],
            [
              337.48906805965817,
              323.7635831050575
            ],
            [
              334.1354952141992,
              338.4740261249244
            ]
          ]
        ]
      }
    },
    {
      "type": "Feature",
      "properties": {
        "sourceLayer": "TPX_BUILDINGS",
        "sourceEntityType": "LWPOLYLINE",
        "sourceHandle": "158A",
        "contextKind": "building",
        "sourceSceneVersionId": "scv-b67f98b3-a52e-4ff8-b837-45864ccd9201",
        "provenance": "topoexport_dxf_2d"
      },
      "geometry": {
        "type": "Polygon",
        "coordinates": [
          [
            [
              306.1284981057397,
              332.4045857600868
            ],
            [
              303.158172635769,
              331.38397542759776
            ],
            [
              307.10432436916744,
              319.99079028889537
            ],
            [
              310.06361535046017,
              321.00033227726817
            ],
            [
              306.1284981057397,
              332.4045857600868
            ]
          ]
        ]
      }
    },
    {
      "type": "Feature",
      "properties": {
        "sourceLayer": "TPX_BUILDINGS",
        "sourceEntityType": "LWPOLYLINE",
        "sourceHandle": "1591",
        "contextKind": "building",
        "sourceSceneVersionId": "scv-b67f98b3-a52e-4ff8-b837-45864ccd9201",
        "provenance": "topoexport_dxf_2d"
      },
      "geometry": {
        "type": "Polygon",
        "coordinates": [
          [
            [
              293.97176983807003,
              327.7027267627418
            ],
            [
              291.0563888833276,
              326.9253954105079
            ],
            [
              291.9441032693139,
              323.57673494145274
            ],
            [
              294.85948422405636,
              324.3540667705238
            ],
            [
              293.97176983807003,
              327.7027267627418
            ]
          ]
        ]
      }
    },
    {
      "type": "Feature",
      "properties": {
        "sourceLayer": "TPX_BUILDINGS",
        "sourceEntityType": "LWPOLYLINE",
        "sourceHandle": "1598",
        "contextKind": "building",
        "sourceSceneVersionId": "scv-b67f98b3-a52e-4ff8-b837-45864ccd9201",
        "provenance": "topoexport_dxf_2d"
      },
      "geometry": {
        "type": "Polygon",
        "coordinates": [
          [
            [
              278.12709095928585,
              330.923032682389
            ],
            [
              271.01614716503536,
              328.3387121371925
            ],
            [
              273.23262694332516,
              322.3273376636207
            ],
            [
              280.34356978390133,
              324.91165820881724
            ],
            [
              278.12709095928585,
              330.923032682389
            ]
          ]
        ]
      }
    },
    {
      "type": "Feature",
      "properties": {
        "sourceLayer": "TPX_BUILDINGS",
        "sourceEntityType": "LWPOLYLINE",
        "sourceHandle": "159F",
        "contextKind": "building",
        "sourceSceneVersionId": "scv-b67f98b3-a52e-4ff8-b837-45864ccd9201",
        "provenance": "topoexport_dxf_2d"
      },
      "geometry": {
        "type": "Polygon",
        "coordinates": [
          [
            [
              255.6041274354211,
              339.28709070011973
            ],
            [
              251.61821320507443,
              337.679344099015
            ],
            [
              255.95004656765377,
              327.09364883229136
            ],
            [
              259.9359603211633,
              328.70139495655894
            ],
            [
              255.6041274354211,
              339.28709070011973
            ]
          ]
        ]
      }
    },
    {
      "type": "Feature",
      "properties": {
        "sourceLayer": "TPX_BUILDINGS",
        "sourceEntityType": "LWPOLYLINE",
        "sourceHandle": "15A6",
        "contextKind": "building",
        "sourceSceneVersionId": "scv-b67f98b3-a52e-4ff8-b837-45864ccd9201",
        "provenance": "topoexport_dxf_2d"
      },
      "geometry": {
        "type": "Polygon",
        "coordinates": [
          [
            [
              263.4786701485864,
              340.7115296535194
            ],
            [
              258.28913643810665,
              338.71541921421885
            ],
            [
              261.23653653118527,
              331.15719167515635
            ],
            [
              266.41502287838375,
              333.15328876301646
            ],
            [
              263.4786701485864,
              340.7115296535194
            ]
          ]
        ]
      }
    },
    {
      "type": "Feature",
      "properties": {
        "sourceLayer": "TPX_BUILDINGS",
        "sourceEntityType": "LWPOLYLINE",
        "sourceHandle": "15AD",
        "contextKind": "building",
        "sourceSceneVersionId": "scv-b67f98b3-a52e-4ff8-b837-45864ccd9201",
        "provenance": "topoexport_dxf_2d"
      },
      "geometry": {
        "type": "Polygon",
        "coordinates": [
          [
            [
              274.86442664120113,
              343.4888776950538
            ],
            [
              266.582528142666,
              340.91421834751964
            ],
            [
              270.3506660744897,
              330.5931748561561
            ],
            [
              278.70961287472164,
              333.40008441731334
            ],
            [
              274.86442664120113,
              343.4888776950538
            ]
          ]
        ]
      }
    },
    {
      "type": "Feature",
      "properties": {
        "sourceLayer": "TPX_BUILDINGS",
        "sourceEntityType": "LWPOLYLINE",
        "sourceHandle": "15B4",
        "contextKind": "building",
        "sourceSceneVersionId": "scv-b67f98b3-a52e-4ff8-b837-45864ccd9201",
        "provenance": "topoexport_dxf_2d"
      },
      "geometry": {
        "type": "Polygon",
        "coordinates": [
          [
            [
              284.3279962823144,
              346.33026687428355
            ],
            [
              277.4047899529687,
              343.790391843766
            ],
            [
              281.7046494767419,
              332.22074596211314
            ],
            [
              288.6168079659692,
              334.7606076411903
            ],
            [
              284.3279962823144,
              346.33026687428355
            ]
          ]
        ]
      }
    },
    {
      "type": "Feature",
      "properties": {
        "sourceLayer": "TPX_BUILDINGS",
        "sourceEntityType": "LWPOLYLINE",
        "sourceHandle": "15BB",
        "contextKind": "building",
        "sourceSceneVersionId": "scv-b67f98b3-a52e-4ff8-b837-45864ccd9201",
        "provenance": "topoexport_dxf_2d"
      },
      "geometry": {
        "type": "Polygon",
        "coordinates": [
          [
            [
              291.8818993851892,
              347.9975332431495
            ],
            [
              286.17334511730587,
              345.8570908717811
            ],
            [
              290.3398542687646,
              334.95059625431895
            ],
            [
              296.03734782192623,
              337.1020802669227
            ],
            [
              291.8818993851892,
              347.9975332431495
            ]
          ]
        ]
      }
    },
    {
      "type": "Feature",
      "properties": {
        "sourceLayer": "TPX_BUILDINGS",
        "sourceEntityType": "LWPOLYLINE",
        "sourceHandle": "15C2",
        "contextKind": "building",
        "sourceSceneVersionId": "scv-b67f98b3-a52e-4ff8-b837-45864ccd9201",
        "provenance": "topoexport_dxf_2d"
      },
      "geometry": {
        "type": "Polygon",
        "coordinates": [
          [
            [
              295.29435255978024,
              348.7975663356483
            ],
            [
              292.8431248948327,
              347.8549598865211
            ],
            [
              298.56068232510006,
              333.1473321132362
            ],
            [
              301.0119095132104,
              334.0899385623634
            ],
            [
              295.29435255978024,
              348.7975663356483
            ]
          ]
        ]
      }
    },
    {
      "type": "Feature",
      "properties": {
        "sourceLayer": "TPX_BUILDINGS",
        "sourceEntityType": "LWPOLYLINE",
        "sourceHandle": "15C9",
        "contextKind": "building",
        "sourceSceneVersionId": "scv-b67f98b3-a52e-4ff8-b837-45864ccd9201",
        "provenance": "topoexport_dxf_2d"
      },
      "geometry": {
        "type": "Polygon",
        "coordinates": [
          [
            [
              304.7082057282678,
              337.7204326801002
            ],
            [
              300.93184712383663,
              336.3893188647926
            ],
            [
              302.2175412461511,
              332.7868627719581
            ],
            [
              305.99389985058224,
              334.1179770641029
            ],
            [
              304.7082057282678,
              337.7204326801002
            ]
          ]
        ]
      }
    },
    {
      "type": "Feature",
      "properties": {
        "sourceLayer": "TPX_BUILDINGS",
        "sourceEntityType": "LWPOLYLINE",
        "sourceHandle": "15CF",
        "contextKind": "building",
        "sourceSceneVersionId": "scv-b67f98b3-a52e-4ff8-b837-45864ccd9201",
        "provenance": "topoexport_dxf_2d"
      },
      "geometry": {
        "type": "Polygon",
        "coordinates": [
          [
            [
              338.45058049971703,
              342.2711629085243
            ],
            [
              334.72847499663476,
              341.4485720805824
            ],
            [
              338.45058049971703,
              324.8876518420875
            ],
            [
              338.45058049971703,
              342.2711629085243
            ]
          ]
        ]
      }
    },
    {
      "type": "Feature",
      "properties": {
        "sourceLayer": "TPX_BUILDINGS",
        "sourceEntityType": "LWPOLYLINE",
        "sourceHandle": "15D6",
        "contextKind": "building",
        "sourceSceneVersionId": "scv-b67f98b3-a52e-4ff8-b837-45864ccd9201",
        "provenance": "topoexport_dxf_2d"
      },
      "geometry": {
        "type": "Polygon",
        "coordinates": [
          [
            [
              338.450580516248,
              314.9371608905494
            ],
            [
              332.29821816959884,
              313.58665315434337
            ],
            [
              334.9414424089482,
              301.7054890803993
            ],
            [
              338.450580516248,
              302.47578136250377
            ],
            [
              338.450580516248,
              314.9371608905494
            ]
          ]
        ]
      }
    },
    {
      "type": "Feature",
      "properties": {
        "sourceLayer": "TPX_BUILDINGS",
        "sourceEntityType": "LWPOLYLINE",
        "sourceHandle": "15DE",
        "contextKind": "building",
        "sourceSceneVersionId": "scv-b67f98b3-a52e-4ff8-b837-45864ccd9201",
        "provenance": "topoexport_dxf_2d"
      },
      "geometry": {
        "type": "Polygon",
        "coordinates": [
          [
            [
              337.4022576257121,
              359.60434095188975
            ],
            [
              333.6365091248881,
              358.6380623988807
            ],
            [
              336.3997485085856,
              348.0173305682838
            ],
            [
              338.45058078016154,
              348.54356710240245
            ],
            [
              338.45058078016154,
              355.5750254802406
            ],
            [
              337.4022576257121,
              359.60434095188975
            ]
          ]
        ]
      }
    },
    {
      "type": "Feature",
      "properties": {
        "sourceLayer": "TPX_BUILDINGS",
        "sourceEntityType": "LWPOLYLINE",
        "sourceHandle": "15E5",
        "contextKind": "building",
        "sourceSceneVersionId": "scv-b67f98b3-a52e-4ff8-b837-45864ccd9201",
        "provenance": "topoexport_dxf_2d"
      },
      "geometry": {
        "type": "Polygon",
        "coordinates": [
          [
            [
              338.45058050123043,
              382.1405610255897
            ],
            [
              335.20026769605465,
              381.3030203990638
            ],
            [
              338.4074491497595,
              368.93609945103526
            ],
            [
              338.45058050123043,
              368.94719211384654
            ],
            [
              338.45058050123043,
              382.1405610255897
            ]
          ]
        ]
      }
    },
    {
      "type": "Feature",
      "properties": {
        "sourceLayer": "TPX_BUILDINGS",
        "sourceEntityType": "LWPOLYLINE",
        "sourceHandle": "15EC",
        "contextKind": "building",
        "sourceSceneVersionId": "scv-b67f98b3-a52e-4ff8-b837-45864ccd9201",
        "provenance": "topoexport_dxf_2d"
      },
      "geometry": {
        "type": "Polygon",
        "coordinates": [
          [
            [
              338.4505805025692,
              409.2966078929603
            ],
            [
              334.75937213998986,
              408.3544964008033
            ],
            [
              337.15640535455896,
              399.13733522221446
            ],
            [
              338.4505805025692,
              399.470905225724
            ],
            [
              338.4505805025692,
              409.2966078929603
            ]
          ]
        ]
      }
    },
    {
      "type": "Feature",
      "properties": {
        "sourceLayer": "TPX_BUILDINGS",
        "sourceEntityType": "LWPOLYLINE",
        "sourceHandle": "15F3",
        "contextKind": "building",
        "sourceSceneVersionId": "scv-b67f98b3-a52e-4ff8-b837-45864ccd9201",
        "provenance": "topoexport_dxf_2d"
      },
      "geometry": {
        "type": "Polygon",
        "coordinates": [
          [
            [
              338.4505806750385,
              388.5133909396827
            ],
            [
              335.1373172587482,
              387.79233018681407
            ],
            [
              336.32577284041326,
              382.35459987446666
            ],
            [
              338.4505806750385,
              382.81067649647593
            ],
            [
              338.4505806750385,
              388.5133909396827
            ]
          ]
        ]
      }
    },
    {
      "type": "Feature",
      "properties": {
        "sourceLayer": "TPX_BUILDINGS",
        "sourceEntityType": "LWPOLYLINE",
        "sourceHandle": "15FA",
        "contextKind": "building",
        "sourceSceneVersionId": "scv-b67f98b3-a52e-4ff8-b837-45864ccd9201",
        "provenance": "topoexport_dxf_2d"
      },
      "geometry": {
        "type": "Polygon",
        "coordinates": [
          [
            [
              313.3969288155786,
              388.3192295245826
            ],
            [
              308.7587070748559,
              387.17502872273326
            ],
            [
              310.47907307598507,
              380.3339251689613
            ],
            [
              315.11729433987057,
              381.47812597081065
            ],
            [
              313.3969288155786,
              388.3192295245826
            ]
          ]
        ]
      }
    },
    {
      "type": "Feature",
      "properties": {
        "sourceLayer": "TPX_BUILDINGS",
        "sourceEntityType": "LWPOLYLINE",
        "sourceHandle": "1601",
        "contextKind": "building",
        "sourceSceneVersionId": "scv-b67f98b3-a52e-4ff8-b837-45864ccd9201",
        "provenance": "topoexport_dxf_2d"
      },
      "geometry": {
        "type": "Polygon",
        "coordinates": [
          [
            [
              327.4433665559045,
              392.4152959994972
            ],
            [
              322.46317246410763,
              390.872703474015
            ],
            [
              324.2484226510278,
              385.20352498814464
            ],
            [
              329.22860339138424,
              386.75717202946544
            ],
            [
              327.4433665559045,
              392.4152959994972
            ]
          ]
        ]
      }
    },
    {
      "type": "Feature",
      "properties": {
        "sourceLayer": "TPX_BUILDINGS",
        "sourceEntityType": "LWPOLYLINE",
        "sourceHandle": "1608",
        "contextKind": "building",
        "sourceSceneVersionId": "scv-b67f98b3-a52e-4ff8-b837-45864ccd9201",
        "provenance": "topoexport_dxf_2d"
      },
      "geometry": {
        "type": "Polygon",
        "coordinates": [
          [
            [
              317.1135087296716,
              393.4753603152931
            ],
            [
              313.0163598344079,
              392.5086864642799
            ],
            [
              315.4143562600366,
              382.48449985310435
            ],
            [
              319.5115046784631,
              383.45117370411754
            ],
            [
              317.1135087296716,
              393.4753603152931
            ]
          ]
        ]
      }
    },
    {
      "type": "Feature",
      "properties": {
        "sourceLayer": "TPX_BUILDINGS",
        "sourceEntityType": "LWPOLYLINE",
        "sourceHandle": "160F",
        "contextKind": "building",
        "sourceSceneVersionId": "scv-b67f98b3-a52e-4ff8-b837-45864ccd9201",
        "provenance": "topoexport_dxf_2d"
      },
      "geometry": {
        "type": "Polygon",
        "coordinates": [
          [
            [
              333.7367539689294,
              395.09813157841563
            ],
            [
              328.60168316814816,
              393.74329368397593
            ],
            [
              330.2438397691003,
              387.64279310032725
            ],
            [
              335.3678632066003,
              388.9976176433265
            ],
            [
              333.7367539689294,
              395.09813157841563
            ]
          ]
        ]
      }
    },
    {
      "type": "Feature",
      "properties": {
        "sourceLayer": "TPX_BUILDINGS",
        "sourceEntityType": "LWPOLYLINE",
        "sourceHandle": "1616",
        "contextKind": "building",
        "sourceSceneVersionId": "scv-b67f98b3-a52e-4ff8-b837-45864ccd9201",
        "provenance": "topoexport_dxf_2d"
      },
      "geometry": {
        "type": "Polygon",
        "coordinates": [
          [
            [
              310.54427149746334,
              399.8132127933204
            ],
            [
              304.61414673778927,
              398.2031578235328
            ],
            [
              307.42104104015743,
              388.03574077412486
            ],
            [
              313.34011748287594,
              389.64578239247203
            ],
            [
              310.54427149746334,
              399.8132127933204
            ]
          ]
        ]
      }
    },
    {
      "type": "Feature",
      "properties": {
        "sourceLayer": "TPX_BUILDINGS",
        "sourceEntityType": "LWPOLYLINE",
        "sourceHandle": "161D",
        "contextKind": "building",
        "sourceSceneVersionId": "scv-b67f98b3-a52e-4ff8-b837-45864ccd9201",
        "provenance": "topoexport_dxf_2d"
      },
      "geometry": {
        "type": "Polygon",
        "coordinates": [
          [
            [
              302.89150670025265,
              397.67045966908336
            ],
            [
              293.9577298447839,
              395.1945265941322
            ],
            [
              297.9292955682031,
              381.01546899601817
            ],
            [
              306.87412932369625,
              383.48035995289683
            ],
            [
              302.89150670025265,
              397.67045966908336
            ]
          ]
        ]
      }
    },
    {
      "type": "Feature",
      "properties": {
        "sourceLayer": "TPX_BUILDINGS",
        "sourceEntityType": "LWPOLYLINE",
        "sourceHandle": "1624",
        "contextKind": "building",
        "sourceSceneVersionId": "scv-b67f98b3-a52e-4ff8-b837-45864ccd9201",
        "provenance": "topoexport_dxf_2d"
      },
      "geometry": {
        "type": "Polygon",
        "coordinates": [
          [
            [
              287.0973487183801,
              395.5511826686561
            ],
            [
              283.97231486294186,
              394.57460824772716
            ],
            [
              288.2857361123315,
              380.8934406451881
            ],
            [
              291.4107690140954,
              381.87001506611705
            ],
            [
              287.0973487183801,
              395.5511826686561
            ]
          ]
        ]
      }
    },
    {
      "type": "Feature",
      "properties": {
        "sourceLayer": "TPX_BUILDINGS",
        "sourceEntityType": "LWPOLYLINE",
        "sourceHandle": "162B",
        "contextKind": "building",
        "sourceSceneVersionId": "scv-b67f98b3-a52e-4ff8-b837-45864ccd9201",
        "provenance": "topoexport_dxf_2d"
      },
      "geometry": {
        "type": "Polygon",
        "coordinates": [
          [
            [
              292.37766936275875,
              395.5243009738624
            ],
            [
              288.1038933083764,
              394.4579185657203
            ],
            [
              289.54675486538326,
              388.74411241337657
            ],
            [
              293.8315773293725,
              389.8105081729591
            ],
            [
              292.37766936275875,
              395.5243009738624
            ]
          ]
        ]
      }
    },
    {
      "type": "Feature",
      "properties": {
        "sourceLayer": "TPX_BUILDINGS",
        "sourceEntityType": "LWPOLYLINE",
        "sourceHandle": "1632",
        "contextKind": "building",
        "sourceSceneVersionId": "scv-b67f98b3-a52e-4ff8-b837-45864ccd9201",
        "provenance": "topoexport_dxf_2d"
      },
      "geometry": {
        "type": "Polygon",
        "coordinates": [
          [
            [
              282.96654704067623,
              395.01561776921153
            ],
            [
              273.8344979569665,
              392.06407253071666
            ],
            [
              279.92124846432125,
              373.4544104747474
            ],
            [
              289.05329421017086,
              376.40595523640513
            ],
            [
              282.96654704067623,
              395.01561776921153
            ]
          ]
        ]
      }
    },
    {
      "type": "Feature",
      "properties": {
        "sourceLayer": "TPX_BUILDINGS",
        "sourceEntityType": "LWPOLYLINE",
        "sourceHandle": "1639",
        "contextKind": "building",
        "sourceSceneVersionId": "scv-b67f98b3-a52e-4ff8-b837-45864ccd9201",
        "provenance": "topoexport_dxf_2d"
      },
      "geometry": {
        "type": "Polygon",
        "coordinates": [
          [
            [
              274.78988936397946,
              387.54364482685924
            ],
            [
              270.28467467281735,
              386.0237235240638
            ],
            [
              274.4416041657678,
              373.890094678849
            ],
            [
              278.9468174264184,
              375.4100159816444
            ],
            [
              274.78988936397946,
              387.54364482685924
            ]
          ]
        ]
      }
    },
    {
      "type": "Feature",
      "properties": {
        "sourceLayer": "TPX_BUILDINGS",
        "sourceEntityType": "LWPOLYLINE",
        "sourceHandle": "1640",
        "contextKind": "building",
        "sourceSceneVersionId": "scv-b67f98b3-a52e-4ff8-b837-45864ccd9201",
        "provenance": "topoexport_dxf_2d"
      },
      "geometry": {
        "type": "Polygon",
        "coordinates": [
          [
            [
              270.28467467281735,
              386.0237235240638
            ],
            [
              265.93406012508785,
              384.5482062511146
            ],
            [
              270.0909905717126,
              372.41457740589976
            ],
            [
              274.4416041657678,
              373.890094678849
            ],
            [
              270.28467467281735,
              386.0237235240638
            ]
          ]
        ]
      }
    },
    {
      "type": "Feature",
      "properties": {
        "sourceLayer": "TPX_BUILDINGS",
        "sourceEntityType": "LWPOLYLINE",
        "sourceHandle": "1647",
        "contextKind": "building",
        "sourceSceneVersionId": "scv-b67f98b3-a52e-4ff8-b837-45864ccd9201",
        "provenance": "topoexport_dxf_2d"
      },
      "geometry": {
        "type": "Polygon",
        "coordinates": [
          [
            [
              229.64900639507687,
              391.2044276408851
            ],
            [
              222.10825207683956,
              387.76834098622203
            ],
            [
              225.2092986390344,
              381.0615462474525
            ],
            [
              232.73900511715328,
              384.49761955067515
            ],
            [
              229.64900639507687,
              391.2044276408851
            ]
          ]
        ]
      }
    },
    {
      "type": "Feature",
      "properties": {
        "sourceLayer": "TPX_BUILDINGS",
        "sourceEntityType": "LWPOLYLINE",
        "sourceHandle": "164E",
        "contextKind": "building",
        "sourceSceneVersionId": "scv-b67f98b3-a52e-4ff8-b837-45864ccd9201",
        "provenance": "topoexport_dxf_2d"
      },
      "geometry": {
        "type": "Polygon",
        "coordinates": [
          [
            [
              213.33858540508663,
              386.6302646808326
            ],
            [
              210.1809931084863,
              385.1672190837562
            ],
            [
              211.6318669602624,
              382.00716869160533
            ],
            [
              214.7894587800256,
              383.47021428868175
            ],
            [
              213.33858540508663,
              386.6302646808326
            ]
          ]
        ]
      }
    },
    {
      "type": "Feature",
      "properties": {
        "sourceLayer": "TPX_BUILDINGS",
        "sourceEntityType": "LWPOLYLINE",
        "sourceHandle": "1655",
        "contextKind": "building",
        "sourceSceneVersionId": "scv-b67f98b3-a52e-4ff8-b837-45864ccd9201",
        "provenance": "topoexport_dxf_2d"
      },
      "geometry": {
        "type": "Polygon",
        "coordinates": [
          [
            [
              218.02354767773068,
              385.6298259906471
            ],
            [
              214.52358916256344,
              384.10004226490855
            ],
            [
              216.46204188320553,
              379.65817300602794
            ],
            [
              219.9619999215356,
              381.18795673176646
            ],
            [
              218.02354767773068,
              385.6298259906471
            ]
          ]
        ]
      }
    },
    {
      "type": "Feature",
      "properties": {
        "sourceLayer": "TPX_BUILDINGS",
        "sourceEntityType": "LWPOLYLINE",
        "sourceHandle": "165C",
        "contextKind": "building",
        "sourceSceneVersionId": "scv-b67f98b3-a52e-4ff8-b837-45864ccd9201",
        "provenance": "topoexport_dxf_2d"
      },
      "geometry": {
        "type": "Polygon",
        "coordinates": [
          [
            [
              198.3737979218713,
              383.7823065929115
            ],
            [
              194.91745999309933,
              382.72794572636485
            ],
            [
              195.8601112649194,
              379.6336211375892
            ],
            [
              199.31643584225094,
              380.6990369968116
            ],
            [
              198.3737979218713,
              383.7823065929115
            ]
          ]
        ]
      }
    },
    {
      "type": "Feature",
      "properties": {
        "sourceLayer": "TPX_BUILDINGS",
        "sourceEntityType": "LWPOLYLINE",
        "sourceHandle": "1663",
        "contextKind": "building",
        "sourceSceneVersionId": "scv-b67f98b3-a52e-4ff8-b837-45864ccd9201",
        "provenance": "topoexport_dxf_2d"
      },
      "geometry": {
        "type": "Polygon",
        "coordinates": [
          [
            [
              190.9729099557153,
              383.48605100438
            ],
            [
              179.93014624569332,
              380.2447761707008
            ],
            [
              181.93776753399288,
              373.3819078616798
            ],
            [
              192.99157669994747,
              376.6231950931251
            ],
            [
              190.9729099557153,
              383.48605100438
            ]
          ]
        ]
      }
    },
    {
      "type": "Feature",
      "properties": {
        "sourceLayer": "TPX_BUILDINGS",
        "sourceEntityType": "LWPOLYLINE",
        "sourceHandle": "166A",
        "contextKind": "building",
        "sourceSceneVersionId": "scv-b67f98b3-a52e-4ff8-b837-45864ccd9201",
        "provenance": "topoexport_dxf_2d"
      },
      "geometry": {
        "type": "Polygon",
        "coordinates": [
          [
            [
              187.31964734051144,
              390.0926889590919
            ],
            [
              183.16796544048702,
              388.54001561924815
            ],
            [
              185.2957024857751,
              382.8491381816566
            ],
            [
              189.44738390896237,
              384.40181152150035
            ],
            [
              187.31964734051144,
              390.0926889590919
            ]
          ]
        ]
      }
    },
    {
      "type": "Feature",
      "properties": {
        "sourceLayer": "TPX_BUILDINGS",
        "sourceEntityType": "LWPOLYLINE",
        "sourceHandle": "1671",
        "contextKind": "building",
        "sourceSceneVersionId": "scv-b67f98b3-a52e-4ff8-b837-45864ccd9201",
        "provenance": "topoexport_dxf_2d"
      },
      "geometry": {
        "type": "Polygon",
        "coordinates": [
          [
            [
              192.1453438088647,
              391.5024480037391
            ],
            [
              191.23237565014279,
              388.2290291003883
            ],
            [
              196.44810297939694,
              386.7870182208717
            ],
            [
              197.3721185014001,
              390.06045047566295
            ],
            [
              192.1453438088647,
              391.5024480037391
            ]
          ]
        ]
      }
    },
    {
      "type": "Feature",
      "properties": {
        "sourceLayer": "TPX_BUILDINGS",
        "sourceEntityType": "LWPOLYLINE",
        "sourceHandle": "1678",
        "contextKind": "building",
        "sourceSceneVersionId": "scv-b67f98b3-a52e-4ff8-b837-45864ccd9201",
        "provenance": "topoexport_dxf_2d"
      },
      "geometry": {
        "type": "Polygon",
        "coordinates": [
          [
            [
              211.26834443066036,
              399.69501058384776
            ],
            [
              207.7245674416772,
              397.8556293658912
            ],
            [
              211.588583497738,
              390.5195998363197
            ],
            [
              215.13235953304684,
              392.3589810542762
            ],
            [
              211.26834443066036,
              399.69501058384776
            ]
          ]
        ]
      }
    },
    {
      "type": "Feature",
      "properties": {
        "sourceLayer": "TPX_BUILDINGS",
        "sourceEntityType": "LWPOLYLINE",
        "sourceHandle": "167F",
        "contextKind": "building",
        "sourceSceneVersionId": "scv-b67f98b3-a52e-4ff8-b837-45864ccd9201",
        "provenance": "topoexport_dxf_2d"
      },
      "geometry": {
        "type": "Polygon",
        "coordinates": [
          [
            [
              226.62499669048702,
              398.15452806279063
            ],
            [
              218.55420210812008,
              394.55198184773326
            ],
            [
              221.09059384319698,
              388.91686622425914
            ],
            [
              229.17244770977413,
              392.508370321244
            ],
            [
              226.62499669048702,
              398.15452806279063
            ]
          ]
        ]
      }
    },
    {
      "type": "Feature",
      "properties": {
        "sourceLayer": "TPX_BUILDINGS",
        "sourceEntityType": "LWPOLYLINE",
        "sourceHandle": "1686",
        "contextKind": "building",
        "sourceSceneVersionId": "scv-b67f98b3-a52e-4ff8-b837-45864ccd9201",
        "provenance": "topoexport_dxf_2d"
      },
      "geometry": {
        "type": "Polygon",
        "coordinates": [
          [
            [
              233.10644963238155,
              400.60544196888804
            ],
            [
              227.86188843700802,
              398.4323810748756
            ],
            [
              233.55604603741085,
              384.841302793473
            ],
            [
              238.8006058022729,
              387.01436368748546
            ],
            [
              233.10644963238155,
              400.60544196888804
            ]
          ]
        ]
      }
    },
    {
      "type": "Feature",
      "properties": {
        "sourceLayer": "TPX_BUILDINGS",
        "sourceEntityType": "LWPOLYLINE",
        "sourceHandle": "168D",
        "contextKind": "building",
        "sourceSceneVersionId": "scv-b67f98b3-a52e-4ff8-b837-45864ccd9201",
        "provenance": "topoexport_dxf_2d"
      },
      "geometry": {
        "type": "Polygon",
        "coordinates": [
          [
            [
              236.48423817608273,
              402.6878375224769
            ],
            [
              233.51419976208126,
              401.42401019856334
            ],
            [
              239.16357710812008,
              388.3303612880409
            ],
            [
              242.1336150452844,
              389.5941881351173
            ],
            [
              236.48423817608273,
              402.6878375224769
            ]
          ]
        ]
      }
    },
    {
      "type": "Feature",
      "properties": {
        "sourceLayer": "TPX_BUILDINGS",
        "sourceEntityType": "LWPOLYLINE",
        "sourceHandle": "1694",
        "contextKind": "building",
        "sourceSceneVersionId": "scv-b67f98b3-a52e-4ff8-b837-45864ccd9201",
        "provenance": "topoexport_dxf_2d"
      },
      "geometry": {
        "type": "Polygon",
        "coordinates": [
          [
            [
              226.6219382569543,
              409.9946130923927
            ],
            [
              222.43735125515377,
              408.2429107837379
            ],
            [
              226.0265832230798,
              399.74575988575816
            ],
            [
              230.21118262264645,
              401.4864067249
            ],
            [
              226.6219382569543,
              409.9946130923927
            ]
          ]
        ]
      }
    },
    {
      "type": "Feature",
      "properties": {
        "sourceLayer": "TPX_BUILDINGS",
        "sourceEntityType": "LWPOLYLINE",
        "sourceHandle": "169C",
        "contextKind": "building",
        "sourceSceneVersionId": "scv-b67f98b3-a52e-4ff8-b837-45864ccd9201",
        "provenance": "topoexport_dxf_2d"
      },
      "geometry": {
        "type": "Polygon",
        "coordinates": [
          [
            [
              222.66083863232052,
              406.0984739474952
            ],
            [
              215.59524538967526,
              402.5302905254066
            ],
            [
              219.06108191463863,
              395.6138824634254
            ],
            [
              226.01670887920773,
              398.76183788105845
            ],
            [
              224.6205282494775,
              402.37521592900157
            ],
            [
              222.66083863232052,
              406.0984739474952
            ]
          ]
        ]
      }
    },
    {
      "type": "Feature",
      "properties": {
        "sourceLayer": "TPX_BUILDINGS",
        "sourceEntityType": "LWPOLYLINE",
        "sourceHandle": "16A3",
        "contextKind": "building",
        "sourceSceneVersionId": "scv-b67f98b3-a52e-4ff8-b837-45864ccd9201",
        "provenance": "topoexport_dxf_2d"
      },
      "geometry": {
        "type": "Polygon",
        "coordinates": [
          [
            [
              219.33748915645992,
              413.9547413997352
            ],
            [
              214.01571944210446,
              411.68209068104625
            ],
            [
              215.51112225506222,
              408.23465863987803
            ],
            [
              220.8328919694177,
              410.507309358567
            ],
            [
              219.33748915645992,
              413.9547413997352
            ]
          ]
        ]
      }
    },
    {
      "type": "Feature",
      "properties": {
        "sourceLayer": "TPX_BUILDINGS",
        "sourceEntityType": "LWPOLYLINE",
        "sourceHandle": "16AA",
        "contextKind": "building",
        "sourceSceneVersionId": "scv-b67f98b3-a52e-4ff8-b837-45864ccd9201",
        "provenance": "topoexport_dxf_2d"
      },
      "geometry": {
        "type": "Polygon",
        "coordinates": [
          [
            [
              221.0446872994653,
              408.90456191822886
            ],
            [
              213.62562849972164,
              405.3138469867408
            ],
            [
              214.87695219967281,
              402.75053779408336
            ],
            [
              222.3070574090234,
              406.3412660770118
            ],
            [
              221.0446872994653,
              408.90456191822886
            ]
          ]
        ]
      }
    },
    {
      "type": "Feature",
      "properties": {
        "sourceLayer": "TPX_BUILDINGS",
        "sourceEntityType": "LWPOLYLINE",
        "sourceHandle": "16B1",
        "contextKind": "building",
        "sourceSceneVersionId": "scv-b67f98b3-a52e-4ff8-b837-45864ccd9201",
        "provenance": "topoexport_dxf_2d"
      },
      "geometry": {
        "type": "Polygon",
        "coordinates": [
          [
            [
              229.82387736294186,
              411.325047891587
            ],
            [
              226.6219382569543,
              409.9946130923927
            ],
            [
              230.21118262264645,
              401.4864067249
            ],
            [
              233.41312125179684,
              402.81684152409434
            ],
            [
              229.82387736294186,
              411.325047891587
            ]
          ]
        ]
      }
    },
    {
      "type": "Feature",
      "properties": {
        "sourceLayer": "TPX_BUILDINGS",
        "sourceEntityType": "LWPOLYLINE",
        "sourceHandle": "16B8",
        "contextKind": "building",
        "sourceSceneVersionId": "scv-b67f98b3-a52e-4ff8-b837-45864ccd9201",
        "provenance": "topoexport_dxf_2d"
      },
      "geometry": {
        "type": "Polygon",
        "coordinates": [
          [
            [
              234.9589481637231,
              412.67989579960704
            ],
            [
              231.43689396831905,
              411.1500868014991
            ],
            [
              235.13647225353634,
              402.7525633983314
            ],
            [
              238.65852549526608,
              404.28237191960216
            ],
            [
              234.9589481637231,
              412.67989579960704
            ]
          ]
        ]
      }
    },
    {
      "type": "Feature",
      "properties": {
        "sourceLayer": "TPX_BUILDINGS",
        "sourceEntityType": "LWPOLYLINE",
        "sourceHandle": "16BF",
        "contextKind": "building",
        "sourceSceneVersionId": "scv-b67f98b3-a52e-4ff8-b837-45864ccd9201",
        "provenance": "topoexport_dxf_2d"
      },
      "geometry": {
        "type": "Polygon",
        "coordinates": [
          [
            [
              245.11888745281613,
              415.16835490986705
            ],
            [
              240.20544627163326,
              413.2278479747474
            ],
            [
              243.80632784817135,
              404.2221721820533
            ],
            [
              248.7087211892358,
              406.16266528889537
            ],
            [
              245.11888745281613,
              415.16835490986705
            ]
          ]
        ]
      }
    },
    {
      "type": "Feature",
      "properties": {
        "sourceLayer": "TPX_BUILDINGS",
        "sourceEntityType": "LWPOLYLINE",
        "sourceHandle": "16C6",
        "contextKind": "building",
        "sourceSceneVersionId": "scv-b67f98b3-a52e-4ff8-b837-45864ccd9201",
        "provenance": "topoexport_dxf_2d"
      },
      "geometry": {
        "type": "Polygon",
        "coordinates": [
          [
            [
              256.0918278977624,
              421.3944276981056
            ],
            [
              247.72245314571774,
              418.0568551234901
            ],
            [
              251.85505869839108,
              407.80257741734385
            ],
            [
              260.23546555492794,
              411.1512178592384
            ],
            [
              256.0918278977624,
              421.3944276981056
            ]
          ]
        ]
      }
    },
    {
      "type": "Feature",
      "properties": {
        "sourceLayer": "TPX_BUILDINGS",
        "sourceEntityType": "LWPOLYLINE",
        "sourceHandle": "16CD",
        "contextKind": "building",
        "sourceSceneVersionId": "scv-b67f98b3-a52e-4ff8-b837-45864ccd9201",
        "provenance": "topoexport_dxf_2d"
      },
      "geometry": {
        "type": "Polygon",
        "coordinates": [
          [
            [
              275.8706059739343,
              416.9406303577125
            ],
            [
              266.6941170975915,
              414.1990794353187
            ],
            [
              268.03603556606686,
              409.7675532512367
            ],
            [
              277.21253684017574,
              412.4980491809547
            ],
            [
              275.8706059739343,
              416.9406303577125
            ]
          ]
        ]
      }
    },
    {
      "type": "Feature",
      "properties": {
        "sourceLayer": "TPX_BUILDINGS",
        "sourceEntityType": "LWPOLYLINE",
        "sourceHandle": "16D4",
        "contextKind": "building",
        "sourceSceneVersionId": "scv-b67f98b3-a52e-4ff8-b837-45864ccd9201",
        "provenance": "topoexport_dxf_2d"
      },
      "geometry": {
        "type": "Polygon",
        "coordinates": [
          [
            [
              265.19941475841915,
              417.060589235276
            ],
            [
              259.35854437801754,
              414.7099389247596
            ],
            [
              261.21981194469845,
              410.1463693790138
            ],
            [
              267.06068232510006,
              412.497019212693
            ],
            [
              265.19941475841915,
              417.060589235276
            ]
          ]
        ]
      }
    },
    {
      "type": "Feature",
      "properties": {
        "sourceLayer": "TPX_BUILDINGS",
        "sourceEntityType": "LWPOLYLINE",
        "sourceHandle": "16DB",
        "contextKind": "building",
        "sourceSceneVersionId": "scv-b67f98b3-a52e-4ff8-b837-45864ccd9201",
        "provenance": "topoexport_dxf_2d"
      },
      "geometry": {
        "type": "Polygon",
        "coordinates": [
          [
            [
              291.15925696346676,
              416.84827510640025
            ],
            [
              284.77698281261837,
              414.5964798144996
            ],
            [
              286.6168523118249,
              409.4469598941505
            ],
            [
              292.9991126343957,
              411.7098101787269
            ],
            [
              291.15925696346676,
              416.84827510640025
            ]
          ]
        ]
      }
    },
    {
      "type": "Feature",
      "properties": {
        "sourceLayer": "TPX_BUILDINGS",
        "sourceEntityType": "LWPOLYLINE",
        "sourceHandle": "16E2",
        "contextKind": "building",
        "sourceSceneVersionId": "scv-b67f98b3-a52e-4ff8-b837-45864ccd9201",
        "provenance": "topoexport_dxf_2d"
      },
      "geometry": {
        "type": "Polygon",
        "coordinates": [
          [
            [
              266.2156071946374,
              407.86389676854014
            ],
            [
              256.9289965913049,
              404.8347782306373
            ],
            [
              261.1751189515344,
              392.01583568379283
            ],
            [
              270.461714772915,
              395.0560087375343
            ],
            [
              266.2156071946374,
              407.86389676854014
            ]
          ]
        ]
      }
    },
    {
      "type": "Feature",
      "properties": {
        "sourceLayer": "TPX_BUILDINGS",
        "sourceEntityType": "LWPOLYLINE",
        "sourceHandle": "16E9",
        "contextKind": "building",
        "sourceSceneVersionId": "scv-b67f98b3-a52e-4ff8-b837-45864ccd9201",
        "provenance": "topoexport_dxf_2d"
      },
      "geometry": {
        "type": "Polygon",
        "coordinates": [
          [
            [
              276.81189158413326,
              405.7096971683204
            ],
            [
              268.3423881814233,
              402.96898786351085
            ],
            [
              271.54649355862057,
              393.2000312022865
            ],
            [
              280.0270290658227,
              395.95180885121226
            ],
            [
              276.81189158413326,
              405.7096971683204
            ]
          ]
        ]
      }
    },
    {
      "type": "Feature",
      "properties": {
        "sourceLayer": "TPX_BUILDINGS",
        "sourceEntityType": "LWPOLYLINE",
        "sourceHandle": "16F0",
        "contextKind": "building",
        "sourceSceneVersionId": "scv-b67f98b3-a52e-4ff8-b837-45864ccd9201",
        "provenance": "topoexport_dxf_2d"
      },
      "geometry": {
        "type": "Polygon",
        "coordinates": [
          [
            [
              284.447807817196,
              412.7277640514076
            ],
            [
              276.85026171657955,
              410.596128385514
            ],
            [
              280.9103107735864,
              396.32873575016856
            ],
            [
              288.5078549668542,
              398.46037093922496
            ],
            [
              284.447807817196,
              412.7277640514076
            ]
          ]
        ]
      }
    },
    {
      "type": "Feature",
      "properties": {
        "sourceLayer": "TPX_BUILDINGS",
        "sourceEntityType": "LWPOLYLINE",
        "sourceHandle": "16F7",
        "contextKind": "building",
        "sourceSceneVersionId": "scv-b67f98b3-a52e-4ff8-b837-45864ccd9201",
        "provenance": "topoexport_dxf_2d"
      },
      "geometry": {
        "type": "Polygon",
        "coordinates": [
          [
            [
              296.20546009991085,
              409.33676378056407
            ],
            [
              289.88895323727047,
              407.51619951054454
            ],
            [
              291.57490637752926,
              401.7474068813026
            ],
            [
              297.8914122864953,
              403.5679711513221
            ],
            [
              296.20546009991085,
              409.33676378056407
            ]
          ]
        ]
      }
    },
    {
      "type": "Feature",
      "properties": {
        "sourceLayer": "TPX_BUILDINGS",
        "sourceEntityType": "LWPOLYLINE",
        "sourceHandle": "16FE",
        "contextKind": "building",
        "sourceSceneVersionId": "scv-b67f98b3-a52e-4ff8-b837-45864ccd9201",
        "provenance": "topoexport_dxf_2d"
      },
      "geometry": {
        "type": "Polygon",
        "coordinates": [
          [
            [
              315.1152153298608,
              401.79752580448985
            ],
            [
              311.01806595776,
              400.83085195347667
            ],
            [
              313.0163598344079,
              392.5086864642799
            ],
            [
              317.1135087296716,
              393.4753603152931
            ],
            [
              315.1152153298608,
              401.79752580448985
            ]
          ]
        ]
      }
    },
    {
      "type": "Feature",
      "properties": {
        "sourceLayer": "TPX_BUILDINGS",
        "sourceEntityType": "LWPOLYLINE",
        "sourceHandle": "1705",
        "contextKind": "building",
        "sourceSceneVersionId": "scv-b67f98b3-a52e-4ff8-b837-45864ccd9201",
        "provenance": "topoexport_dxf_2d"
      },
      "geometry": {
        "type": "Polygon",
        "coordinates": [
          [
            [
              324.3771314904443,
              407.0155281238258
            ],
            [
              318.46883633587277,
              405.6266040019691
            ],
            [
              321.68844988796627,
              392.09890596196055
            ],
            [
              327.6077904984704,
              393.4878429584205
            ],
            [
              324.3771314904443,
              407.0155281238258
            ]
          ]
        ]
      }
    },
    {
      "type": "Feature",
      "properties": {
        "sourceLayer": "TPX_BUILDINGS",
        "sourceEntityType": "LWPOLYLINE",
        "sourceHandle": "170D",
        "contextKind": "building",
        "sourceSceneVersionId": "scv-b67f98b3-a52e-4ff8-b837-45864ccd9201",
        "provenance": "topoexport_dxf_2d"
      },
      "geometry": {
        "type": "Polygon",
        "coordinates": [
          [
            [
              334.01860482268967,
              408.8953184299171
            ],
            [
              330.9597178178374,
              408.02937738224864
            ],
            [
              336.3172012048308,
              389.562560480088
            ],
            [
              338.4505806642119,
              390.1742123775184
            ],
            [
              338.4505806642119,
              393.6277565173805
            ],
            [
              334.01860482268967,
              408.8953184299171
            ]
          ]
        ]
      }
    },
    {
      "type": "Feature",
      "properties": {
        "sourceLayer": "TPX_BUILDINGS",
        "sourceEntityType": "LWPOLYLINE",
        "sourceHandle": "1714",
        "contextKind": "building",
        "sourceSceneVersionId": "scv-b67f98b3-a52e-4ff8-b837-45864ccd9201",
        "provenance": "topoexport_dxf_2d"
      },
      "geometry": {
        "type": "Polygon",
        "coordinates": [
          [
            [
              331.12792828533566,
              405.91804019734263
            ],
            [
              325.3305063531152,
              404.18653861805797
            ],
            [
              328.23609307262814,
              394.6272725276649
            ],
            [
              334.0224671647302,
              396.35876075550914
            ],
            [
              331.12792828533566,
              405.91804019734263
            ]
          ]
        ]
      }
    },
    {
      "type": "Feature",
      "properties": {
        "sourceLayer": "TPX_BUILDINGS",
        "sourceEntityType": "LWPOLYLINE",
        "sourceHandle": "171B",
        "contextKind": "building",
        "sourceSceneVersionId": "scv-b67f98b3-a52e-4ff8-b837-45864ccd9201",
        "provenance": "topoexport_dxf_2d"
      },
      "geometry": {
        "type": "Polygon",
        "coordinates": [
          [
            [
              299.2621631905786,
              412.03786269947886
            ],
            [
              296.24750235531246,
              411.1388067416847
            ],
            [
              298.5986719414941,
              403.3366541080177
            ],
            [
              301.61333229992306,
              404.2357100658119
            ],
            [
              299.2621631905786,
              412.03786269947886
            ]
          ]
        ]
      }
    },
    {
      "type": "Feature",
      "properties": {
        "sourceLayer": "TPX_BUILDINGS",
        "sourceEntityType": "LWPOLYLINE",
        "sourceHandle": "1722",
        "contextKind": "building",
        "sourceSceneVersionId": "scv-b67f98b3-a52e-4ff8-b837-45864ccd9201",
        "provenance": "topoexport_dxf_2d"
      },
      "geometry": {
        "type": "Polygon",
        "coordinates": [
          [
            [
              305.0694346711389,
              414.7753996066749
            ],
            [
              299.44866660091793,
              413.12149135395885
            ],
            [
              302.27678683254635,
              403.6837410144508
            ],
            [
              307.89755442593014,
              405.3376487903297
            ],
            [
              305.0694346711389,
              414.7753996066749
            ]
          ]
        ]
      }
    },
    {
      "type": "Feature",
      "properties": {
        "sourceLayer": "TPX_BUILDINGS",
        "sourceEntityType": "LWPOLYLINE",
        "sourceHandle": "1729",
        "contextKind": "building",
        "sourceSceneVersionId": "scv-b67f98b3-a52e-4ff8-b837-45864ccd9201",
        "provenance": "topoexport_dxf_2d"
      },
      "geometry": {
        "type": "Polygon",
        "coordinates": [
          [
            [
              315.47004797909176,
              419.24300615116954
            ],
            [
              308.2262549683801,
              416.89069263264537
            ],
            [
              311.8516245171777,
              405.86194602772593
            ],
            [
              319.1064625069848,
              408.2142724208534
            ],
            [
              315.47004797909176,
              419.24300615116954
            ]
          ]
        ]
      }
    },
    {
      "type": "Feature",
      "properties": {
        "sourceLayer": "TPX_BUILDINGS",
        "sourceEntityType": "LWPOLYLINE",
        "sourceHandle": "1730",
        "contextKind": "building",
        "sourceSceneVersionId": "scv-b67f98b3-a52e-4ff8-b837-45864ccd9201",
        "provenance": "topoexport_dxf_2d"
      },
      "geometry": {
        "type": "Polygon",
        "coordinates": [
          [
            [
              321.5001449868432,
              424.7977027054876
            ],
            [
              318.0585646912805,
              424.7977027054876
            ],
            [
              321.36723187420284,
              411.40085068903863
            ],
            [
              324.61400320980465,
              412.1896294709295
            ],
            [
              321.5001449868432,
              424.7977027054876
            ]
          ]
        ]
      }
    },
    {
      "type": "Feature",
      "properties": {
        "sourceLayer": "TPX_BUILDINGS",
        "sourceEntityType": "LWPOLYLINE",
        "sourceHandle": "1737",
        "contextKind": "building",
        "sourceSceneVersionId": "scv-b67f98b3-a52e-4ff8-b837-45864ccd9201",
        "provenance": "topoexport_dxf_2d"
      },
      "geometry": {
        "type": "Polygon",
        "coordinates": [
          [
            [
              300.46768858883297,
              420.1095713786781
            ],
            [
              295.90702679607784,
              418.7664689235389
            ],
            [
              297.32661107036984,
              414.0476006679237
            ],
            [
              301.8762254998437,
              415.3906897716224
            ],
            [
              300.46768858883297,
              420.1095713786781
            ]
          ]
        ]
      }
    },
    {
      "type": "Feature",
      "properties": {
        "sourceLayer": "TPX_BUILDINGS",
        "sourceEntityType": "LWPOLYLINE",
        "sourceHandle": "173F",
        "contextKind": "building",
        "sourceSceneVersionId": "scv-b67f98b3-a52e-4ff8-b837-45864ccd9201",
        "provenance": "topoexport_dxf_2d"
      },
      "geometry": {
        "type": "Polygon",
        "coordinates": [
          [
            [
              298.0299225136987,
              424.7977026887238
            ],
            [
              291.0528383538476,
              422.7294987626374
            ],
            [
              292.2949929520837,
              418.5852879472077
            ],
            [
              300.53288939449703,
              421.01617278531194
            ],
            [
              299.40244629833614,
              424.7977026887238
            ],
            [
              298.0299225136987,
              424.7977026887238
            ]
          ]
        ]
      }
    },
    {
      "type": "Feature",
      "properties": {
        "sourceLayer": "TPX_BUILDINGS",
        "sourceEntityType": "LWPOLYLINE",
        "sourceHandle": "1746",
        "contextKind": "building",
        "sourceSceneVersionId": "scv-b67f98b3-a52e-4ff8-b837-45864ccd9201",
        "provenance": "topoexport_dxf_2d"
      },
      "geometry": {
        "type": "Polygon",
        "coordinates": [
          [
            [
              328.278796224331,
              424.7977026589215
            ],
            [
              321.71919348690426,
              424.7977026589215
            ],
            [
              325.2109546944848,
              411.82551895454526
            ],
            [
              331.33989384624874,
              413.4579180367291
            ],
            [
              328.278796224331,
              424.7977026589215
            ]
          ]
        ]
      }
    },
    {
      "type": "Feature",
      "properties": {
        "sourceLayer": "TPX_BUILDINGS",
        "sourceEntityType": "LWPOLYLINE",
        "sourceHandle": "174E",
        "contextKind": "building",
        "sourceSceneVersionId": "scv-b67f98b3-a52e-4ff8-b837-45864ccd9201",
        "provenance": "topoexport_dxf_2d"
      },
      "geometry": {
        "type": "Polygon",
        "coordinates": [
          [
            [
              336.87484811106697,
              424.7977026216686
            ],
            [
              330.14407847682014,
              424.7977026216686
            ],
            [
              333.00664447108284,
              414.5433066599071
            ],
            [
              338.45058081904426,
              416.04225189611316
            ],
            [
              338.45058081904426,
              419.1530493013561
            ],
            [
              336.87484811106697,
              424.7977026216686
            ]
          ]
        ]
      }
    },
    {
      "type": "Feature",
      "properties": {
        "sourceLayer": "TPX_BUILDINGS",
        "sourceEntityType": "LWPOLYLINE",
        "sourceHandle": "1754",
        "contextKind": "building",
        "sourceSceneVersionId": "scv-b67f98b3-a52e-4ff8-b837-45864ccd9201",
        "provenance": "topoexport_dxf_2d"
      },
      "geometry": {
        "type": "Polygon",
        "coordinates": [
          [
            [
              294.0146694466821,
              424.79770278185606
            ],
            [
              292.5960922524682,
              424.79770278185606
            ],
            [
              292.8626814172021,
              424.24621104449034
            ],
            [
              294.0146694466821,
              424.79770278185606
            ]
          ]
        ]
      }
    },
    {
      "type": "Feature",
      "properties": {
        "sourceLayer": "TPX_BUILDINGS",
        "sourceEntityType": "LWPOLYLINE",
        "sourceHandle": "175B",
        "contextKind": "building",
        "sourceSceneVersionId": "scv-b67f98b3-a52e-4ff8-b837-45864ccd9201",
        "provenance": "topoexport_dxf_2d"
      },
      "geometry": {
        "type": "Polygon",
        "coordinates": [
          [
            [
              317.3070845887414,
              424.7977026961744
            ],
            [
              306.3728189751855,
              424.7977026961744
            ],
            [
              307.0270386025659,
              422.08519592508674
            ],
            [
              317.36374094936764,
              424.56279554590583
            ],
            [
              317.3070845887414,
              424.7977026961744
            ]
          ]
        ]
      }
    },
    {
      "type": "Feature",
      "properties": {
        "sourceLayer": "TPX_BUILDINGS",
        "sourceEntityType": "LWPOLYLINE",
        "sourceHandle": "1762",
        "contextKind": "building",
        "sourceSceneVersionId": "scv-b67f98b3-a52e-4ff8-b837-45864ccd9201",
        "provenance": "topoexport_dxf_2d"
      },
      "geometry": {
        "type": "Polygon",
        "coordinates": [
          [
            [
              288.6092353150598,
              424.79770266264677
            ],
            [
              283.6665592477075,
              424.79770266264677
            ],
            [
              284.51330569240963,
              422.6664403602481
            ],
            [
              288.7863474175683,
              424.3519118949771
            ],
            [
              288.6092353150598,
              424.79770266264677
            ]
          ]
        ]
      }
    },
    {
      "type": "Feature",
      "properties": {
        "sourceLayer": "TPX_BUILDINGS",
        "sourceEntityType": "LWPOLYLINE",
        "sourceHandle": "1769",
        "contextKind": "building",
        "sourceSceneVersionId": "scv-b67f98b3-a52e-4ff8-b837-45864ccd9201",
        "provenance": "topoexport_dxf_2d"
      },
      "geometry": {
        "type": "Polygon",
        "coordinates": [
          [
            [
              281.7794499680749,
              424.79770258255303
            ],
            [
              274.47956612560665,
              424.79770258255303
            ],
            [
              276.1980567261926,
              420.2575714904815
            ],
            [
              282.59120705578243,
              422.6530974227935
            ],
            [
              281.7794499680749,
              424.79770258255303
            ]
          ]
        ]
      }
    },
    {
      "type": "Feature",
      "properties": {
        "sourceLayer": "TPX_BUILDINGS",
        "sourceEntityType": "LWPOLYLINE",
        "sourceHandle": "1771",
        "contextKind": "building",
        "sourceSceneVersionId": "scv-b67f98b3-a52e-4ff8-b837-45864ccd9201",
        "provenance": "topoexport_dxf_2d"
      },
      "geometry": {
        "type": "Polygon",
        "coordinates": [
          [
            [
              260.55768111202633,
              424.79770271107554
            ],
            [
              256.0129351899377,
              422.70989887043834
            ],
            [
              258.7373800561181,
              416.8539022617042
            ],
            [
              264.33496191952145,
              419.42536632344127
            ],
            [
              261.83553555462277,
              424.79770271107554
            ],
            [
              260.55768111202633,
              424.79770271107554
            ]
          ]
        ]
      }
    },
    {
      "type": "Feature",
      "properties": {
        "sourceLayer": "TPX_BUILDINGS",
        "sourceEntityType": "LWPOLYLINE",
        "sourceHandle": "1779",
        "contextKind": "building",
        "sourceSceneVersionId": "scv-b67f98b3-a52e-4ff8-b837-45864ccd9201",
        "provenance": "topoexport_dxf_2d"
      },
      "geometry": {
        "type": "Polygon",
        "coordinates": [
          [
            [
              270.41511061642086,
              424.7977028582245
            ],
            [
              264.0258465096704,
              424.7977028582245
            ],
            [
              265.15004256222164,
              421.4162674639374
            ],
            [
              267.33407071087277,
              414.8299856875092
            ],
            [
              273.0981679246179,
              416.71622664667666
            ],
            [
              270.41511061642086,
              424.7977028582245
            ]
          ]
        ]
      }
    },
    {
      "type": "Feature",
      "properties": {
        "sourceLayer": "TPX_BUILDINGS",
        "sourceEntityType": "LWPOLYLINE",
        "sourceHandle": "1780",
        "contextKind": "building",
        "sourceSceneVersionId": "scv-b67f98b3-a52e-4ff8-b837-45864ccd9201",
        "provenance": "topoexport_dxf_2d"
      },
      "geometry": {
        "type": "Polygon",
        "coordinates": [
          [
            [
              283.12307646725094,
              421.2828892879188
            ],
            [
              276.60818961117184,
              419.07515613362193
            ],
            [
              278.137899903988,
              414.6438535861671
            ],
            [
              284.65277245495236,
              416.86264173313975
            ],
            [
              283.12307646725094,
              421.2828892879188
            ]
          ]
        ]
      }
    },
    {
      "type": "Feature",
      "properties": {
        "sourceLayer": "TPX_BUILDINGS",
        "sourceEntityType": "LWPOLYLINE",
        "sourceHandle": "1787",
        "contextKind": "building",
        "sourceSceneVersionId": "scv-b67f98b3-a52e-4ff8-b837-45864ccd9201",
        "provenance": "topoexport_dxf_2d"
      },
      "geometry": {
        "type": "Polygon",
        "coordinates": [
          [
            [
              235.77382901165402,
              424.1119136027992
            ],
            [
              230.14383175823605,
              420.9323729686439
            ],
            [
              232.60129073116696,
              416.64589397236705
            ],
            [
              238.23128750774777,
              419.82543412968516
            ],
            [
              235.77382901165402,
              424.1119136027992
            ]
          ]
        ]
      }
    },
    {
      "type": "Feature",
      "properties": {
        "sourceLayer": "TPX_BUILDINGS",
        "sourceEntityType": "LWPOLYLINE",
        "sourceHandle": "178E",
        "contextKind": "building",
        "sourceSceneVersionId": "scv-b67f98b3-a52e-4ff8-b837-45864ccd9201",
        "provenance": "topoexport_dxf_2d"
      },
      "geometry": {
        "type": "Polygon",
        "coordinates": [
          [
            [
              221.50583603832638,
              420.5351518802345
            ],
            [
              217.04659750912106,
              417.51177732273936
            ],
            [
              218.5405254647485,
              415.3025230579078
            ],
            [
              222.9997506425134,
              418.3369526080787
            ],
            [
              221.50583603832638,
              420.5351518802345
            ]
          ]
        ]
      }
    },
    {
      "type": "Feature",
      "properties": {
        "sourceLayer": "TPX_BUILDINGS",
        "sourceEntityType": "LWPOLYLINE",
        "sourceHandle": "1797",
        "contextKind": "building",
        "sourceSceneVersionId": "scv-b67f98b3-a52e-4ff8-b837-45864ccd9201",
        "provenance": "topoexport_dxf_2d"
      },
      "geometry": {
        "type": "Polygon",
        "coordinates": [
          [
            [
              225.1864018723718,
              418.8259848766029
            ],
            [
              221.92944052669918,
              417.31860153004527
            ],
            [
              223.0811863229028,
              414.8878359012306
            ],
            [
              229.7386627480737,
              417.9469942264259
            ],
            [
              227.46823218319332,
              422.8748959712684
            ],
            [
              224.04563668224728,
              421.31203977391124
            ],
            [
              225.1864018723718,
              418.8259848766029
            ]
          ]
        ]
      }
    },
    {
      "type": "Feature",
      "properties": {
        "sourceLayer": "TPX_BUILDINGS",
        "sourceEntityType": "LWPOLYLINE",
        "sourceHandle": "179E",
        "contextKind": "building",
        "sourceSceneVersionId": "scv-b67f98b3-a52e-4ff8-b837-45864ccd9201",
        "provenance": "topoexport_dxf_2d"
      },
      "geometry": {
        "type": "Polygon",
        "coordinates": [
          [
            [
              211.09061243984615,
              419.06345979496837
            ],
            [
              204.98512509319698,
              416.2923912219703
            ],
            [
              206.17023566219723,
              413.6737279109657
            ],
            [
              212.27573588344967,
              416.4337410144508
            ],
            [
              211.09061243984615,
              419.06345979496837
            ]
          ]
        ]
      }
    },
    {
      "type": "Feature",
      "properties": {
        "sourceLayer": "TPX_BUILDINGS",
        "sourceEntityType": "LWPOLYLINE",
        "sourceHandle": "17A4",
        "contextKind": "building",
        "sourceSceneVersionId": "scv-b67f98b3-a52e-4ff8-b837-45864ccd9201",
        "provenance": "topoexport_dxf_2d"
      },
      "geometry": {
        "type": "Polygon",
        "coordinates": [
          [
            [
              246.7617135331384,
              424.79770262911916
            ],
            [
              242.16211846325314,
              424.79770262911916
            ],
            [
              242.9111571595422,
              423.1033385582268
            ],
            [
              246.7617135331384,
              424.79770262911916
            ]
          ]
        ]
      }
    },
    {
      "type": "Feature",
      "properties": {
        "sourceLayer": "TPX_BUILDINGS",
        "sourceEntityType": "LWPOLYLINE",
        "sourceHandle": "17AA",
        "contextKind": "building",
        "sourceSceneVersionId": "scv-b67f98b3-a52e-4ff8-b837-45864ccd9201",
        "provenance": "topoexport_dxf_2d"
      },
      "geometry": {
        "type": "Polygon",
        "coordinates": [
          [
            [
              338.4505805008812,
              424.7977027669549
            ],
            [
              338.088004016201,
              424.7977027669549
            ],
            [
              338.4505805008812,
              423.52682683616877
            ],
            [
              338.4505805008812,
              424.7977027669549
            ]
          ]
        ]
      }
    }
  ]
}
